Video_ID,label,similarity,WER,correct_words_#,mfcc_prediction,mfcc_probability,mfcc_svm_decision_score,,,,
0_00000.mp4,0,8.146639511,100,0,1,0.713174803,0.782946308,,,,
0_00001.mp4,0,76.97368421,42.10526316,23,0,0.968594686,-3.215874098,,,,
0_00002.mp4,0,70.625,58.82352941,15,0,0.811472905,-1.41278326,,,,
0_00003.mp4,0,74.18397626,45.94594595,20,1,0.553676548,0.140832542,,,,
0_00004.mp4,0,58.82352941,81.25,5,1,0.794504571,1.190281679,,,,
0_00005.mp4,0,54.67625899,70.58823529,6,0,0.537585662,-0.203924433,,,,
0_00006.mp4,0,65.75342466,58.06451613,15,0,0.988458772,-4.175988958,,,,
0_00007.mp4,0,70.24390244,68.18181818,9,1,0.805324949,1.230501338,,,,
0_00008.mp4,0,66.66666667,66.66666667,9,1,0.709277471,0.749206008,,,,
0_00009.mp4,0,13.61058601,59.64912281,26,1,0.735673457,0.867139134,,,,
0_00010.mp4,0,79.53216374,38.88888889,11,0,0.965810819,-3.137661912,,,,
0_00011.mp4,0,65.27196653,70,11,1,0.58791326,0.268184784,,,,
0_00012.mp4,0,8.695652174,100,0,0,0.999082845,-6.509385432,,,,
0_00013.mp4,0,23.72881356,137.5,0,0,0.551934848,-0.257358479,,,,
0_00014.mp4,0,59.78647687,44.44444444,15,0,0.636284507,-0.57545243,,,,
0_00015.mp4,0,67.83625731,63.15789474,8,0,0.512871632,-0.111084586,,,,
0_00016.mp4,0,70.27027027,55.17241379,15,0,0.919001624,-2.302293468,,,,
0_00017.mp4,0,62.5,69.56521739,9,0,0.634499631,-0.585761297,,,,
0_00018.mp4,0,31.39534884,118.75,3,1,0.877306269,1.732162634,,,,
0_00019.mp4,0,10.57934509,96.77419355,2,0,0.715771925,-0.91042611,,,,
0_00020.mp4,0,23.2,26.66666667,34,1,0.673918855,0.618164431,,,,
0_00021.mp4,0,34.64566929,100,0,1,0.528765932,0.048449026,,,,
0_00022.mp4,0,22.37762238,100,1,0,0.533953673,-0.188201662,,,,
0_00023.mp4,0,61.8556701,66.66666667,10,0,0.636765429,-0.583076498,,,,
0_00024.mp4,0,71.875,53.84615385,16,1,0.850171587,1.520347663,,,,
0_00025.mp4,0,84.98402556,30.55555556,26,1,0.76040513,0.998583297,,,,
0_00026.mp4,0,81.25,35,15,0,0.696353896,-0.82403336,,,,
0_00027.mp4,0,61.53846154,56.52173913,12,0,0.915871684,-2.264229467,,,,
0_00028.mp4,0,63.22580645,86.66666667,6,0,0.523193467,-0.143572145,,,,
0_00029.mp4,0,80,42.85714286,8,0,0.870007143,-1.807161525,,,,
0_00030.mp4,0,41.02564103,94.73684211,1,0,0.832171832,-1.535842851,,,,
0_00031.mp4,0,74.3902439,52.63157895,10,0,0.843360107,-1.599305759,,,,
0_00032.mp4,0,89.0625,29.62962963,19,0,0.925493097,-2.361667978,,,,
0_00033.mp4,0,26.21564482,43.39622642,32,0,0.710516257,-0.886709835,,,,
0_00034.mp4,0,64.86486486,59.09090909,9,0,0.524091656,-0.141117517,,,,
0_00035.mp4,0,86.04651163,64.28571429,8,1,0.576359995,0.208877999,,,,
0_00036.mp4,0,20.87378641,46.15384615,25,0,0.919094038,-2.303827457,,,,
0_00037.mp4,0,74.59459459,57.89473684,8,0,0.523101773,-0.14845804,,,,
0_00038.mp4,0,74.71264368,52.63157895,9,0,0.683977446,-0.764910116,,,,
0_00039.mp4,0,87.32394366,33.33333333,12,1,0.810087418,1.258890433,,,,
0_00040.mp4,0,83.24022346,39.39393939,20,0,0.600637805,-0.436958043,,,,
0_00041.mp4,0,69.62962963,72.72727273,9,0,0.751213468,-1.077978862,,,,
0_00042.mp4,0,86.45833333,21.05263158,15,0,0.937653994,-2.536070994,,,,
0_00043.mp4,0,9.090909091,160,0,1,0.743918994,0.908379786,,,,
0_00044.mp4,0,60.57142857,82.35294118,4,1,0.820499748,1.321381585,,,,
0_00045.mp4,0,76.11336032,42.30769231,15,0,0.617858993,-0.511868859,,,,
0_00046.mp4,0,77.47747748,53.84615385,8,0,0.848306319,-1.646873949,,,,
0_00047.mp4,0,74.79674797,75,5,0,0.660624485,-0.685067444,,,,
0_00048.mp4,0,1.181102362,41.50943396,34,1,0.606111391,0.335795799,,,,
0_00049.mp4,0,4.735883424,8.196721311,56,1,0.521197806,0.013008019,,,,
0_00050.mp4,0,62.55506608,68,10,1,0.519748183,0.020892018,,,,
0_00051.mp4,0,22.53521127,100,0,0,0.578395319,-0.344912317,,,,
0_00052.mp4,0,28.57142857,100,0,0,0.68407454,-0.776717967,,,,
0_00053.mp4,0,71.89542484,45.71428571,21,0,0.719292841,-0.922207223,,,,
0_00054.mp4,0,82.60869565,31.25,11,1,0.720784637,0.79806034,,,,
0_00055.mp4,0,71.17647059,45,22,1,0.631980793,0.43722846,,,,
0_00056.mp4,0,69.46778711,58.97435897,16,0,0.985284226,-3.946075537,,,,
0_00057.mp4,0,24.56140351,93.33333333,1,1,0.669167234,0.578260601,,,,
0_00058.mp4,0,49.45454545,78.57142857,8,0,0.884796953,-1.939758492,,,,
0_00059.mp4,0,49.16201117,100,5,0,0.922035983,-2.316894127,,,,
0_00060.mp4,0,58.73605948,87.5,4,0,0.750797347,-1.080957541,,,,
0_00061.mp4,0,51.53374233,86.66666667,4,0,0.709101253,-0.880368463,,,,
0_00062.mp4,0,54.38596491,111.1111111,3,1,0.69037964,0.682367961,,,,
0_00063.mp4,0,60.49382716,72.22222222,5,1,0.746107484,0.943121535,,,,
0_00064.mp4,0,89.77272727,33.33333333,8,0,0.897342116,-2.053676764,,,,
0_00065.mp4,0,58.94736842,62.16216216,14,1,0.539901211,0.082109565,,,,
0_00066.mp4,0,85.46255507,31.81818182,16,0,0.6782421,-0.75198186,,,,
0_00067.mp4,0,6.995230525,27.27272727,48,0,0.603149498,-0.446858418,,,,
0_00068.mp4,0,74.05063291,51.42857143,23,1,0.848765682,1.522867615,,,,
0_00069.mp4,0,91.28630705,16,24,0,0.677915267,-0.744842706,,,,
0_00070.mp4,0,66.24203822,55.55555556,9,0,0.973465011,-3.370731063,,,,
0_00071.mp4,0,62.98342541,64.70588235,8,0,0.614637729,-0.505066414,,,,
0_00072.mp4,0,72.04968944,71.42857143,7,1,0.768262491,1.027701053,,,,
0_00073.mp4,0,39.88269795,81.57894737,7,0,0.631904116,-0.57505726,,,,
0_00074.mp4,0,36.66666667,130,0,1,0.606923671,0.330668,,,,
0_00075.mp4,0,62.44725738,64.51612903,11,0,0.766813542,-1.149687393,,,,
0_00076.mp4,0,78.43137255,50,7,0,0.518010499,-0.129849954,,,,
0_00077.mp4,0,40.95238095,123.5294118,2,0,0.508508395,-0.08928238,,,,
0_00078.mp4,0,31.1827957,120,2,0,0.809321503,-1.399927661,,,,
0_00079.mp4,0,20.84942085,75,7,0,0.562419241,-0.296696059,,,,
0_00080.mp4,0,17.42738589,77.14285714,17,0,0.672506649,-0.748801526,,,,
0_00081.mp4,0,19.81981982,103.125,1,0,0.707512047,-0.878746039,,,,
0_00082.mp4,0,54.88372093,80,7,1,0.927881651,2.263962611,,,,
0_00083.mp4,0,15.11335013,75.67567568,13,0,0.557251939,-0.270469895,,,,
0_00084.mp4,0,66.66666667,62.5,12,0,0.580451153,-0.361164706,,,,
0_00085.mp4,0,70,38.0952381,13,0,0.98699579,-4.064125455,,,,
0_00086.mp4,0,50.76142132,80.76923077,5,0,0.7329748,-0.98432346,,,,
0_00087.mp4,0,73.39449541,60,4,1,0.663780764,0.570020979,,,,
0_00088.mp4,0,87.17948718,26.66666667,23,0,0.836195176,-1.569397047,,,,
0_00089.mp4,0,57.14285714,22.91666667,37,1,0.541052673,0.085876095,,,,
0_00090.mp4,0,69.93865031,51.35135135,18,0,0.780576293,-1.221385945,,,,
0_00091.mp4,0,70.61994609,67.5,15,1,0.543344662,0.102474092,,,,
0_00092.mp4,0,72.60273973,33.33333333,10,1,0.714124114,0.770746486,,,,
0_00093.mp4,0,20.96774194,100,0,1,0.726312899,0.825912005,,,,
0_00094.mp4,0,54.54545455,109.0909091,5,0,0.753445487,-1.098286858,,,,
0_00095.mp4,0,62.58992806,75,8,0,0.968259014,-3.236019825,,,,
0_00096.mp4,0,56.35359116,86.66666667,6,0,0.904093624,-2.132557968,,,,
0_00097.mp4,0,79.55801105,37.5,10,0,0.994200323,-4.800874016,,,,
0_00098.mp4,0,43.38624339,94.44444444,3,0,0.759411561,-1.112344505,,,,
0_00099.mp4,0,77.41935484,48.14814815,14,0,0.747584239,-1.054266554,,,,
0_00100.mp4,0,55.55555556,80,4,0,0.769657008,-1.171471846,,,,
0_00101.mp4,0,70,54.54545455,11,0,0.924282026,-2.362005397,,,,
0_00102.mp4,0,71.78082192,40.54054054,23,0,0.711205036,-0.884129733,,,,
0_00103.mp4,0,83.67346939,47.61904762,13,1,0.540829294,0.093144193,,,,
0_00104.mp4,0,45.39007092,88.23529412,2,0,0.797138167,-1.321132737,,,,
0_00105.mp4,0,78.85714286,44.44444444,10,0,0.637440324,-0.585994742,,,,
0_00106.mp4,0,73.68421053,57.14285714,4,0,0.693767496,-0.807084318,,,,
0_00107.mp4,0,90.35087719,30.43478261,17,0,0.995903989,-5.127699184,,,,
0_00108.mp4,0,25.74257426,137.5,0,1,0.77584644,1.088207713,,,,
0_00109.mp4,0,62.16216216,55.55555556,5,0,0.650383466,-0.639952095,,,,
0_00110.mp4,0,96.4028777,7.407407407,25,0,0.548965971,-0.23939858,,,,
0_00111.mp4,0,67.17557252,63.63636364,6,0,0.645079839,-0.629930656,,,,
0_00112.mp4,0,45.04504505,84.61538462,4,1,0.544295405,0.090324327,,,,
0_00113.mp4,0,77.54010695,47.22222222,22,0,0.931380066,-2.465392439,,,,
0_00114.mp4,0,87.09677419,22.85714286,28,0,0.870392552,-1.821194038,,,,
0_00115.mp4,0,41.7989418,77.55102041,11,0,0.614572798,-0.498662443,,,,
0_00116.mp4,0,86.66666667,25,19,0,0.600500154,-0.436416464,,,,
0_00117.mp4,0,75.94936709,43.47826087,14,0,0.672596295,-0.749201118,,,,
0_00118.mp4,0,83.95904437,30.55555556,25,0,0.547590858,-0.228490045,,,,
0_00119.mp4,0,72.28915663,47.05882353,9,0,0.651171412,-0.644126615,,,,
0_00120.mp4,0,13.95348837,71.69811321,21,0,0.670413068,-0.728300498,,,,
0_00121.mp4,0,32,80,4,0,0.880419744,-1.903977782,,,,
0_00122.mp4,0,25.90673575,95.23809524,3,0,0.831397944,-1.537611877,,,,
0_00123.mp4,0,84.58781362,35.48387097,22,1,0.527942758,0.051209471,,,,
0_00124.mp4,0,6.940063091,124.2424242,5,0,0.964568183,-3.136251862,,,,
0_00125.mp4,0,52.85714286,70,11,1,0.683119881,0.636373887,,,,
0_00126.mp4,0,30.84577114,66.66666667,8,1,0.855552693,1.572375914,,,,
0_00127.mp4,0,82.97213622,35.29411765,23,0,0.751060895,-1.071145507,,,,
0_00128.mp4,0,4.971319312,31.37254902,41,0,0.891250227,-2.004032972,,,,
0_00129.mp4,0,63.42710997,53.19148936,23,0,0.760887119,-1.119724911,,,,
0_00130.mp4,0,82.10526316,35.8974359,27,0,0.870511322,-1.822161068,,,,
0_00131.mp4,0,64.64646465,58.33333333,11,0,0.740159927,-1.033765791,,,,
0_00132.mp4,0,56.88073394,70,9,0,0.978726267,-3.605758858,,,,
0_00133.mp4,0,87.17948718,28.57142857,20,0,0.906577253,-2.150160187,,,,
0_00134.mp4,0,73.29842932,50,12,0,0.650969302,-0.643259697,,,,
0_00135.mp4,0,26.71232877,144.4444444,4,0,0.984659684,-3.911661515,,,,
0_00136.mp4,0,75.8974359,55.55555556,8,0,0.612439813,-0.478062201,,,,
0_00137.mp4,0,40.99722992,90.24390244,4,0,0.512375399,-0.110736377,,,,
0_00138.mp4,0,81.18811881,52.17391304,11,0,0.776761209,-1.21361278,,,,
0_00139.mp4,0,91.95402299,25,6,0,0.85323528,-1.669305443,,,,
0_00140.mp4,0,57.26141079,67.74193548,11,0,0.732109016,-0.985903463,,,,
0_00141.mp4,0,78.46889952,45.45454545,13,0,0.777235138,-1.20576931,,,,
0_00142.mp4,0,16.4021164,130,0,1,0.642228704,0.451326112,,,,
0_00143.mp4,0,75.90361446,47.05882353,9,1,0.524559597,0.038688786,,,,
0_00144.mp4,0,53.27102804,95.83333333,2,0,0.789465586,-1.272317268,,,,
0_00145.mp4,0,26.08695652,115.3846154,0,1,0.803138463,1.239820531,,,,
0_00146.mp4,0,80.86642599,34.48275862,19,0,0.712875057,-0.897321851,,,,
0_00147.mp4,0,78.83211679,46.15384615,7,1,0.649085958,0.515741245,,,,
0_00148.mp4,0,56.09756098,81.25,6,1,0.859696182,1.590711554,,,,
0_00149.mp4,0,70.66666667,62.5,6,0,0.640448828,-0.592886404,,,,
0_00150.mp4,0,96.16368286,11.76470588,30,0,0.524103476,-0.146941141,,,,
0_00151.mp4,0,75.05938242,35.41666667,31,0,0.594834538,-0.420699073,,,,
0_00152.mp4,0,71.4893617,50,12,0,0.72887752,-0.97601524,,,,
0_00153.mp4,0,28.40236686,100,0,0,0.760929096,-1.119935327,,,,
0_00154.mp4,0,40.19138756,57.77777778,22,0,0.657372766,-0.67089646,,,,
0_00155.mp4,0,84.3373494,37.5,5,0,0.916252424,-2.26929061,,,,
0_00156.mp4,0,69.27710843,68.57142857,12,1,0.750070285,0.962531669,,,,
0_00157.mp4,0,63.0806846,72.22222222,12,0,0.548587314,-0.232215657,,,,
0_00158.mp4,0,88.97338403,23.07692308,20,1,0.640414107,0.44471901,,,,
0_00159.mp4,0,85.39325843,35,13,1,0.821853844,1.359106644,,,,
0_00160.mp4,0,68.96551724,60,16,0,0.945151063,-2.719777817,,,,
0_00161.mp4,0,77.01863354,45.94594595,24,0,0.882655843,-1.904235812,,,,
0_00162.mp4,0,7.843137255,83.33333333,18,0,0.703742105,-0.867014833,,,,
0_00163.mp4,0,44.7257384,71.42857143,8,1,0.550164562,0.127787648,,,,
0_00164.mp4,0,61.87845304,50,8,1,0.613265107,0.354112856,,,,
0_00165.mp4,0,86.38497653,35,13,0,0.81683452,-1.427499796,,,,
0_00166.mp4,0,11.86440678,102.7777778,0,0,0.538153069,-0.213107869,,,,
0_00167.mp4,0,53.90279823,32.89473684,53,1,0.747364354,0.933852013,,,,
0_00168.mp4,0,59.49367089,68.75,7,0,0.799411559,-1.342096803,,,,
0_00169.mp4,0,90.4109589,18.42105263,31,0,0.693402702,-0.80549961,,,,
0_00170.mp4,0,100,0,7,0,0.800588516,-1.345406028,,,,
0_00171.mp4,0,78.26086957,46.66666667,9,1,0.840983203,1.45407842,,,,
0_00172.mp4,0,41.11111111,100,0,1,0.674975464,0.616718059,,,,
0_00173.mp4,0,92.68292683,10.34482759,27,0,0.771417511,-1.17333136,,,,
0_00174.mp4,0,65.08226691,25,45,0,0.729121,-0.981769248,,,,
0_00175.mp4,0,38.65546218,91.66666667,1,1,0.732394684,0.871515019,,,,
0_00176.mp4,0,86.71328671,35.71428571,9,0,0.917830022,-2.26480972,,,,
0_00177.mp4,0,95.48387097,17.64705882,15,0,0.854564614,-1.679022618,,,,
0_00178.mp4,0,50.54945055,77.41935484,8,0,0.517528677,-0.008260075,,,,
0_00179.mp4,0,26.94300518,121.0526316,2,0,0.5,-0.046848653,,,,
0_00180.mp4,0,75,52.17391304,12,0,0.958526767,-2.987514064,,,,
0_00181.mp4,0,62.88659794,70,8,0,0.841666157,-1.60395344,,,,
0_00182.mp4,0,59.45945946,75,5,0,0.866996817,-1.791838313,,,,
0_00183.mp4,0,74.31693989,64.70588235,10,0,0.866174411,-1.78732845,,,,
0_00184.mp4,0,79.06976744,46.15384615,16,1,0.53792883,0.074434048,,,,
0_00185.mp4,0,72.36180905,55,9,0,0.923407667,-2.334436852,,,,
0_00186.mp4,0,76.6798419,48.14814815,15,0,0.729551247,-0.968239478,,,,
0_00187.mp4,0,61.04417671,50,16,0,0.767080319,-1.158107418,,,,
0_00188.mp4,0,73.29192547,55,9,0,0.927262958,-2.409623963,,,,
0_00189.mp4,0,28.43601896,122.7272727,0,0,0.58527918,-0.377126715,,,,
0_00190.mp4,0,44.20600858,38.63636364,33,0,0.810890394,-1.406040149,,,,
0_00191.mp4,0,31.39784946,57.77777778,23,0,0.613042522,-0.498700213,,,,
0_00192.mp4,0,80,38.88888889,11,0,0.752718016,-1.094694908,,,,
0_00193.mp4,0,16.26794258,100,0,0,0.650377216,-0.635012859,,,,
0_00194.mp4,0,81.04575163,40,9,0,0.602922668,-0.45237943,,,,
0_00195.mp4,0,85.20710059,41.17647059,11,1,0.67102493,0.591432866,,,,
0_00196.mp4,0,82.35294118,40,12,0,0.772559167,-1.179246042,,,,
0_00197.mp4,0,61.99261993,34.61538462,36,1,0.648360759,0.512803187,,,,
0_00198.mp4,0,23.52941176,100,0,1,0.674823358,0.607328833,,,,
0_00199.mp4,0,75.82417582,66.66666667,9,1,0.61590982,0.372091396,,,,
0_00200.mp4,0,16.94915254,79.48717949,18,0,0.880681113,-1.886974626,,,,
0_00201.mp4,0,69.62025316,64.70588235,6,1,0.643764647,0.456914048,,,,
0_00202.mp4,0,46.34920635,85.29411765,8,0,0.959350182,-2.977829148,,,,
0_00203.mp4,0,59.64912281,82.35294118,5,1,0.601142587,0.306555804,,,,
0_00204.mp4,0,63.15789474,67.5,13,1,0.52577921,0.029917284,,,,
0_00205.mp4,0,56.17977528,72.4137931,9,0,0.636446224,-0.587962636,,,,
0_00206.mp4,0,12.80788177,100,0,0,0.621273694,-0.52008345,,,,
0_00207.mp4,0,52.71317829,93.33333333,1,1,0.600141319,0.296844302,,,,
0_00208.mp4,0,81.57894737,41.17647059,11,0,0.984213632,-3.881095816,,,,
0_00209.mp4,0,67.65799257,76.92307692,14,1,0.876996166,1.760117879,,,,
0_00210.mp4,0,51.02040816,78.94736842,8,0,0.570319013,-0.319853895,,,,
0_00211.mp4,0,56.15763547,94.11764706,6,0,0.752825133,-1.079771016,,,,
0_00212.mp4,0,80.62015504,39.39393939,20,1,0.850684123,1.553490057,,,,
0_00213.mp4,0,51.76470588,93.75,6,0,0.990669864,-4.364108476,,,,
0_00214.mp4,0,71.35678392,45,11,0,0.99222341,-4.535611564,,,,
0_00215.mp4,0,91.52542373,22.72727273,18,1,0.64568177,0.483137612,,,,
0_00216.mp4,0,49.28909953,72.72727273,7,0,0.537848856,-0.202502977,,,,
0_00217.mp4,0,42.97520661,83.33333333,3,0,0.540253741,-0.211344165,,,,
0_00218.mp4,0,12.65822785,376.9230769,1,0,0.849686075,-1.643713482,,,,
0_00219.mp4,0,71.83098592,78.57142857,4,1,0.848201425,1.535610278,,,,
0_00220.mp4,0,37.15170279,100,0,0,0.731204309,-0.98688975,,,,
0_00221.mp4,0,88.06584362,25.92592593,20,0,0.650897746,-0.642952851,,,,
0_00222.mp4,0,92.8,11.11111111,24,0,0.795189403,-1.310047882,,,,
0_00223.mp4,0,36.36363636,85,3,0,0.51199773,-0.020349263,,,,
0_00224.mp4,0,80.76923077,70.58823529,11,1,0.537680988,0.081471674,,,,
0_00225.mp4,0,71.14624506,48.14814815,17,0,0.968781279,-3.248447493,,,,
0_00226.mp4,0,79.45205479,42.42424242,19,0,0.989659584,-4.23270637,,,,
0_00227.mp4,0,32.72727273,240,2,0,0.986438358,-4.021624672,,,,
0_00228.mp4,0,85.38461538,31.25,22,1,0.617723638,0.378798635,,,,
0_00229.mp4,0,60,76.19047619,6,1,0.69977859,0.729210608,,,,
0_00230.mp4,0,66.02870813,60,10,1,0.594079681,0.291115491,,,,
0_00231.mp4,0,34.27331887,83.05084746,13,0,0.647635504,-0.64073376,,,,
0_00232.mp4,0,71.55172414,65.2173913,10,1,0.842183079,1.476564448,,,,
0_00233.mp4,0,80.55555556,31.25,12,0,0.690723,-0.796857881,,,,
0_00234.mp4,0,84.57711443,50,14,0,0.735162373,-1.005526034,,,,
0_00235.mp4,0,78.0141844,44,29,0,0.567290594,-0.302604445,,,,
0_00236.mp4,0,69.50819672,50,19,1,0.581245825,0.235447342,,,,
0_00237.mp4,0,69.79865772,53.84615385,12,1,0.744928983,0.931453482,,,,
0_00238.mp4,0,31.65467626,100,0,1,0.73109429,0.845639095,,,,
0_00239.mp4,0,79.06976744,40.74074074,16,0,0.83294636,-1.540971603,,,,
0_00240.mp4,0,74.32432432,56.25,8,0,0.757215228,-1.107866776,,,,
0_00241.mp4,0,25.97402597,100,0,0,0.634435842,-0.579611205,,,,
0_00242.mp4,0,29.62962963,144.4444444,0,1,0.594090317,0.291155027,,,,
0_00243.mp4,0,87.25212465,32.25806452,25,1,0.526599637,0.02510685,,,,
0_00244.mp4,0,86.89138577,29.03225806,22,1,0.734974201,0.863840753,,,,
0_00245.mp4,0,43.88185654,67.85714286,10,0,0.802297092,-1.350866587,,,,
0_00246.mp4,0,76.8115942,62.5,8,0,0.515206044,-0.009092421,,,,
0_00247.mp4,0,56.74418605,79.16666667,10,1,0.791220296,1.150431496,,,,
0_00248.mp4,0,85.86387435,28.57142857,15,1,0.580330861,0.239973224,,,,
0_00249.mp4,0,33.55704698,81.25,3,0,0.96873875,-3.252514718,,,,
0_00250.mp4,0,69.45606695,53.57142857,13,0,0.912454969,-2.216119636,,,,
0_00251.mp4,0,2.146690519,46.2962963,35,1,0.651421692,0.510811211,,,,
0_00252.mp4,0,81.15942029,34.48275862,19,0,0.926265173,-2.388487081,,,,
0_00253.mp4,0,70.64676617,42.30769231,15,0,0.851405483,-1.669294894,,,,
0_00254.mp4,0,85.71428571,23.07692308,13,0,0.886901834,-1.942221098,,,,
0_00255.mp4,0,63.92694064,80,8,1,0.970314079,3.115186541,,,,
0_00256.mp4,0,68.60465116,73.33333333,5,0,0.852529626,-1.681234335,,,,
0_00257.mp4,0,86.12440191,23.80952381,17,0,0.87073631,-1.803614307,,,,
0_00258.mp4,0,28.57142857,91.66666667,2,0,0.871382975,-1.823983661,,,,
0_00259.mp4,0,96.96969697,12.5,14,0,0.953751154,-2.880761083,,,,
0_00260.mp4,0,20.21978022,44.64285714,31,0,0.792339487,-1.302125199,,,,
0_00261.mp4,0,45.37037037,70,7,0,0.857872238,-1.711797918,,,,
0_00262.mp4,0,12.17105263,63.79310345,24,0,0.687849026,-0.798063357,,,,
0_00263.mp4,0,61.2244898,71.42857143,5,0,0.50512795,-0.033132259,,,,
0_00264.mp4,0,56.55172414,68.75,5,0,0.962649029,-3.056066939,,,,
0_00265.mp4,0,54.65838509,71.42857143,6,1,0.530934284,0.06228581,,,,
0_00266.mp4,0,71.2962963,50,11,0,0.717218639,-0.912860052,,,,
0_00267.mp4,0,75.36231884,41.66666667,15,0,0.509269716,-0.106706214,,,,
0_00268.mp4,0,86.61417323,24,20,0,0.815873566,-1.43202903,,,,
0_00269.mp4,0,79.63800905,45,13,0,0.749958071,-1.076830508,,,,
0_00270.mp4,0,25.13368984,97.61904762,1,1,0.563561795,0.168470791,,,,
0_00271.mp4,0,78.14569536,44.11764706,20,0,0.703821202,-0.862378388,,,,
0_00272.mp4,0,80.88235294,35,26,0,0.660591029,-0.69081285,,,,
0_00273.mp4,0,74.51923077,25.64102564,30,1,0.652347492,0.52898974,,,,
0_00274.mp4,0,43.37349398,73.33333333,4,1,0.782238921,1.112604757,,,,
0_00275.mp4,0,85.8490566,30,16,0,0.765927633,-1.145175215,,,,
0_00276.mp4,0,48.0620155,76.92307692,3,0,0.906315231,-2.152800283,,,,
0_00277.mp4,0,75.29411765,44.44444444,12,0,0.874951998,-1.857058639,,,,
0_00278.mp4,0,79.06976744,42.85714286,9,0,0.513020696,-0.024829447,,,,
0_00279.mp4,0,88.45208845,20.93023256,34,0,0.5,-0.057286075,,,,
0_00280.mp4,0,48.52941176,92.30769231,3,1,0.564995586,0.175114248,,,,
0_00281.mp4,0,88.19875776,46.15384615,8,1,0.64027108,0.453378176,,,,
0_00282.mp4,0,30,115.3846154,0,0,0.505749578,-0.030836361,,,,
0_00283.mp4,0,44.70588235,89.47368421,2,1,0.535069309,0.056299843,,,,
0_00284.mp4,0,1.694915254,106.122449,3,1,0.615024979,0.374671644,,,,
0_00285.mp4,0,61.56787763,32,38,1,0.608077405,0.343086058,,,,
0_00286.mp4,0,19.90049751,68.29268293,17,1,0.796678448,1.208580296,,,,
0_00287.mp4,0,12.28501229,43.24324324,25,0,0.64388501,-0.619137834,,,,
0_00288.mp4,0,85.58139535,31.81818182,15,1,0.797728055,1.18700516,,,,
0_00289.mp4,0,54.18569254,14.0625,57,0,0.718719948,-0.918176068,,,,
0_00290.mp4,0,30.43478261,100,0,1,0.591630596,0.28201008,,,,
0_00291.mp4,0,64.19753086,73.68421053,8,1,0.634012341,0.444695247,,,,
0_00292.mp4,0,21.53846154,181.8181818,1,0,0.553551892,-0.2508105,,,,
0_00293.mp4,0,47.6635514,74.07407407,7,0,0.860526839,-1.737609345,,,,
0_00294.mp4,0,70.74829932,67.85714286,11,1,0.656461211,0.531322892,,,,
0_00295.mp4,0,68.59504132,61.29032258,12,0,0.71399092,-0.902360132,,,,
0_00296.mp4,0,53.21888412,69.23076923,8,0,0.853044063,-1.685008665,,,,
0_00297.mp4,0,31.03448276,146.1538462,1,1,0.756159482,0.992760275,,,,
0_00298.mp4,0,38.51851852,88.23529412,2,0,0.75161878,-1.079981891,,,,
0_00299.mp4,0,64.80446927,76.19047619,6,1,0.622880035,0.38059692,,,,
0_00300.mp4,0,79.50310559,50,8,0,0.995908906,-5.128808378,,,,
0_00301.mp4,0,18.00643087,144.8275862,8,0,0.982341714,-3.777364921,,,,
0_00302.mp4,0,72.4137931,58.33333333,10,1,0.538051802,0.06729358,,,,
0_00303.mp4,0,93.77593361,14.28571429,24,0,0.627452705,-0.556814747,,,,
0_00304.mp4,0,8.995502249,99.23664122,1,1,0.578268692,0.238133337,,,,
0_00305.mp4,0,75.94936709,56.25,7,1,0.56316603,0.176107393,,,,
0_00306.mp4,0,30.72100313,129.4117647,2,0,0.957935768,-2.969838713,,,,
0_00307.mp4,0,83.21167883,33.33333333,10,0,0.704112948,-0.858156669,,,,
0_00308.mp4,0,62.06896552,75,2,0,0.791848041,-1.299385254,,,,
0_00309.mp4,0,83.5978836,31.57894737,13,0,0.647349382,-0.627790843,,,,
0_00310.mp4,0,78.0952381,52.17391304,12,1,0.568196158,0.200647049,,,,
0_00311.mp4,0,25.36023055,141.1764706,2,0,0.972503127,-3.366576475,,,,
0_00312.mp4,0,64.91803279,56.75675676,16,0,0.81365108,-1.425914093,,,,
0_00313.mp4,0,61.53846154,88.23529412,4,0,0.696962181,-0.832270737,,,,
0_00314.mp4,0,23.60655738,117.1428571,5,0,0.988868646,-4.165417158,,,,
0_00315.mp4,0,47.05882353,87.5,1,0,0.687946744,-0.787609982,,,,
0_00316.mp4,0,80.70175439,30.76923077,10,0,0.812499318,-1.405841093,,,,
0_00317.mp4,0,9.718670077,76.47058824,17,0,0.714488475,-0.898939057,,,,
0_00318.mp4,0,67.27272727,52.17391304,12,0,0.564556563,-0.292253244,,,,
0_00319.mp4,0,30.46357616,177.7777778,2,0,0.850086652,-1.663457766,,,,
0_00320.mp4,0,67.1641791,60,6,1,0.771257393,1.054304694,,,,
0_00321.mp4,0,26.92307692,100,0,1,0.619869702,0.386729234,,,,
0_00322.mp4,0,80.45977011,44.44444444,16,0,0.701053604,-0.855206151,,,,
0_00323.mp4,0,62.80991736,50,6,0,0.781601464,-1.234841203,,,,
0_00324.mp4,0,50.68493151,92.85714286,4,1,0.762407974,1.018367168,,,,
0_00325.mp4,0,61.76470588,59.09090909,9,0,0.552912112,-0.248410981,,,,
0_00326.mp4,0,81.7679558,36.84210526,12,1,0.568042366,0.178094384,,,,
0_00327.mp4,0,95.27272727,10.71428571,27,1,0.907222877,2.045352536,,,,
0_00328.mp4,0,40.10989011,85.71428571,6,0,0.846662218,-1.641445382,,,,
0_00329.mp4,0,51.12781955,96.15384615,7,0,0.657777121,-0.671470664,,,,
0_00330.mp4,0,50.18450185,90.625,5,0,0.679219017,-0.756108402,,,,
0_00331.mp4,0,81.25,33.33333333,11,0,0.661841286,-0.690394404,,,,
0_00332.mp4,0,19.32938856,40,36,0,0.690445006,-0.809189497,,,,
0_00333.mp4,0,7.272727273,100,0,1,0.710464204,0.754460512,,,,
0_00334.mp4,0,52.7027027,92.30769231,1,0,0.87964854,-1.888483726,,,,
0_00335.mp4,0,49.6969697,87.5,2,0,0.751121409,-1.082553561,,,,
0_00336.mp4,0,39.0625,80,5,0,0.586880087,-0.383310379,,,,
0_00337.mp4,0,24.78873239,94.59459459,2,0,0.995282986,-4.998841537,,,,
0_00338.mp4,0,54.67625899,84.61538462,4,1,0.710553195,0.771148217,,,,
0_00339.mp4,0,21.17647059,108.6956522,2,0,0.723773926,-0.95236606,,,,
0_00340.mp4,0,80.41237113,36,16,0,0.879623695,-1.897033317,,,,
0_00341.mp4,0,79.73421927,32.43243243,25,0,0.938066543,-2.561201021,,,,
0_00342.mp4,0,52.71966527,78.57142857,8,0,0.627321268,-0.544470563,,,,
0_00343.mp4,0,48.37209302,79.16666667,6,0,0.929676321,-2.443097161,,,,
0_00344.mp4,0,32.78688525,131.8181818,4,1,0.566978102,0.190286791,,,,
0_00345.mp4,0,34.36426117,146.4285714,5,0,0.958305975,-2.978128151,,,,
0_00346.mp4,0,66.66666667,73.33333333,6,0,0.753128519,-1.081258456,,,,
0_00347.mp4,0,53.84615385,85.71428571,4,0,0.571917816,-0.325933958,,,,
0_00348.mp4,0,67.14285714,61.53846154,5,0,0.663015928,-0.695549387,,,,
0_00349.mp4,0,68.43853821,12.5,57,0,0.5,-0.054686242,,,,
0_00350.mp4,0,36.36363636,73.68421053,5,0,0.668604221,-0.726059439,,,,
0_00351.mp4,0,70.85427136,48.7804878,22,0,0.939475504,-2.59097156,,,,
0_00352.mp4,0,60,92.30769231,3,0,0.986715243,-4.00391027,,,,
0_00353.mp4,0,81.55339806,45.45454545,7,1,0.621411572,0.398280496,,,,
0_00354.mp4,0,41.09589041,54,27,0,0.646442086,-0.623337697,,,,
0_00355.mp4,0,94.20289855,12.5,14,0,0.776588776,-1.202326271,,,,
0_00356.mp4,0,23.48993289,96.875,1,0,0.697549228,-0.834832272,,,,
0_00357.mp4,0,62.08530806,67.34693878,16,1,0.575099175,0.204211247,,,,
0_00358.mp4,0,32.27848101,114.2857143,6,0,0.923397682,-2.355864943,,,,
0_00359.mp4,0,32.85714286,93.93939394,2,0,0.942282519,-2.676834577,,,,
0_00360.mp4,0,79.38931298,37.5,10,1,0.631241174,0.428646165,,,,
0_00361.mp4,0,17.82178218,43.5483871,43,0,0.828467434,-1.515646806,,,,
0_00362.mp4,0,25,106.25,1,0,0.809354534,-1.400124196,,,,
0_00363.mp4,0,65.66037736,87.5,5,0,0.5,-0.04853925,,,,
0_00364.mp4,0,75.19379845,45.83333333,15,0,0.584095588,-0.379140051,,,,
0_00365.mp4,0,72.72727273,61.53846154,5,0,0.709578026,-0.878780137,,,,
0_00366.mp4,0,47.66839378,94.44444444,3,0,0.820696687,-1.469217246,,,,
0_00367.mp4,0,54.54545455,74.19354839,9,0,0.611616657,-0.480500321,,,,
0_00368.mp4,0,68.42105263,66.66666667,7,0,0.617781107,-0.505268759,,,,
0_00369.mp4,0,92.59259259,25,9,1,0.589999527,0.275944528,,,,
0_00370.mp4,0,27.55741127,59.61538462,21,1,0.599231496,0.299544548,,,,
0_00371.mp4,0,63.88888889,85.71428571,3,1,0.568288149,0.200989341,,,,
0_00372.mp4,0,49.39759036,70.58823529,6,0,0.53483348,-0.186731201,,,,
0_00373.mp4,0,50.32258065,72.22222222,6,0,0.636025651,-0.574373168,,,,
0_00374.mp4,0,84.84848485,26.92307692,20,0,0.898651953,-2.06687895,,,,
0_00375.mp4,0,33.61344538,105,0,1,0.520327838,0.010064545,,,,
0_00376.mp4,0,84.86842105,29.62962963,20,1,0.786574926,1.136201966,,,,
0_00377.mp4,0,37.5464684,33.33333333,42,0,0.725172035,-0.958817417,,,,
0_00378.mp4,0,90.72164948,30,7,1,0.549648914,0.125872849,,,,
0_00379.mp4,0,6.488549618,86.20689655,8,0,0.832661402,-1.533501891,,,,
0_00380.mp4,0,7.534246575,35.29411765,44,1,0.720355312,0.798764941,,,,
0_00381.mp4,0,72.26890756,53.84615385,13,0,0.889848101,-1.98943433,,,,
0_00382.mp4,0,47.68683274,100,5,0,0.844616014,-1.627052753,,,,
0_00383.mp4,0,23.14049587,115.3846154,0,1,0.922018479,2.193635977,,,,
0_00384.mp4,0,81.03448276,34.61538462,18,0,0.968144535,-3.234974523,,,,
0_00385.mp4,0,68.23529412,66.66666667,8,0,0.710123898,-0.879275422,,,,
0_00386.mp4,0,58.89570552,92.30769231,6,1,0.812844693,1.303482945,,,,
0_00387.mp4,0,10.37463977,100,0,0,0.698300091,-0.843174882,,,,
0_00388.mp4,0,60.9929078,58.82352941,7,1,0.564066261,0.185282088,,,,
0_00389.mp4,0,28.33333333,154.5454545,1,0,0.757735077,-1.110478962,,,,
0_00390.mp4,0,16.85393258,106.6666667,0,0,0.519322157,-0.123465153,,,,
0_00391.mp4,0,84.56375839,25,13,0,0.741509525,-1.025002081,,,,
0_00392.mp4,0,64.83516484,81.25,10,0,0.50646361,-0.087700146,,,,
0_00393.mp4,0,54.43037975,88.23529412,2,0,0.883043639,-1.923984331,,,,
0_00394.mp4,0,76.78571429,40,6,0,0.924811626,-2.369014373,,,,
0_00395.mp4,0,79.78142077,41.17647059,14,1,0.593003626,0.29295717,,,,
0_00396.mp4,0,76.77725118,37.03703704,18,1,0.616927391,0.3817094,,,,
0_00397.mp4,0,67.76859504,57.14285714,6,0,0.632758463,-0.560794965,,,,
0_00398.mp4,0,63.82978723,62.5,6,0,0.714019312,-0.902488478,,,,
0_00399.mp4,0,81.27853881,45,16,0,0.949293736,-2.772524293,,,,
0_00400.mp4,0,75.97402597,53.33333333,18,0,0.795728493,-1.313106425,,,,
0_00401.mp4,0,80,40,7,1,0.550080308,0.127474771,,,,
0_00402.mp4,0,71.48594378,58.62068966,13,0,0.773402082,-1.191084541,,,,
0_00403.mp4,0,35.25046382,46.55172414,36,1,0.88080768,1.758475497,,,,
0_00404.mp4,0,13.97849462,96.96969697,2,0,0.513415036,-0.015176341,,,,
0_00405.mp4,0,71.28712871,66.66666667,4,0,0.807546279,-1.376123956,,,,
0_00406.mp4,0,70,61.76470588,14,0,0.847511918,-1.641187539,,,,
0_00407.mp4,0,52.85714286,107.6923077,3,1,0.655681922,0.536716786,,,,
0_00408.mp4,0,80.52805281,40,22,0,0.873872061,-1.849842755,,,,
0_00409.mp4,0,80.68181818,44.44444444,11,0,0.562066632,-0.28284641,,,,
0_00410.mp4,0,40,90,2,0,0.88664264,-1.961175403,,,,
0_00411.mp4,0,84.84848485,45.45454545,7,0,0.952848268,-2.86905322,,,,
0_00412.mp4,0,75.36231884,57.14285714,12,0,0.937893915,-2.565659814,,,,
0_00413.mp4,0,71.875,40.90909091,13,0,0.563833472,-0.298663059,,,,
0_00414.mp4,0,5.78313253,98.7012987,1,1,0.932140284,2.365353491,,,,
0_00415.mp4,0,22.22222222,100,0,1,0.7542466,0.967726795,,,,
0_00416.mp4,0,44.74393531,74.41860465,12,0,0.831743627,-1.533015479,,,,
0_00417.mp4,0,86.95652174,45.45454545,9,0,0.553743987,-0.271018532,,,,
0_00418.mp4,0,10.36717063,100,0,1,0.710368245,0.754035161,,,,
0_00419.mp4,0,73.17073171,46.66666667,17,1,0.737360437,0.900969264,,,,
0_00420.mp4,0,28.50356295,58.53658537,24,0,0.724917189,-0.957639956,,,,
0_00421.mp4,0,22.22222222,100,0,0,0.62215498,-0.517267049,,,,
0_00422.mp4,0,63.5193133,73.91304348,6,1,0.711150795,0.76473622,,,,
0_00423.mp4,0,56.77966102,79.31034483,8,0,0.897501894,-2.060785101,,,,
0_00424.mp4,0,45.67901235,83.33333333,3,1,0.65106419,0.509361417,,,,
0_00425.mp4,0,54.46808511,70.37037037,10,0,0.706806535,-0.875608053,,,,
0_00426.mp4,0,23.1292517,100,0,1,0.716407718,0.780971401,,,,
0_00427.mp4,0,66.85714286,56.09756098,19,0,0.759679492,-1.114642894,,,,
0_00428.mp4,0,56.12244898,94.73684211,11,0,0.795633317,-1.306953001,,,,
0_00429.mp4,0,89.57055215,15.78947368,16,0,0.59303724,-0.409233795,,,,
0_00430.mp4,0,8.064516129,38.7755102,33,1,0.537998989,0.082650422,,,,
0_00431.mp4,0,31.77570093,242.8571429,3,0,0.944770928,-2.718644618,,,,
0_00432.mp4,0,51.58562368,23.52941176,40,0,0.978087511,-3.577350593,,,,
0_00433.mp4,0,3.731343284,87.75510204,13,1,0.720168202,0.814738917,,,,
0_00434.mp4,0,76,43.75,10,1,0.674192931,0.595021348,,,,
0_00435.mp4,0,62.29508197,71.42857143,4,0,0.938031152,-2.541971136,,,,
0_00436.mp4,0,84.28571429,40,10,1,0.686445909,0.665439111,,,,
0_00437.mp4,0,56.66666667,66.66666667,9,0,0.749960548,-1.071800757,,,,
0_00438.mp4,0,53.39366516,85,5,0,0.996027189,-5.157021267,,,,
0_00439.mp4,0,33.49282297,91.42857143,3,0,0.960507769,-3.034324114,,,,
0_00440.mp4,0,67.04545455,73.68421053,6,0,0.788161138,-1.270706884,,,,
0_00441.mp4,0,10.28938907,100,0,0,0.78202617,-1.241818279,,,,
0_00442.mp4,0,60.09389671,68.18181818,8,1,0.91265042,2.080062931,,,,
0_00443.mp4,0,14.33224756,84.90566038,15,0,0.570823171,-0.335146753,,,,
0_00444.mp4,0,78.43137255,25.92592593,20,0,0.968261195,-3.236083489,,,,
0_00445.mp4,0,18.75,136.3636364,0,0,0.996793584,-5.300920319,,,,
0_00446.mp4,0,49.16201117,72,7,0,0.644684618,-0.616473122,,,,
0_00447.mp4,0,68.47826087,84.21052632,8,0,0.696010731,-0.822535689,,,,
0_00448.mp4,0,69.28104575,48.48484848,18,1,0.619400749,0.384996755,,,,
0_00449.mp4,0,11.2804878,70,29,1,0.892844442,1.897705514,,,,
0_00450.mp4,0,76.22377622,51.85185185,17,0,0.757029663,-1.111899994,,,,
0_00451.mp4,0,92.10526316,28.57142857,11,0,0.808052859,-1.374936854,,,,
0_00452.mp4,0,33.78995434,84.61538462,4,0,0.987189186,-4.07268014,,,,
0_00453.mp4,0,32.35294118,148.1481481,6,0,0.985436857,-3.959650946,,,,
0_00454.mp4,0,71.93675889,53.84615385,15,0,0.780503069,-1.233608908,,,,
0_00455.mp4,0,62.96296296,60,9,1,0.543108644,0.085945051,,,,
0_00456.mp4,0,59.03614458,61.9047619,8,1,0.545646451,0.102712097,,,,
0_00457.mp4,0,66.66666667,63.63636364,5,1,0.523200374,0.027855214,,,,
0_00458.mp4,0,47.2361809,90.90909091,2,0,0.779444985,-1.223220686,,,,
0_00459.mp4,0,56.97674419,88.23529412,3,0,0.766204908,-1.162493438,,,,
0_00460.mp4,0,12.88888889,97.33333333,2,1,0.642112215,0.46852897,,,,
0_00461.mp4,0,51.35135135,93.33333333,3,1,0.643992749,0.462693908,,,,
0_00462.mp4,0,81.42076503,38.46153846,28,1,0.684959445,0.64413566,,,,
0_00463.mp4,0,44.57142857,78.94736842,4,1,0.637112227,0.450210224,,,,
0_00464.mp4,0,81.18811881,28,18,0,0.867763884,-1.788981834,,,,
0_00465.mp4,0,54.37788018,85.71428571,4,0,0.514360106,-0.125412546,,,,
0_00466.mp4,0,51.38888889,85.71428571,7,1,0.597997984,0.297609371,,,,
0_00467.mp4,0,63.80368098,68.75,8,0,0.776281296,-1.200690877,,,,
0_00468.mp4,0,38.29787234,97.05882353,1,1,0.561294456,0.174972617,,,,
0_00469.mp4,0,51.10132159,80,5,0,0.683623903,-0.766741114,,,,
0_00470.mp4,0,48.37545126,96.66666667,4,1,0.575009046,0.212289103,,,,
0_00471.mp4,0,96,8.333333333,11,0,0.799025473,-1.326333708,,,,
0_00472.mp4,0,64.28571429,80,3,0,0.771924611,-1.175955964,,,,
0_00473.mp4,0,29.03885481,32.69230769,37,0,0.699320873,-0.842579851,,,,
0_00474.mp4,0,51.79856115,77.77777778,4,1,0.851031356,1.549987467,,,,
0_00475.mp4,0,30.38869258,90,27,0,0.773254388,-1.184676266,,,,
0_00476.mp4,0,77.98742138,42.10526316,11,0,0.814295793,-1.422365795,,,,
0_00477.mp4,0,53.84615385,76.19047619,6,0,0.539129986,-0.202706249,,,,
0_00478.mp4,0,58.59375,74.07407407,10,0,0.603384825,-0.454200348,,,,
0_00479.mp4,0,70.22900763,60,7,0,0.562205222,-0.295890037,,,,
0_00480.mp4,0,42.65402844,95.45454545,1,0,0.521283717,-0.130722892,,,,
0_00481.mp4,0,64.81481481,29.54545455,34,0,0.584708568,-0.388016125,,,,
0_00482.mp4,0,98.18181818,4.166666667,23,0,0.863479229,-1.766160048,,,,
0_00483.mp4,0,4.597701149,100,0,0,0.713170144,-0.89473463,,,,
0_00484.mp4,0,65.87301587,65.625,12,0,0.722207929,-0.939832152,,,,
0_00485.mp4,0,5.450733753,45.45454545,32,1,0.921036695,2.174459469,,,,
0_00486.mp4,0,59.57446809,76,9,1,0.786209314,1.144108071,,,,
0_00487.mp4,0,77.87114846,42.5,27,0,0.979642688,-3.613647456,,,,
0_00488.mp4,0,51.42857143,70.37037037,9,1,0.576682273,0.232228792,,,,
0_00489.mp4,0,93.47826087,31.25,13,0,0.812724586,-1.412805556,,,,
0_00490.mp4,0,22.26640159,73.33333333,16,1,0.840861122,1.47809837,,,,
0_00491.mp4,0,62.18487395,64.86486486,17,0,0.784237435,-1.243536347,,,,
0_00492.mp4,0,9.523809524,98.33333333,1,1,0.622934568,0.403902689,,,,
0_00493.mp4,0,9.549071618,97.18309859,2,0,0.747544196,-1.054294616,,,,
0_00494.mp4,0,48.7394958,73.33333333,8,0,0.549495015,-0.248243535,,,,
0_00495.mp4,0,93.5,14.28571429,39,0,0.607467172,-0.470337756,,,,
0_00496.mp4,0,72.8,50,14,0,0.790864019,-1.280104106,,,,
0_00497.mp4,0,48,80.95238095,5,0,0.837691224,-1.567238068,,,,
0_00498.mp4,0,88.14589666,24.24242424,25,0,0.57385741,-0.327569081,,,,
0_00499.mp4,0,65.90038314,65.38461538,13,0,0.743098575,-1.032671503,,,,
0_00500.mp4,0,21.05263158,214.2857143,0,0,0.51234073,-0.012287115,,,,
0_00501.mp4,0,56.63716814,70.96774194,9,0,0.73648648,-1.016308511,,,,
0_00502.mp4,0,55.77689243,69.6969697,11,0,0.70586748,-0.865944079,,,,
0_00503.mp4,0,10.37924152,98.82352941,1,0,0.657368921,-0.669718335,,,,
0_00504.mp4,0,89.36170213,30,9,0,0.61874027,-0.515422433,,,,
0_00505.mp4,0,67.44186047,55.17241379,14,1,0.659147535,0.550921237,,,,
0_00506.mp4,0,81.72043011,46.15384615,9,1,0.602911874,0.323924389,,,,
0_00507.mp4,0,62.66318538,61.36363636,17,0,0.569729966,-0.324314517,,,,
0_00508.mp4,0,83.67346939,40,7,0,0.670385098,-0.739366618,,,,
0_00509.mp4,0,40.98360656,87.09677419,5,0,0.677557766,-0.749095127,,,,
0_00510.mp4,0,55.25291829,68.96551724,11,0,0.822588895,-1.473891998,,,,
0_00511.mp4,0,74.90039841,51.85185185,14,0,0.627008409,-0.542814007,,,,
0_00512.mp4,0,60.3960396,84.21052632,3,1,0.750585338,0.949628407,,,,
0_00513.mp4,0,78.48101266,57.69230769,13,0,0.592708582,-0.407969318,,,,
0_00514.mp4,0,94.90196078,19.04761905,17,0,0.563578783,-0.307839981,,,,
0_00515.mp4,0,80.87431694,47.36842105,11,0,0.529457566,-0.161002095,,,,
0_00516.mp4,0,63.80368098,71.42857143,13,1,0.913328904,2.087905306,,,,
0_00517.mp4,0,82.31292517,34.28571429,23,0,0.709668468,-0.893267006,,,,
0_00518.mp4,0,65.06849315,69.6969697,12,1,0.716698295,0.782276018,,,,
0_00519.mp4,0,65.87537092,53.48837209,20,0,0.602299262,-0.445093911,,,,
0_00520.mp4,0,11.55234657,110.5263158,0,0,0.542709145,-0.222958569,,,,
0_00521.mp4,0,97.72727273,5.263157895,18,0,0.62420783,-0.537585631,,,,
0_00522.mp4,0,56.16438356,73.33333333,4,1,0.750980632,0.961080928,,,,
0_00523.mp4,0,7.736943907,98.97959184,1,0,0.624549583,-0.527027202,,,,
0_00524.mp4,0,83.33333333,30.43478261,16,0,0.908092815,-2.174917027,,,,
0_00525.mp4,0,59.91189427,77.27272727,7,0,0.759346405,-1.112959276,,,,
0_00526.mp4,0,69.76744186,47.36842105,12,0,0.831596542,-1.520460479,,,,
0_00527.mp4,0,65.75342466,61.29032258,14,0,0.986129787,-4.004640472,,,,
0_00528.mp4,0,46.77419355,92.30769231,1,0,0.959133852,-2.972916783,,,,
0_00529.mp4,0,88.75,22.22222222,14,0,0.544139954,-0.228282376,,,,
0_00530.mp4,0,70.46632124,57.89473684,10,0,0.817855653,-1.45159962,,,,
0_00531.mp4,0,81.56424581,42.85714286,12,0,0.621989216,-0.516592871,,,,
0_00532.mp4,0,41.30434783,116.6666667,1,0,0.988420825,-4.171185274,,,,
0_00533.mp4,0,35.29411765,150,0,1,0.819469709,1.327851265,,,,
0_00534.mp4,0,9.090909091,100,0,0,0.996752305,-5.289254161,,,,
0_00535.mp4,0,53.39805825,73.91304348,12,0,0.647100867,-0.621021706,,,,
0_00536.mp4,0,41.80327869,103.8461538,7,0,0.987517521,-4.101899741,,,,
0_00537.mp4,0,81.01265823,37.5,13,1,0.840540469,1.47589334,,,,
0_00538.mp4,0,90.24390244,23.52941176,14,0,0.521668447,-0.132146726,,,,
0_00539.mp4,0,62.43386243,72.22222222,6,1,0.661479576,0.56051875,,,,
0_00540.mp4,0,87.83382789,25.71428571,29,0,0.819525815,-1.461930339,,,,
0_00541.mp4,0,61.11111111,72.72727273,10,0,0.93771753,-2.562437014,,,,
0_00542.mp4,0,68.50393701,60.71428571,13,1,0.677191516,0.631949631,,,,
0_00543.mp4,0,50.37406484,73.91304348,13,0,0.885403955,-1.928681328,,,,
0_00544.mp4,0,30.82191781,160.7142857,1,0,0.884780869,-1.923094422,,,,
0_00545.mp4,0,39.33975241,50.66666667,46,0,0.620376431,-0.522033569,,,,
0_00546.mp4,0,80.41237113,39.47368421,25,0,0.797277103,-1.312884233,,,,
0_00547.mp4,0,58.40707965,85.71428571,7,0,0.657868582,-0.678968953,,,,
0_00548.mp4,0,75.79908676,68.42105263,13,0,0.557097753,-0.276693446,,,,
0_00549.mp4,0,83.51648352,33.33333333,7,1,0.787807008,1.131984644,,,,
0_00550.mp4,0,67.87878788,66.66666667,8,0,0.729132365,-0.977203411,,,,
0_00551.mp4,0,21.72523962,125.7142857,2,0,0.976384063,-3.513195682,,,,
0_00552.mp4,0,49.01960784,81.81818182,7,0,0.634439311,-0.567770351,,,,
0_00553.mp4,0,89.47368421,30.76923077,9,0,0.62226916,-0.535749383,,,,
0_00554.mp4,0,41.53005464,100,0,1,0.673448497,0.610300829,,,,
0_00555.mp4,0,64.73429952,61.53846154,12,0,0.678032229,-0.756435848,,,,
0_00556.mp4,0,45.75163399,88.88888889,3,1,0.795553695,1.186194465,,,,
0_00557.mp4,0,68.18181818,63.63636364,8,0,0.60509422,-0.4609459,,,,
0_00558.mp4,0,67.67676768,55,9,0,0.756747919,-1.110489685,,,,
0_00559.mp4,0,69.42675159,48.57142857,18,0,0.936226915,-2.532365008,,,,
0_00560.mp4,0,73.18295739,47.22222222,20,1,0.547169882,0.122486754,,,,
0_00561.mp4,0,63.49206349,60,8,1,0.587512265,0.266693146,,,,
0_00562.mp4,0,56.55172414,89.65517241,5,0,0.84522605,-1.619391086,,,,
0_00563.mp4,0,29.16666667,92.85714286,1,0,0.915672882,-2.239032716,,,,
0_00564.mp4,0,92.26932668,21.42857143,34,0,0.697142869,-0.821797858,,,,
0_00565.mp4,0,85.71428571,30,7,0,0.738863324,-1.027585861,,,,
0_00566.mp4,0,61.06870229,61.53846154,6,0,0.856338095,-1.700233326,,,,
0_00567.mp4,0,91.20879121,21.73913043,18,0,0.653552412,-0.654365681,,,,
0_00568.mp4,0,72.94117647,45,11,1,0.662099097,0.554440933,,,,
0_00569.mp4,0,92.91338583,13.33333333,13,1,0.625449213,0.390021746,,,,
0_00570.mp4,0,34.92063492,93.33333333,2,0,0.687974642,-0.785154142,,,,
0_00571.mp4,0,28.57142857,135.2941176,4,0,0.715142509,-0.907572089,,,,
0_00572.mp4,0,22.43589744,94.44444444,2,0,0.877917615,-1.87348167,,,,
0_00573.mp4,0,64.09495549,64.51612903,13,0,0.525285192,-0.158380889,,,,
0_00574.mp4,0,19.04761905,130.5555556,3,0,0.754316631,-1.087095383,,,,
0_00575.mp4,0,63.90532544,16.98113208,46,0,0.601115858,-0.451586679,,,,
0_00576.mp4,0,67.58241758,62.16216216,15,0,0.550778438,-0.250160426,,,,
0_00577.mp4,0,85,27.77777778,15,0,0.980674426,-3.694282255,,,,
0_00578.mp4,0,92,15.38461538,12,0,0.511552495,-0.009400394,,,,
0_00579.mp4,0,36.92307692,104.1666667,3,0,0.987112189,-4.06716965,,,,
0_00580.mp4,0,60.83333333,80.95238095,8,0,0.619158161,-0.523194999,,,,
0_00581.mp4,0,69.01408451,50,8,0,0.867192384,-1.784392162,,,,
0_00582.mp4,0,64.68401487,100,12,0,0.828414724,-1.505643914,,,,
0_00583.mp4,0,78.48837209,43.58974359,23,0,0.767424872,-1.154253644,,,,
0_00584.mp4,0,42.77108434,86.11111111,7,0,0.877917615,-1.87348167,,,,
0_00585.mp4,0,69.08077994,58.69565217,20,0,0.948963665,-2.793324688,,,,
0_00586.mp4,0,18.83408072,100,0,0,0.704988813,-0.86204079,,,,
0_00587.mp4,0,52.12765957,90,3,1,0.517557786,0.006991606,,,,
0_00588.mp4,0,60.68965517,55,9,1,0.519938041,0.008360156,,,,
0_00589.mp4,0,93.75,22.22222222,7,1,0.530820162,0.061863175,,,,
0_00590.mp4,0,68.88888889,75,8,1,0.789136231,1.150304081,,,,
0_00591.mp4,0,80,53.33333333,8,0,0.568182659,-0.305987078,,,,
0_00592.mp4,0,36,88.88888889,2,1,0.755314214,0.963740006,,,,
0_00593.mp4,0,80.49535604,26.31578947,28,0,0.799771614,-1.330629445,,,,
0_00594.mp4,0,39.3495935,21.66666667,50,0,0.728904384,-0.970876864,,,,
0_00595.mp4,0,73.17073171,68.18181818,10,0,0.521813065,-0.143746088,,,,
0_00596.mp4,0,49.41176471,78.57142857,4,0,0.913058007,-2.231714607,,,,
0_00597.mp4,0,55.33980583,76.19047619,6,0,0.926007556,-2.390468987,,,,
0_00598.mp4,0,62.77372263,61.70212766,18,0,0.790442857,-1.28794934,,,,
0_00599.mp4,0,76.63551402,50,13,0,0.5,-0.050760292,,,,
0_00600.mp4,0,74.88151659,50,12,0,0.885852884,-1.932723064,,,,
0_00601.mp4,0,41.25,87.5,6,1,0.807936607,1.274038564,,,,
0_00602.mp4,0,71.00591716,50,12,0,0.698597286,-0.833847833,,,,
0_00603.mp4,0,74.07407407,50,20,1,0.586775576,0.269791323,,,,
0_00604.mp4,0,76.38190955,52.27272727,27,1,0.668872719,0.59116228,,,,
0_00605.mp4,0,7.218683652,50,26,0,0.589666628,-0.407089102,,,,
0_00606.mp4,0,95.34246575,13.51351351,33,0,0.634777713,-0.581029218,,,,
0_00607.mp4,0,49.86149584,82.92682927,10,0,0.872647226,-1.828902247,,,,
0_00608.mp4,0,56.21621622,82.35294118,5,1,0.708073961,0.74389012,,,,
0_00609.mp4,0,16.94915254,100,0,0,0.594313151,-0.425068158,,,,
0_00610.mp4,0,69.95884774,51.85185185,14,0,0.630946611,-0.553299591,,,,
0_00611.mp4,0,77.72511848,46.15384615,14,0,0.934535707,-2.488526338,,,,
0_00612.mp4,0,81.28342246,39.02439024,26,0,0.908718554,-2.17923448,,,,
0_00613.mp4,0,82.64984227,35.48387097,21,0,0.682156311,-0.760560856,,,,
0_00614.mp4,0,59.66850829,80.95238095,4,0,0.933380395,-2.471444965,,,,
0_00615.mp4,0,68.02721088,73.33333333,9,0,0.689669453,-0.789341742,,,,
0_00616.mp4,0,60,77.27272727,8,0,0.730762894,-0.979577716,,,,
0_00617.mp4,0,8.287292818,98.27586207,1,0,0.729952575,-0.970118254,,,,
0_00618.mp4,0,55.70776256,63.63636364,12,0,0.559012698,-0.280699896,,,,
0_00619.mp4,0,32.35294118,115.3846154,1,0,0.606337146,-0.453739185,,,,
0_00620.mp4,0,85.16129032,75,6,0,0.658054012,-0.66815317,,,,
0_00621.mp4,0,98.36065574,6.896551724,27,1,0.794439811,1.1684095,,,,
0_00622.mp4,0,68.32298137,60,7,0,0.819302954,-1.45325615,,,,
0_00623.mp4,0,56.35738832,72.22222222,10,1,0.532198363,0.061157985,,,,
0_00624.mp4,0,49.57264957,90,2,0,0.556798729,-0.275571764,,,,
0_00625.mp4,0,10.50328228,98.85057471,1,0,0.559842465,-0.293819901,,,,
0_00626.mp4,0,58.38509317,55,9,1,0.76065438,0.988920775,,,,
0_00627.mp4,0,59.40594059,56.52173913,10,0,0.84348457,-1.616580732,,,,
0_00628.mp4,0,28.75816993,100,0,1,0.700790346,0.718761357,,,,
0_00629.mp4,0,61.63522013,52.94117647,8,0,0.51764725,-0.123053434,,,,
0_00630.mp4,0,43.63636364,88.88888889,3,0,0.777106108,-1.203013388,,,,
0_00631.mp4,0,74.69879518,60,11,1,0.935578403,2.382592007,,,,
0_00632.mp4,0,87.35632184,35.29411765,13,0,0.766528312,-1.155257768,,,,
0_00633.mp4,0,65.09433962,65.38461538,10,0,0.612637706,-0.490917962,,,,
0_00634.mp4,0,64.51612903,73.33333333,5,0,0.880903948,-1.905009577,,,,
0_00635.mp4,0,75.59055118,44.11764706,20,1,0.592044198,0.283547993,,,,
0_00636.mp4,0,11.15107914,47.27272727,31,1,0.551800629,0.139683935,,,,
0_00637.mp4,0,45.91836735,65.2173913,8,0,0.842736309,-1.595006564,,,,
0_00638.mp4,0,16.01731602,31.11111111,35,0,0.771003109,-1.178495282,,,,
0_00639.mp4,0,46.15384615,81.25,5,1,0.726375843,0.823725371,,,,
0_00640.mp4,0,81.65680473,35.29411765,14,0,0.782007155,-1.245490787,,,,
0_00641.mp4,0,90.23569024,26.66666667,23,0,0.680092582,-0.751895882,,,,
0_00642.mp4,0,73.88059701,53.57142857,14,0,0.774666151,-1.192126557,,,,
0_00643.mp4,0,76.14457831,28.57142857,37,0,0.66549898,-0.717794952,,,,
0_00644.mp4,0,73.68421053,46.51162791,24,0,0.873813096,-1.844162583,,,,
0_00645.mp4,0,16.7539267,100,0,0,0.662223117,-0.690650832,,,,
0_00646.mp4,0,9.944751381,100,0,1,0.836021089,1.422309547,,,,
0_00647.mp4,0,75.13812155,52.38095238,10,0,0.558423174,-0.274875809,,,,
0_00648.mp4,0,76.11548556,40.47619048,26,1,0.626536579,0.399389217,,,,
0_00649.mp4,0,61.40350877,64.28571429,5,1,0.632200779,0.419984408,,,,
0_00650.mp4,0,4.504504505,51.06382979,25,0,0.551292626,-0.261879496,,,,
0_00651.mp4,0,61.15107914,77.77777778,11,0,0.783003899,-1.242442856,,,,
0_00652.mp4,0,62.4671916,73.68421053,16,0,0.795436187,-1.319501327,,,,
0_00653.mp4,0,30.47619048,91.66666667,2,0,0.931243442,-2.440562239,,,,
0_00654.mp4,0,56.63716814,100,5,1,0.59996553,0.302237809,,,,
0_00655.mp4,0,25,48,26,0,0.546989951,-0.236162739,,,,
0_00656.mp4,0,76.39751553,48.57142857,22,0,0.620344992,-0.516360461,,,,
0_00657.mp4,0,74.69879518,60,8,0,0.560125431,-0.281285996,,,,
0_00658.mp4,0,67.1641791,66.66666667,8,0,0.863153442,-1.757972564,,,,
0_00659.mp4,0,3.661971831,70.27027027,28,1,0.940467711,2.494584675,,,,
0_00660.mp4,0,79.8206278,61.9047619,11,0,0.982887371,-3.810706026,,,,
0_00661.mp4,0,51.49253731,70.96774194,11,0,0.550511035,-0.245180075,,,,
0_00662.mp4,0,24.92917847,112.195122,4,0,0.889936375,-1.987232932,,,,
0_00663.mp4,0,50.54347826,81.81818182,8,0,0.580915607,-0.354579484,,,,
0_00664.mp4,0,71.67630058,60,8,1,0.648384734,0.512900273,,,,
0_00665.mp4,0,42.69662921,83.87096774,5,1,0.797437881,1.212909724,,,,
0_00666.mp4,0,92.36363636,18.18181818,27,0,0.978247076,-3.552927442,,,,
0_00667.mp4,0,53.22580645,78.26086957,7,1,0.760681675,0.98905838,,,,
0_00668.mp4,0,72.18045113,53.33333333,7,0,0.901545596,-2.083605196,,,,
0_00669.mp4,0,67.31707317,38.0952381,13,0,0.98873932,-4.196907503,,,,
0_00670.mp4,0,15.49295775,63.04347826,18,0,0.524572955,-0.155749036,,,,
0_00671.mp4,0,54.76190476,73.68421053,6,0,0.597749808,-0.427424045,,,,
0_00672.mp4,0,80,35.29411765,22,0,0.823567182,-1.474504457,,,,
0_00673.mp4,0,25.36023055,141.1764706,2,0,0.966492528,-3.156220518,,,,
0_00674.mp4,0,22.60869565,128.125,1,0,0.695443084,-0.814376891,,,,
0_00675.mp4,0,89.72972973,21.42857143,34,1,0.941089706,2.49874601,,,,
0_00676.mp4,0,72.72727273,45.45454545,8,1,0.893347668,1.877226402,,,,
0_00677.mp4,0,75.91240876,58.33333333,7,1,0.594360914,0.281665487,,,,
0_00678.mp4,0,1.913875598,47.05882353,29,0,0.639796692,-0.601950156,,,,
0_00679.mp4,0,39.31623932,92.30769231,1,0,0.519340154,-0.136426164,,,,
0_00680.mp4,0,8.051529791,98.1981982,2,1,0.659310292,0.533516495,,,,
0_00681.mp4,0,87.5,24,20,1,0.788204065,1.133771457,,,,
0_00682.mp4,0,80,35.71428571,11,0,0.570865439,-0.324993207,,,,
0_00683.mp4,0,30.09708738,60.46511628,25,1,0.693341958,0.676348809,,,,
0_00684.mp4,0,10.70663812,69.04761905,17,1,0.545545959,0.116458669,,,,
0_00685.mp4,0,64.8199446,65,16,0,0.76027419,-1.128221741,,,,
0_00686.mp4,0,92.61744966,11.76470588,16,1,0.596938461,0.285010451,,,,
0_00687.mp4,0,85.47008547,32,20,0,0.683189712,-0.764911069,,,,
0_00688.mp4,0,50.90909091,84.21052632,3,1,0.622122937,0.395049482,,,,
0_00689.mp4,0,34.39490446,153.8461538,3,0,0.9389409,-2.581847849,,,,
0_00690.mp4,0,59.03614458,71.42857143,6,0,0.534281714,-0.178907179,,,,
0_00691.mp4,0,22.55639098,109.0909091,0,0,0.511477391,-0.105995484,,,,
0_00692.mp4,0,24.60136674,43.39622642,31,0,0.646137688,-0.634395826,,,,
0_00693.mp4,0,92.95774648,17.64705882,15,0,0.895217962,-2.042235855,,,,
0_00694.mp4,0,83.3836858,27.5,31,0,0.972582613,-3.371544065,,,,
0_00695.mp4,0,37.89473684,266.6666667,10,0,0.912426462,-2.223790284,,,,
0_00696.mp4,0,90.8045977,31.57894737,13,1,0.683577397,0.638302042,,,,
0_00697.mp4,0,28.63636364,32,34,0,0.550615753,-0.252428814,,,,
0_00698.mp4,0,65.88921283,55.55555556,17,0,0.678948687,-0.754965853,,,,
0_00699.mp4,0,70.44025157,60,7,0,0.743631707,-1.035263194,,,,
0_00700.mp4,0,79.85074627,42.85714286,16,0,0.693935914,-0.810613009,,,,
0_00701.mp4,0,44.89795918,96,3,0,0.861924617,-1.734201381,,,,
0_00702.mp4,0,4.14507772,40.98360656,38,0,0.5,-0.050097669,,,,
0_00703.mp4,0,79.13043478,39.13043478,14,1,0.682957482,0.656416933,,,,
0_00704.mp4,0,100,0,8,0,0.919361986,-2.298956054,,,,
0_00705.mp4,0,42.1686747,128.5714286,3,0,0.510182428,-0.102652325,,,,
0_00706.mp4,0,37.86982249,90,2,1,0.718927621,0.81498101,,,,
0_00707.mp4,0,98.72340426,4,25,0,0.570656132,-0.334515161,,,,
0_00708.mp4,0,65.56016598,66.66666667,9,1,0.811212475,1.277416959,,,,
0_00709.mp4,0,68.49315068,52,12,0,0.860253247,-1.741280269,,,,
0_00710.mp4,0,91.42857143,25,11,0,0.821610453,-1.456909811,,,,
0_00711.mp4,0,88.77005348,15,17,1,0.933678206,2.381921387,,,,
0_00712.mp4,0,72.83236994,52.38095238,12,1,0.813210439,1.277616663,,,,
0_00713.mp4,0,6.616541353,46.66666667,35,0,0.858313723,-1.715145176,,,,
0_00714.mp4,0,60.58394161,68.75,11,0,0.687097083,-0.794850066,,,,
0_00715.mp4,0,86.80351906,26.47058824,28,0,0.774517306,-1.196969054,,,,
0_00716.mp4,0,52.91479821,60,10,0,0.708273043,-0.876665269,,,,
0_00717.mp4,0,64.0569395,72.4137931,13,1,0.524111103,0.023759368,,,,
0_00718.mp4,0,67.83625731,47.05882353,10,0,0.63467917,-0.58062039,,,,
0_00719.mp4,0,5.487804878,92.42424242,9,0,0.867476818,-1.795678223,,,,
0_00720.mp4,0,49.84520124,38.35616438,49,0,0.848011246,-1.648542364,,,,
0_00721.mp4,0,85.13119534,27.5,31,0,0.515736846,-0.121545617,,,,
0_00722.mp4,0,74.17218543,55.55555556,10,1,0.629773326,0.405862883,,,,
0_00723.mp4,0,10.98901099,52,24,0,0.624880128,-0.546336675,,,,
0_00724.mp4,0,38.61386139,100,0,1,0.68024401,0.630181542,,,,
0_00725.mp4,0,92,17.24137931,25,0,0.697701683,-0.824242676,,,,
0_00726.mp4,0,8.207343413,98.79518072,1,0,0.608254459,-0.468396147,,,,
0_00727.mp4,0,48.88888889,82.14285714,5,0,0.688831984,-0.797077218,,,,
0_00728.mp4,0,78.5046729,47.36842105,13,0,0.5,-0.035968208,,,,
0_00729.mp4,0,57.39130435,100,3,1,0.854688345,1.576824711,,,,
0_00730.mp4,0,42.45810056,100,2,0,0.5412966,-0.205002531,,,,
0_00731.mp4,0,13.89473684,63.82978723,19,0,0.792092281,-1.292590902,,,,
0_00732.mp4,0,86.06060606,27.77777778,13,1,0.582052557,0.252216113,,,,
0_00733.mp4,0,43.85026738,111.7647059,0,1,0.611622637,0.339200095,,,,
0_00734.mp4,0,49.60629921,88,3,0,0.91895469,-2.301712873,,,,
0_00735.mp4,0,11.76470588,98.87640449,1,0,0.738924486,-1.018246028,,,,
0_00736.mp4,0,51.42857143,74.07407407,8,0,0.577161007,-0.345938468,,,,
0_00737.mp4,0,10.21505376,98.38709677,1,0,0.606402977,-0.454000382,,,,
0_00738.mp4,0,50.77399381,87.87878788,4,1,0.635824952,0.427984093,,,,
0_00739.mp4,0,53.90070922,75,6,0,0.691567179,-0.808859486,,,,
0_00740.mp4,0,51.02040816,113.0434783,3,0,0.532441722,-0.177849868,,,,
0_00741.mp4,0,83.08823529,28.57142857,20,0,0.69862312,-0.844583085,,,,
0_00742.mp4,0,10.9263658,64.44444444,19,0,0.764326276,-1.14881992,,,,
0_00743.mp4,0,69.66292135,53.57142857,14,1,0.553530376,0.140289482,,,,
0_00744.mp4,0,52.94117647,87.5,2,1,0.845009925,1.496252168,,,,
0_00745.mp4,0,63.71681416,60,10,1,0.72135352,0.810977527,,,,
0_00746.mp4,0,77.23342939,44.44444444,20,0,0.676423082,-0.732846657,,,,
0_00747.mp4,0,74.34554974,61.11111111,8,0,0.871512048,-1.809915531,,,,
0_00748.mp4,0,80,40,12,0,0.881879376,-1.918438251,,,,
0_00749.mp4,0,19.06693712,22.44897959,43,0,0.75534017,-1.107675634,,,,
0_00750.mp4,0,11.994003,80.55555556,28,0,0.679919917,-0.751172261,,,,
0_00751.mp4,0,86.44067797,31.81818182,15,1,0.588514226,0.262430129,,,,
0_00752.mp4,0,31.33903134,102.2727273,1,0,0.934705755,-2.514541607,,,,
0_00753.mp4,0,90.90909091,11.53846154,23,0,0.515813249,-0.123413681,,,,
0_00754.mp4,0,57.04918033,75.75757576,8,0,0.961344167,-3.024344387,,,,
0_00755.mp4,0,46.24277457,94.73684211,1,0,0.735167655,-0.99520275,,,,
0_00756.mp4,0,46.55172414,69.56521739,7,1,0.740183741,0.914473909,,,,
0_00757.mp4,0,72.43243243,65,7,0,0.725744134,-0.956167247,,,,
0_00758.mp4,0,66.66666667,82.35294118,5,0,0.832355379,-1.543897266,,,,
0_00759.mp4,0,83.16831683,33.33333333,16,0,0.74967173,-1.079730058,,,,
0_00760.mp4,0,80,35,13,0,0.835705111,-1.5538178,,,,
0_00761.mp4,0,10.57082452,83.33333333,13,0,0.847986417,-1.644581123,,,,
0_00762.mp4,0,20.64896755,143.75,4,0,0.727159355,-0.968022791,,,,
0_00763.mp4,0,88.28828829,38.70967742,23,0,0.983487126,-3.844703641,,,,
0_00764.mp4,0,50.93167702,73.68421053,5,0,0.797248775,-1.321764262,,,,
0_00765.mp4,0,92.94871795,14.28571429,31,0,0.783462964,-1.244938847,,,,
0_00766.mp4,0,86.4516129,31.25,11,0,0.77415429,-1.195051331,,,,
0_00767.mp4,0,53.90070922,87.5,3,0,0.701716838,-0.853099181,,,,
0_00768.mp4,0,60.6741573,100,7,0,0.519733377,-0.136144784,,,,
0_00769.mp4,0,75.86206897,44.11764706,20,0,0.659327254,-0.69085611,,,,
0_00770.mp4,0,81.5920398,25,16,1,0.563827098,0.178566001,,,,
0_00771.mp4,0,45.88235294,70,6,0,0.959458012,-3.009758888,,,,
0_00772.mp4,0,75.24752475,55.17241379,18,0,0.510256589,-0.034985772,,,,
0_00773.mp4,0,17.77777778,162.5,7,0,0.835441584,-1.552046952,,,,
0_00774.mp4,0,40.29850746,106.6666667,3,0,0.857667434,-1.701993971,,,,
0_00775.mp4,0,64.70588235,64.70588235,6,0,0.614682757,-0.499103222,,,,
0_00776.mp4,0,56.04395604,66.66666667,8,0,0.70883332,-0.873494728,,,,
0_00777.mp4,0,47.01195219,107.6923077,3,0,0.987517521,-4.101899741,,,,
0_00778.mp4,0,50.38167939,110,0,0,0.615627284,-0.496587238,,,,
0_00779.mp4,0,84.3537415,53.84615385,10,0,0.824082496,-1.487508908,,,,
0_00780.mp4,0,52.83018868,62.5,9,0,0.829894298,-1.527797884,,,,
0_00781.mp4,0,62.60869565,69.56521739,10,0,0.687758328,-0.792467842,,,,
0_00782.mp4,0,46.01769912,85.71428571,9,0,0.871185217,-1.807256784,,,,
0_00783.mp4,0,37.22943723,91.66666667,2,0,0.931243442,-2.440562239,,,,
0_00784.mp4,0,36.8,108.3333333,4,0,0.65747579,-0.677265514,,,,
0_00785.mp4,0,35.05747126,94.28571429,2,0,0.962888375,-3.09095136,,,,
0_00786.mp4,0,68.83116883,54.28571429,21,0,0.872499851,-1.827678548,,,,
0_00787.mp4,0,43.90243902,105,4,0,0.671343617,-0.743624143,,,,
0_00788.mp4,0,79.8245614,30.43478261,16,0,0.682867905,-0.765866742,,,,
0_00789.mp4,0,78.77094972,42.10526316,26,0,0.900643293,-2.08724323,,,,
0_00790.mp4,0,80.87431694,47.61904762,12,1,0.723227281,0.828797692,,,,
0_00791.mp4,0,81.01265823,55,12,0,0.617906846,-0.505776516,,,,
0_00792.mp4,0,86.4321608,27.27272727,16,0,0.821081686,-1.453623653,,,,
0_00793.mp4,0,40.22988506,105.8823529,4,0,0.738009928,-1.023529191,,,,
0_00794.mp4,0,50,80.48780488,9,1,0.568853195,0.187916016,,,,
0_00795.mp4,0,53.78151261,100,4,0,0.760579961,-1.13389991,,,,
0_00796.mp4,0,88.70967742,30.76923077,10,1,0.556166377,0.150084278,,,,
0_00797.mp4,0,31.16883117,184.6153846,2,0,0.9389409,-2.581847849,,,,
0_00798.mp4,0,53.44827586,71.42857143,8,0,0.515144447,-0.113800836,,,,
0_00799.mp4,0,8.071748879,99.25925926,1,1,0.520598137,0.01105189,,,,
0_00800.mp4,0,81.33333333,42.85714286,8,1,0.518520332,0.010549658,,,,
0_00801.mp4,0,17.48251748,162.962963,6,0,0.984659684,-3.911661515,,,,
0_00802.mp4,0,50,72.22222222,5,1,0.635416915,0.435617968,,,,
0_00803.mp4,0,70.96774194,60,11,0,0.883749142,-1.935032516,,,,
0_00804.mp4,0,41.98347107,75.47169811,29,0,0.741465526,-1.024929894,,,,
0_00805.mp4,0,4.980842912,36.36363636,36,0,0.747532657,-1.064955426,,,,
0_00806.mp4,0,71.89542484,62.5,7,0,0.629823703,-0.560566378,,,,
0_00807.mp4,0,76.82119205,53.33333333,18,0,0.717312498,-0.922808798,,,,
0_00808.mp4,0,67.00507614,84.21052632,8,1,0.715752099,0.794607921,,,,
0_00809.mp4,0,9.150326797,58,27,1,0.792660717,1.169914524,,,,
0_00810.mp4,0,77.65957447,45.45454545,12,0,0.61621952,-0.499890786,,,,
0_00811.mp4,0,16.50793651,70,25,0,0.616258016,-0.499126448,,,,
0_00812.mp4,0,94.91525424,23.80952381,17,1,0.57412959,0.216896053,,,,
0_00813.mp4,0,8.741258741,98.94736842,1,0,0.605961635,-0.457985098,,,,
0_00814.mp4,0,50.64935065,81.25,6,1,0.848964875,1.5116994,,,,
0_00815.mp4,0,75.74468085,50,11,0,0.591654332,-0.414767459,,,,
0_00816.mp4,0,70.78651685,86.66666667,8,0,0.790046574,-1.275547735,,,,
0_00817.mp4,0,73.19884726,48.64864865,19,1,0.684906847,0.65884725,,,,
0_00818.mp4,0,58.06451613,71.42857143,11,0,0.801552165,-1.346537443,,,,
0_00819.mp4,0,36.70886076,94.73684211,1,1,0.614840178,0.351047284,,,,
0_00820.mp4,0,14.5785877,57.14285714,23,0,0.714428973,-0.898669781,,,,
0_00821.mp4,0,10.71428571,450,0,0,0.61099981,-0.479207813,,,,
0_00822.mp4,0,72.04301075,68.75,11,1,0.729948123,0.842657298,,,,
0_00823.mp4,0,3.333333333,64.1509434,24,0,0.731701299,-0.989220183,,,,
0_00824.mp4,0,92.81767956,16.66666667,16,0,0.67880925,-0.748624963,,,,
0_00825.mp4,0,61.31386861,70.58823529,11,1,0.803708899,1.221357327,,,,
0_00826.mp4,0,69.29133858,68,10,0,0.870829803,-1.813895346,,,,
0_00827.mp4,0,64.66165414,84.61538462,7,1,0.815400558,1.313061001,,,,
0_00828.mp4,0,95.41284404,9.090909091,10,0,0.643688321,-0.611804744,,,,
0_00829.mp4,0,29.54545455,100,0,1,0.787825957,1.132087922,,,,
0_00830.mp4,0,63.88888889,56.25,8,1,0.625516124,0.39026708,,,,
0_00831.mp4,0,69.94818653,48.71794872,20,0,0.766207466,-1.146599197,,,,
0_00832.mp4,0,66.82692308,70.45454545,14,0,0.762722302,-1.14473497,,,,
0_00833.mp4,0,43.454039,67.14285714,49,0,0.787738908,-1.276659854,,,,
0_00834.mp4,0,61.45251397,55,9,0,0.850806218,-1.668668784,,,,
0_00835.mp4,0,72.5388601,42.85714286,12,0,0.509015074,-0.105770694,,,,
0_00836.mp4,0,2.480620155,75,21,0,0.8742965,-1.851552706,,,,
0_00837.mp4,0,66.45367412,75.86206897,17,0,0.932887972,-2.464247951,,,,
0_00838.mp4,0,70.49180328,81.81818182,9,1,0.830289391,1.396720444,,,,
0_00839.mp4,0,50,88.23529412,2,1,0.70906091,0.74524237,,,,
0_00840.mp4,0,3.87409201,53.65853659,24,0,0.883274721,-1.929217103,,,,
0_00841.mp4,0,85.14851485,20.83333333,19,0,0.733620259,-0.993029219,,,,
0_00842.mp4,0,90.90909091,19.44444444,30,0,0.614218891,-0.497244303,,,,
0_00843.mp4,0,68.78306878,45,11,0,0.716839096,-0.92065953,,,,
0_00844.mp4,0,76.43979058,55,9,1,0.897298129,1.929781464,,,,
0_00845.mp4,0,81.14754098,43.47826087,15,1,0.607684789,0.347480251,,,,
0_00846.mp4,0,12.46753247,98.41269841,1,0,0.80104886,-1.33431501,,,,
0_00847.mp4,0,72.07207207,50,7,0,0.896507542,-2.032984968,,,,
0_00848.mp4,0,37.91469194,85.71428571,4,0,0.511915833,-0.028889384,,,,
0_00849.mp4,0,51.95876289,46.2962963,30,0,0.90951432,-2.182637417,,,,
0_00850.mp4,0,70.27027027,60,6,0,0.532577914,-0.185359726,,,,
0_00851.mp4,0,57.93103448,73.68421053,5,0,0.534468441,-0.185375191,,,,
0_00852.mp4,0,72.10300429,61.11111111,14,0,0.6297546,-0.554103203,,,,
0_00853.mp4,0,73.07692308,71.42857143,8,0,0.715826176,-0.905001749,,,,
0_00854.mp4,0,55.90062112,60,8,0,0.812151649,-1.399234971,,,,
0_00855.mp4,0,87.44588745,24,20,0,0.813167014,-1.419778311,,,,
0_00856.mp4,0,62.5,64.70588235,6,0,0.517460759,-0.129491192,,,,
0_00857.mp4,0,79.44250871,44.82758621,19,0,0.772808974,-1.196681483,,,,
0_00858.mp4,0,73.1884058,61.53846154,10,0,0.829960482,-1.528228401,,,,
0_00859.mp4,0,28.57142857,95,1,0,0.925276452,-2.382830733,,,,
0_00860.mp4,0,9.6,100,0,0,0.5,-0.059467559,,,,
0_00861.mp4,0,41.71779141,89.47368421,3,0,0.724197561,-0.954318718,,,,
0_00862.mp4,0,69.23076923,50,12,1,0.654236029,0.517426602,,,,
0_00863.mp4,0,33.88429752,105,0,1,0.66777734,0.577916174,,,,
0_00864.mp4,0,77.16535433,54.16666667,18,1,0.610047583,0.342222403,,,,
0_00865.mp4,0,78.84615385,35.71428571,18,0,0.566031508,-0.317066279,,,,
0_00866.mp4,0,4.867256637,57.44680851,23,0,0.669461054,-0.718359968,,,,
0_00867.mp4,0,41.32841328,87.5,4,0,0.834757999,-1.559797318,,,,
0_00868.mp4,0,76.71232877,61.53846154,8,1,0.645749653,0.483408215,,,,
0_00869.mp4,0,82.84789644,35.71428571,19,1,0.769885002,1.036084832,,,,
0_00870.mp4,0,79.41176471,42.85714286,12,1,0.670250554,0.596910929,,,,
0_00871.mp4,0,73.46938776,40,6,1,0.556050465,0.141928708,,,,
0_00872.mp4,0,13.46938776,65.45454545,24,0,0.660842511,-0.686020954,,,,
0_00873.mp4,0,72.84768212,47.05882353,10,0,0.820586953,-1.46128452,,,,
0_00874.mp4,0,84.29752066,32.35294118,24,1,0.592858605,0.292417924,,,,
0_00875.mp4,0,70.73954984,45.94594595,20,1,0.879207041,1.748454637,,,,
0_00876.mp4,0,30.651341,121.7391304,1,0,0.853402685,-1.689999657,,,,
0_00877.mp4,0,79.45205479,45.71428571,21,1,0.74334248,0.923763004,,,,
0_00878.mp4,0,87.60806916,23.07692308,31,1,0.930282449,2.338549288,,,,
0_00879.mp4,0,61.21372032,63.04347826,17,0,0.727168351,-0.957120111,,,,
0_00880.mp4,0,45.83333333,91.66666667,1,1,0.597172786,0.308455164,,,,
0_00881.mp4,0,44.30379747,100,8,0,0.98753548,-4.097878952,,,,
0_00882.mp4,0,8.878504673,38.63636364,31,0,0.986099843,-3.962542349,,,,
0_00883.mp4,0,64.53900709,65.38461538,11,1,0.755037033,0.962373232,,,,
0_00884.mp4,0,83.61204013,40,22,1,0.647352684,0.494350236,,,,
0_00885.mp4,0,65.6,76.92307692,4,0,0.617848826,-0.505542206,,,,
0_00886.mp4,0,65.52901024,64.70588235,13,0,0.548987402,-0.243539076,,,,
0_00887.mp4,0,18.41432225,104.6511628,5,0,0.911150942,-2.186883207,,,,
0_00888.mp4,0,17.53246753,154.8387097,2,0,0.99856493,-6.094978348,,,,
0_00889.mp4,0,91.94029851,25.71428571,28,1,0.769429671,1.034783169,,,,
0_00890.mp4,0,21.49837134,192,2,0,0.973563897,-3.374157973,,,,
0_00891.mp4,0,84.44444444,40.90909091,17,1,0.545449281,0.10198924,,,,
0_00892.mp4,0,72.34042553,48.8372093,22,0,0.5,-0.062254656,,,,
0_00893.mp4,0,47.00460829,68,9,0,0.646996627,-0.63802813,,,,
0_00894.mp4,0,79.80295567,35,13,1,0.728334404,0.858407159,,,,
0_00895.mp4,0,85.10638298,27.27272727,25,1,0.696478232,0.708850096,,,,
0_00896.mp4,0,58.42696629,83.33333333,6,0,0.995930434,-5.083504069,,,,
0_00897.mp4,0,71.49321267,72.72727273,11,1,0.7230031,0.833683549,,,,
0_00898.mp4,0,85,31.81818182,15,0,0.621147152,-0.519575828,,,,
0_00899.mp4,0,55.86206897,85.18518519,10,0,0.605789214,-0.463693226,,,,
0_00900.mp4,0,94.54545455,18.18181818,9,1,0.527772617,0.037277929,,,,
0_00901.mp4,0,27.27272727,186.9565217,3,0,0.842954856,-1.61289007,,,,
0_00902.mp4,0,52.5,75,6,1,0.796335833,1.200658254,,,,
0_00903.mp4,0,34.36426117,146.4285714,5,0,0.958305975,-2.978128151,,,,
0_00904.mp4,0,6.338028169,98.83040936,2,0,0.518574329,-0.004415606,,,,
0_00905.mp4,0,26.4957265,96,1,0,0.61985573,-0.519927667,,,,
0_00906.mp4,0,61.58940397,86.20689655,11,0,0.568398516,-0.315737859,,,,
0_00907.mp4,0,27.65957447,333.3333333,0,1,0.634520087,0.423219265,,,,
0_00908.mp4,0,64.97890295,53.57142857,16,0,0.865563963,-1.782502577,,,,
0_00909.mp4,0,39.44153578,28.57142857,41,1,0.63326501,0.436085961,,,,
0_00910.mp4,0,20.56737589,188,3,0,0.98668707,-4.043965037,,,,
0_00911.mp4,0,63.36633663,62.5,9,0,0.888001276,-1.973651936,,,,
0_00912.mp4,0,11.88118812,123.5294118,1,1,0.550811207,0.130189083,,,,
0_00913.mp4,0,49.64028777,81.48148148,9,0,0.748137223,-1.072237783,,,,
0_00914.mp4,0,51.47679325,75,10,1,0.757570536,0.973441975,,,,
0_00915.mp4,0,73.84615385,40,9,0,0.547720753,-0.238860536,,,,
0_00916.mp4,0,83.62573099,34.28571429,24,0,0.915651661,-2.259168509,,,,
0_00917.mp4,0,66.20209059,63.63636364,12,1,0.932109422,2.364902683,,,,
0_00918.mp4,0,66.99507389,68.18181818,9,0,0.812139211,-1.413560239,,,,
0_00919.mp4,0,45.68965517,83.33333333,5,1,0.617047169,0.364783793,,,,
0_00920.mp4,0,1.388888889,66.66666667,20,0,0.711474011,-0.901327617,,,,
0_00921.mp4,0,72.81105991,55.55555556,12,0,0.6610988,-0.687142343,,,,
0_00922.mp4,0,45.20547945,48.7804878,25,0,0.864852528,-1.756839448,,,,
0_00923.mp4,0,87.40740741,40,11,0,0.946406558,-2.7474459,,,,
0_00924.mp4,0,84.44444444,40,7,0,0.536999042,-0.19477956,,,,
0_00925.mp4,0,64.22018349,73.91304348,9,0,0.821413557,-1.473697043,,,,
0_00926.mp4,0,65.43209877,60,9,0,0.707914837,-0.875065526,,,,
0_00927.mp4,0,23.94366197,145.4545455,0,0,0.69104542,-0.795284471,,,,
0_00928.mp4,0,69.95073892,60,12,1,0.798760016,1.204437357,,,,
0_00929.mp4,0,41.73913043,79.31034483,7,0,0.816838744,-1.437972,,,,
0_00930.mp4,0,60.96256684,61.9047619,8,0,0.923473526,-2.356855165,,,,
0_00931.mp4,0,1.428571429,28.57142857,25,1,0.545650976,0.111031675,,,,
0_00932.mp4,0,54.73684211,100,6,0,0.646474433,-0.630093685,,,,
0_00933.mp4,0,33.93939394,100,0,1,0.704173306,0.733670032,,,,
0_00934.mp4,0,88.14814815,33.33333333,18,0,0.558257511,-0.287884522,,,,
0_00935.mp4,0,54.7112462,65.71428571,12,0,0.630545862,-0.557366133,,,,
0_00936.mp4,0,76.5171504,42.55319149,28,0,0.850827837,-1.671239042,,,,
0_00937.mp4,0,72.94117647,45,12,0,0.553014001,-0.254557502,,,,
0_00938.mp4,0,72.61904762,44.44444444,11,0,0.829387811,-1.506152297,,,,
0_00939.mp4,0,80.88888889,28,19,0,0.516407179,-0.012382916,,,,
0_00940.mp4,0,78.91156463,48.48484848,19,0,0.66795243,-0.723170662,,,,
0_00941.mp4,0,77.16535433,51.85185185,14,0,0.66442604,-0.701754175,,,,
0_00942.mp4,0,57.79816514,59.09090909,9,0,0.565370572,-0.314578228,,,,
0_00943.mp4,0,75.58139535,47.05882353,10,0,0.997664055,-5.635943191,,,,
0_00944.mp4,0,74.56140351,41.37931034,20,0,0.925742573,-2.389175082,,,,
0_00945.mp4,0,45.05494505,95,1,0,0.671997533,-0.741162282,,,,
0_00946.mp4,0,68.37606838,46.66666667,8,0,0.75552562,-1.104384092,,,,
0_00947.mp4,0,69.87951807,47.05882353,9,1,0.606990897,0.327994507,,,,
0_00948.mp4,0,59.88023952,85.71428571,3,0,0.544789964,-0.230702235,,,,
0_00949.mp4,0,57.14285714,66.66666667,5,1,0.903879367,1.997466622,,,,
0_00950.mp4,0,86.66666667,23.07692308,20,1,0.763099255,1.021892102,,,,
0_00951.mp4,0,50,80,4,0,0.681952311,-0.759702991,,,,
0_00952.mp4,0,58.88888889,70,8,0,0.695794921,-0.832282815,,,,
0_00953.mp4,0,15.05376344,100,0,0,0.610221887,-0.476139646,,,,
0_00954.mp4,0,80.43478261,38.88888889,13,0,0.902617309,-2.10779195,,,,
0_00955.mp4,0,81.04265403,33.33333333,35,1,0.959818952,2.870611284,,,,
0_00956.mp4,0,4.670912951,12.96296296,48,0,0.794181399,-1.298730744,,,,
0_00957.mp4,0,59.2920354,64,10,1,0.725937856,0.847256365,,,,
0_00958.mp4,0,12.61261261,1150,1,1,0.634661835,0.447080991,,,,
0_00959.mp4,0,49.45454545,78.125,7,0,0.807236587,-1.374285365,,,,
0_00960.mp4,0,24.37275986,103.8461538,1,1,0.67783038,0.614188622,,,,
0_00961.mp4,0,14.92537313,100,0,0,0.589902517,-0.397194378,,,,
0_00962.mp4,0,15.56886228,70.83333333,23,1,0.725198205,0.828669791,,,,
0_00963.mp4,0,62.65060241,81.25,7,1,0.903535788,1.974397501,,,,
0_00964.mp4,0,62.16216216,75,4,0,0.515641631,-0.122780687,,,,
0_00965.mp4,0,53.88601036,69.56521739,7,0,0.530619244,-0.171087466,,,,
0_00966.mp4,0,57.53424658,66.66666667,8,0,0.654024638,-0.662356498,,,,
0_00967.mp4,0,70.23809524,56.25,7,0,0.994769062,-4.89566494,,,,
0_00968.mp4,0,40.6374502,84,5,0,0.926966671,-2.405585332,,,,
0_00969.mp4,0,89.14285714,27.77777778,13,0,0.887156018,-1.964403488,,,,
0_00970.mp4,0,88.10572687,33.33333333,18,0,0.664703134,-0.714301994,,,,
0_00971.mp4,0,86.07594937,25,21,0,0.632261988,-0.570615058,,,,
0_00972.mp4,0,85.62300319,31.25,24,0,0.6565067,-0.667137842,,,,
0_00973.mp4,0,59.375,76.92307692,3,0,0.681153998,-0.764301496,,,,
0_00974.mp4,0,98.47715736,4.347826087,22,0,0.975555641,-3.481197862,,,,
0_00975.mp4,0,20.27027027,100,0,0,0.986415806,-4.018771464,,,,
0_00976.mp4,0,23.03664921,45,31,0,0.766986945,-1.151989878,,,,
0_00977.mp4,0,72.94832827,61.76470588,17,0,0.819550082,-1.458998562,,,,
0_00978.mp4,0,66.17647059,71.42857143,5,0,0.638592306,-0.596912039,,,,
0_00979.mp4,0,63.38028169,62.5,6,1,0.649405709,0.511163512,,,,
0_00980.mp4,0,68.68686869,54.28571429,17,1,0.565514502,0.190669642,,,,
0_00981.mp4,0,72.94117647,66.66666667,6,0,0.589242085,-0.394663804,,,,
0_00982.mp4,0,20.81447964,86.95652174,3,0,0.689281452,-0.8041963,,,,
0_00983.mp4,0,88.56304985,25.64102564,30,0,0.977504041,-3.557848913,,,,
0_00984.mp4,0,30.58823529,195.6521739,14,0,0.70274204,-0.846411661,,,,
0_00985.mp4,0,77.27272727,39.13043478,14,0,0.542845188,-0.21077425,,,,
0_00986.mp4,0,33.33333333,82.14285714,6,0,0.934965952,-2.494959253,,,,
0_00987.mp4,0,42.73504274,87.23404255,7,1,0.575237061,0.211383037,,,,
0_00988.mp4,0,84.8,38.46153846,10,0,0.523446162,-0.138727386,,,,
0_00989.mp4,0,84.79262673,30,14,1,0.617923106,0.367982979,,,,
0_00990.mp4,0,42.40282686,87.87878788,4,1,0.595478172,0.296313604,,,,
0_00991.mp4,0,22.00647249,131.25,4,0,0.967455022,-3.183063534,,,,
0_00992.mp4,0,56.64739884,66.66666667,8,0,0.852497556,-1.680999401,,,,
0_00993.mp4,0,24,185.7142857,0,0,0.712511143,-0.89179879,,,,
0_00994.mp4,0,56.47058824,72.22222222,13,0,0.752201726,-1.092149988,,,,
0_00995.mp4,0,31.16883117,184.6153846,2,0,0.9389409,-2.581847849,,,,
0_00996.mp4,0,68.83116883,86.66666667,3,1,0.658363053,0.529647242,,,,
0_00997.mp4,0,81.18811881,41.66666667,9,0,0.901534113,-2.105773449,,,,
0_00998.mp4,0,48,92.59259259,6,0,0.586724456,-0.382708732,,,,
0_00999.mp4,0,75.96899225,45,24,0,0.718857847,-0.920243496,,,,
0_01000.mp4,0,13.17365269,98.41269841,1,0,0.658133508,-0.680118631,,,,
0_01001.mp4,0,40.94488189,83.87096774,5,1,0.647394936,0.503021679,,,,
0_01002.mp4,0,32.13114754,177.7777778,2,0,0.930600212,-2.456193012,,,,
0_01003.mp4,0,40.22346369,111.7647059,4,0,0.707893411,-0.880444125,,,,
0_01004.mp4,0,81.11111111,31.57894737,14,0,0.711910667,-0.887303838,,,,
0_01005.mp4,0,78.45303867,37.20930233,28,0,0.975361485,-3.470278394,,,,
0_01006.mp4,0,68.8172043,63.15789474,8,0,0.603031135,-0.447946913,,,,
0_01007.mp4,0,34.21052632,103.5714286,1,0,0.774038784,-1.203124916,,,,
0_01008.mp4,0,28,92,2,0,0.870421317,-1.810547172,,,,
0_01009.mp4,0,61.60337553,66.66666667,9,0,0.991427396,-4.448364511,,,,
0_01010.mp4,0,72.03065134,51.85185185,13,0,0.5,-0.066469933,,,,
0_01011.mp4,0,59.38566553,83.87096774,10,0,0.918611199,-2.289645736,,,,
0_01012.mp4,0,64.90066225,56.25,7,1,0.698962571,0.700745769,,,,
0_01013.mp4,0,74.71264368,50,11,1,0.812667985,1.27377501,,,,
0_01014.mp4,0,90.10989011,25,16,0,0.998266819,-5.921794739,,,,
0_01015.mp4,0,76.82926829,57.14285714,10,0,0.896889195,-2.058710221,,,,
0_01016.mp4,0,24.69135802,178.5714286,0,0,0.731119114,-0.976331523,,,,
0_01017.mp4,0,72.52747253,50,11,0,0.689393806,-0.804677999,,,,
0_01018.mp4,0,68.32740214,88.46153846,8,0,0.7713469,-1.189053095,,,,
0_01019.mp4,0,70.34482759,42.10526316,11,0,0.888519806,-1.957023361,,,,
0_01020.mp4,0,65.03067485,68.42105263,8,0,0.776020887,-1.209684991,,,,
0_01021.mp4,0,96.55172414,15,18,0,0.576972012,-0.345215583,,,,
0_01022.mp4,0,36.36363636,100,1,1,0.557054327,0.159207241,,,,
0_01023.mp4,0,82.98507463,29.41176471,24,0,0.904955293,-2.140810436,,,,
0_01024.mp4,0,16.66666667,100,0,0,0.660923183,-0.685024905,,,,
0_01025.mp4,0,52.52525253,84.61538462,2,1,0.745477725,0.913989964,,,,
0_01026.mp4,0,61.03286385,68.18181818,9,1,0.667310251,0.570622034,,,,
0_01027.mp4,0,40.83769634,95,1,1,0.804924066,1.24012489,,,,
0_01028.mp4,0,68.23529412,57.57575758,15,1,0.803836167,1.243893934,,,,
0_01029.mp4,0,25.26315789,95.23809524,1,1,0.552309768,0.127152822,,,,
0_01030.mp4,0,75.6097561,52,14,0,0.565888485,-0.309780964,,,,
0_01031.mp4,0,19.17808219,177.7777778,0,0,0.575927827,-0.335472143,,,,
0_01032.mp4,0,49.78902954,80,6,0,0.537957211,-0.212383241,,,,
0_01033.mp4,0,76.77725118,57.89473684,10,0,0.736996318,-1.014221355,,,,
0_01034.mp4,0,73.83512545,48.48484848,18,1,0.796033469,1.177468981,,,,
0_01035.mp4,0,89.47368421,23.52941176,15,0,0.937146895,-2.553504419,,,,
0_01036.mp4,0,61.98830409,82.35294118,5,1,0.932845896,2.375712815,,,,
0_01037.mp4,0,83.04668305,43.47826087,28,1,0.807912641,1.26791382,,,,
0_01038.mp4,0,67.65249538,12.72727273,49,0,0.66668685,-0.711739888,,,,
0_01039.mp4,0,58.06451613,64,9,0,0.845581572,-1.621902486,,,,
0_01040.mp4,0,57.92349727,100,5,0,0.651903497,-0.653244054,,,,
0_01041.mp4,0,69.1588785,47.61904762,11,1,0.65952336,0.543856225,,,,
0_01042.mp4,0,90.2173913,26.31578947,14,0,0.597004107,-0.424538185,,,,
0_01043.mp4,0,63.33333333,100,2,0,0.997330402,-5.527976325,,,,
0_01044.mp4,0,90.15151515,26.66666667,22,0,0.568928108,-0.317723046,,,,
0_01045.mp4,0,12.38095238,62,20,0,0.588723163,-0.396982339,,,,
0_01046.mp4,0,72.55813953,56.52173913,11,0,0.773886627,-1.202326365,,,,
0_01047.mp4,0,67.10526316,52.63157895,9,0,0.758934291,-1.116519471,,,,
0_01048.mp4,0,66.0944206,68,11,0,0.734210317,-0.990723874,,,,
0_01049.mp4,0,77.3006135,46.15384615,9,0,0.566086828,-0.298043983,,,,
0_01050.mp4,0,91.00529101,20.93023256,37,0,0.916624967,-2.273271131,,,,
0_01051.mp4,0,72,44,14,0,0.624243828,-0.531503569,,,,
0_01052.mp4,0,88.71794872,33.33333333,25,0,0.695079582,-0.8155287,,,,
0_01053.mp4,0,83.14606742,47.05882353,10,0,0.52234148,-0.145677989,,,,
0_01054.mp4,0,62.3655914,70.58823529,7,1,0.79290545,1.159815972,,,,
0_01055.mp4,0,38.7755102,133.3333333,0,0,0.526331082,-0.160271887,,,,
0_01056.mp4,0,80.37383178,34.7826087,17,0,0.905116604,-2.142539189,,,,
0_01057.mp4,0,93.10344828,25,9,0,0.516716874,-0.134077285,,,,
0_01058.mp4,0,62.62626263,60,10,0,0.5,-0.065393943,,,,
0_01059.mp4,0,92.85714286,18.75,13,0,0.845150242,-1.630795406,,,,
0_01060.mp4,0,82.53968254,35.71428571,10,0,0.932618363,-2.48518018,,,,
0_01061.mp4,0,67.2489083,55.17241379,13,1,0.725412453,0.829660191,,,,
0_01062.mp4,0,27.45098039,100,0,0,0.658603146,-0.676247465,,,,
0_01063.mp4,0,72.77108434,29.54545455,32,0,0.650077317,-0.633728447,,,,
0_01064.mp4,0,62.44343891,58.33333333,12,0,0.797586317,-1.323693084,,,,
0_01065.mp4,0,74.44444444,52.17391304,13,0,0.668716391,-0.718978988,,,,
0_01066.mp4,0,87.12871287,17.39130435,19,1,0.601525989,0.324626221,,,,
0_01067.mp4,0,40.22988506,87.87878788,9,0,0.690402493,-0.79549008,,,,
0_01068.mp4,0,68.46846847,66.66666667,5,0,0.884376038,-1.939096521,,,,
0_01069.mp4,0,61.37566138,75,7,0,0.86704781,-1.783233752,,,,
0_01070.mp4,0,46.10778443,81.57894737,8,1,0.693561999,0.702050696,,,,
0_01071.mp4,0,62.83185841,75,8,1,0.991920623,4.382509124,,,,
0_01072.mp4,0,10.04784689,86.84210526,19,0,0.984720362,-3.87607919,,,,
0_01073.mp4,0,42.2907489,126.3157895,1,1,0.62550853,0.413397275,,,,
0_01074.mp4,0,75.18796992,45.83333333,14,0,0.771609316,-1.174323606,,,,
0_01075.mp4,0,66.23376623,82.35294118,5,0,0.757583143,-1.11885409,,,,
0_01076.mp4,0,75.80645161,46.66666667,8,1,0.679525708,0.617407403,,,,
0_01077.mp4,0,37.5,100,0,0,0.536737101,-0.188032535,,,,
0_01078.mp4,0,72.62569832,45,12,0,0.67038173,-0.733957397,,,,
0_01079.mp4,0,28.74617737,109.0909091,8,0,0.995937506,-5.14035133,,,,
0_01080.mp4,0,9.578544061,98.82352941,1,1,0.616875321,0.38151683,,,,
0_01081.mp4,0,39.13043478,125,3,0,0.508085322,-0.042962356,,,,
0_01082.mp4,0,76.71232877,42.85714286,4,0,0.834237892,-1.553558815,,,,
0_01083.mp4,0,82.15488215,42.42424242,20,0,0.849576419,-1.662217429,,,,
0_01084.mp4,0,93.65079365,16.66666667,20,1,0.543658185,0.09601352,,,,
0_01085.mp4,0,91.66666667,24,20,0,0.612611076,-0.478748063,,,,
0_01086.mp4,0,35.60209424,95.23809524,1,0,0.578026475,-0.355879538,,,,
0_01087.mp4,0,9.473684211,1666.666667,0,0,0.955644897,-2.924820164,,,,
0_01088.mp4,0,71.42857143,51.1627907,22,1,0.695916534,0.697450968,,,,
0_01089.mp4,0,77.52442997,45.71428571,22,0,0.978309134,-3.587853104,,,,
0_01090.mp4,0,72.43243243,57.89473684,9,0,0.560558513,-0.289692815,,,,
0_01091.mp4,0,85.98130841,29.16666667,18,1,0.624504196,0.409693696,,,,
0_01092.mp4,0,25.89285714,161.1111111,4,0,0.517841169,-0.13089472,,,,
0_01093.mp4,0,92.59259259,26.66666667,14,1,0.706395526,0.752566184,,,,
0_01094.mp4,0,76.76767677,45,11,1,0.5381899,0.089170928,,,,
0_01095.mp4,0,41.73228346,88,4,0,0.955338638,-2.890609504,,,,
0_01096.mp4,0,94.38202247,10,18,1,0.539068507,0.071042399,,,,
0_01097.mp4,0,61.03896104,76.47058824,4,0,0.71330162,-0.895320837,,,,
0_01098.mp4,0,76.01246106,58.62068966,13,1,0.706575619,0.753367869,,,,
0_01099.mp4,0,97.2972973,13.63636364,19,0,0.535974235,-0.185196432,,,,
0_01100.mp4,0,22.89156627,105.1282051,5,0,0.98325075,-3.831548913,,,,
0_01101.mp4,0,31.79916318,100,0,0,0.965400981,-3.126678368,,,,
0_01102.mp4,0,66.31016043,63.63636364,10,0,0.907177245,-2.165689421,,,,
0_01103.mp4,0,51.03448276,114.2857143,0,1,0.762767735,1.010563831,,,,
0_01104.mp4,0,23.62204724,104.6511628,5,0,0.977658363,-3.559362018,,,,
0_01105.mp4,0,86.89655172,40,11,1,0.536247175,0.068594231,,,,
0_01106.mp4,0,77.41935484,41.17647059,20,0,0.943289712,-2.694168441,,,,
0_01107.mp4,0,94.6835443,12.5,36,0,0.596700929,-0.434348866,,,,
0_01108.mp4,0,42.52873563,68.42105263,7,0,0.511930096,-0.028836973,,,,
0_01109.mp4,0,63.90532544,70,7,0,0.626197452,-0.533766966,,,,
0_01110.mp4,0,55.28455285,91.30434783,9,1,0.645770681,0.48777447,,,,
0_01111.mp4,0,87.83783784,23.52941176,14,0,0.514340734,-0.117982979,,,,
0_01112.mp4,0,3.146067416,24.48979592,38,0,0.57798767,-0.362331578,,,,
0_01113.mp4,0,72.9468599,35,33,1,0.561331155,0.169283978,,,,
0_01114.mp4,0,71.82662539,47.36842105,20,0,0.872055462,-1.829534969,,,,
0_01115.mp4,0,28.26855124,162.962963,2,0,0.750680886,-1.075350188,,,,
0_01116.mp4,0,17.27272727,19.56521739,38,0,0.505960088,-0.043171953,,,,
0_01117.mp4,0,65.37216828,62.96296296,16,0,0.995384445,-5.017427225,,,,
0_01118.mp4,0,60.78431373,82.35294118,4,0,0.5,-0.067589521,,,,
0_01119.mp4,0,79.85865724,47.05882353,19,0,0.947023862,-2.758072813,,,,
0_01120.mp4,0,73.5483871,47.36842105,10,0,0.672152128,-0.734123022,,,,
0_01121.mp4,0,1.797752809,131.4285714,0,0,0.718680535,-0.917996086,,,,
0_01122.mp4,0,69.73180077,58.06451613,13,0,0.904484413,-2.127572609,,,,
0_01123.mp4,0,68.96551724,61.53846154,6,1,0.737832158,0.897289782,,,,
0_01124.mp4,0,13.04347826,100,0,0,0.518253751,-0.119513218,,,,
0_01125.mp4,0,32.17391304,70,21,1,0.532489783,0.054704503,,,,
0_01126.mp4,0,30.26315789,164.2857143,4,0,0.989219797,-4.231342868,,,,
0_01127.mp4,0,22.78481013,136.3636364,5,0,0.914927214,-2.230261463,,,,
0_01128.mp4,0,78.82352941,53.33333333,10,1,0.579772201,0.22805573,,,,
0_01129.mp4,0,23.25581395,275,0,0,0.628030089,-0.55320224,,,,
0_01130.mp4,0,57.2815534,75,6,0,0.865375851,-1.775460628,,,,
0_01131.mp4,0,72.5388601,55.55555556,9,0,0.6850268,-0.772663342,,,,
0_01132.mp4,0,41.66666667,84,4,1,0.860867426,1.61251345,,,,
0_01133.mp4,0,74.00881057,40,15,0,0.833200783,-1.530946855,,,,
0_01134.mp4,0,87.43169399,31.57894737,14,0,0.748650402,-1.065362503,,,,
0_01135.mp4,0,41.17647059,100,0,0,0.685171017,-0.773272949,,,,
0_01136.mp4,0,93.92265193,12.5,15,0,0.751422051,-1.072907887,,,,
0_01137.mp4,0,90.37037037,30,8,0,0.864456989,-1.753757222,,,,
0_01138.mp4,0,66.47058824,58.33333333,17,0,0.54056777,-0.214997784,,,,
0_01139.mp4,0,72.94117647,47.5,22,0,0.781452499,-1.22605786,,,,
0_01140.mp4,0,93.39207048,17.39130435,20,0,0.752780809,-1.095004675,,,,
0_01141.mp4,0,77.14987715,36.95652174,31,0,0.790544363,-1.275355915,,,,
0_01142.mp4,0,62.06896552,61.9047619,9,1,0.812739594,1.302846318,,,,
0_01143.mp4,0,86.11111111,45.45454545,8,0,0.694429081,-0.82636565,,,,
0_01144.mp4,0,2.966101695,89.79591837,10,0,0.799966922,-1.331755866,,,,
0_01145.mp4,0,69.47368421,52.38095238,11,0,0.519675507,-0.14495947,,,,
0_01146.mp4,0,56.21301775,77.77777778,10,1,0.640148691,0.443752126,,,,
0_01147.mp4,0,40.66193853,45.23809524,29,0,0.807423725,-1.38867931,,,,
0_01148.mp4,0,85.27131783,40,7,0,0.736844945,-1.018005106,,,,
0_01149.mp4,0,57.14285714,87.5,3,0,0.840340891,-1.597473949,,,,
0_01150.mp4,0,47.52475248,69.23076923,8,0,0.579468011,-0.361390682,,,,
0_01151.mp4,0,25,118.1818182,0,1,0.690892844,0.684585228,,,,
0_01152.mp4,0,87.70053476,26.19047619,31,0,0.829127172,-1.515862871,,,,
0_01153.mp4,0,60.6741573,62.96296296,10,0,0.691250577,-0.812652536,,,,
0_01154.mp4,0,14.84716157,63.82978723,19,0,0.801433385,-1.340240046,,,,
0_01155.mp4,0,87.65432099,23.52941176,14,0,0.685780008,-0.783997174,,,,
0_01156.mp4,0,58.38509317,70.58823529,7,0,0.672342303,-0.734964455,,,,
0_01157.mp4,0,51.88679245,66.66666667,8,0,0.707948298,-0.869539309,,,,
0_01158.mp4,0,74.07407407,40.74074074,17,1,0.531003053,0.04921078,,,,
0_01159.mp4,0,63.01369863,64.70588235,7,0,0.50558907,-0.09318562,,,,
0_01160.mp4,0,84.32835821,30,22,0,0.755275338,-1.098152406,,,,
0_01161.mp4,0,72.81553398,42.85714286,13,0,0.968925154,-3.255669551,,,,
0_01162.mp4,0,74.41860465,43.75,10,1,0.989300269,4.120726379,,,,
0_01163.mp4,0,33.19148936,35.71428571,32,0,0.505561636,-0.037326048,,,,
0_01164.mp4,0,48.88888889,76.47058824,5,0,0.587291901,-0.387203014,,,,
0_01165.mp4,0,50.98039216,100,3,0,0.757953779,-1.10508332,,,,
0_01166.mp4,0,2.448979592,26,40,0,0.813171069,-1.423010306,,,,
0_01167.mp4,0,80.49792531,41.66666667,15,0,0.95963019,-3.008375773,,,,
0_01168.mp4,0,46.57534247,84.61538462,2,1,0.886065905,1.804972476,,,,
0_01169.mp4,0,75.94936709,53.57142857,15,1,0.670759893,0.584829168,,,,
0_01170.mp4,0,8.092485549,98.30508475,1,0,0.610665084,-0.470965549,,,,
0_01171.mp4,0,66.89419795,62.06896552,14,1,0.54441286,0.10643728,,,,
0_01172.mp4,0,64.08839779,47.82608696,13,1,0.733677517,0.877565614,,,,
0_01173.mp4,0,14.70588235,126.3157895,1,0,0.5,-0.076800211,,,,
0_01174.mp4,0,40,100,0,0,0.687744242,-0.781051108,,,,
0_01175.mp4,0,68.61313869,57.14285714,6,1,0.705647157,0.755146012,,,,
0_01176.mp4,0,64.1509434,58.33333333,5,1,0.820462423,1.322045437,,,,
0_01177.mp4,0,59.9078341,78.94736842,5,1,0.771182689,1.063647285,,,,
0_01178.mp4,0,66.99507389,50,11,0,0.828727628,-1.520230686,,,,
0_01179.mp4,0,60.43956044,70,12,0,0.579900123,-0.350681248,,,,
0_01180.mp4,0,29.10447761,52,33,1,0.700628989,0.708028569,,,,
0_01181.mp4,0,25.07836991,146.6666667,6,0,0.985930043,-3.951449277,,,,
0_01182.mp4,0,60.37735849,72.97297297,14,0,0.988466495,-4.16925276,,,,
0_01183.mp4,0,56.08856089,85.18518519,4,0,0.5156282,-0.12114887,,,,
0_01184.mp4,0,62.82051282,60,8,0,0.847578126,-1.636094634,,,,
0_01185.mp4,0,64.32748538,73.33333333,7,0,0.965206835,-3.147372255,,,,
0_01186.mp4,0,62.31884058,73.33333333,4,1,0.727414425,0.828528404,,,,
0_01187.mp4,0,64.70588235,64.70588235,9,0,0.794878228,-1.316356192,,,,
0_01188.mp4,0,80.23255814,40,14,1,0.657382363,0.54367776,,,,
0_01189.mp4,0,71.42857143,66.66666667,9,0,0.976267126,-3.508301771,,,,
0_01190.mp4,0,87.87878788,25,11,0,0.647208614,-0.63321,,,,
0_01191.mp4,0,41.02564103,82.60869565,7,0,0.745137821,-1.048210233,,,,
0_01192.mp4,0,12.6984127,174.0740741,3,0,0.843996797,-1.62015925,,,,
0_01193.mp4,0,36.47798742,88.88888889,2,0,0.895453663,-2.040411526,,,,
0_01194.mp4,0,60.07905138,66.66666667,9,0,0.648344907,-0.632034054,,,,
0_01195.mp4,0,69.56521739,56.25,9,0,0.82030329,-1.453915063,,,,
0_01196.mp4,0,71.51898734,53.125,17,1,0.755158348,0.987755843,,,,
0_01197.mp4,0,83.72093023,50,13,0,0.659661334,-0.686760882,,,,
0_01198.mp4,0,86.75324675,27.5,33,0,0.514056323,-0.013331528,,,,
0_01199.mp4,0,40.22346369,112.5,2,0,0.526785143,-0.156873573,,,,
0_01200.mp4,0,12.67605634,191.3043478,2,0,0.900988536,-2.100144517,,,,
0_01201.mp4,0,11.25827815,170.3703704,0,0,0.983769201,-3.820877985,,,,
0_01202.mp4,0,36,95.45454545,1,0,0.512711906,-0.01091581,,,,
0_01203.mp4,0,90.45643154,18.51851852,24,0,0.846217695,-1.619180439,,,,
0_01204.mp4,0,78.16091954,44,16,0,0.762240116,-1.126519792,,,,
0_01205.mp4,0,58.13953488,80,4,0,0.548085896,-0.230340663,,,,
0_01206.mp4,0,80.70175439,38.46153846,9,0,0.87571521,-1.863500589,,,,
0_01207.mp4,0,51.42857143,91.66666667,4,0,0.512484603,-0.098185265,,,,
0_01208.mp4,0,87.13450292,28.57142857,25,0,0.959942617,-3.021781718,,,,
0_01209.mp4,0,8.421052632,98.5915493,1,1,0.567441958,0.197840786,,,,
0_01210.mp4,0,88.11188811,18.75,13,0,0.697356204,-0.825344968,,,,
0_01211.mp4,0,48.97959184,80,4,0,0.676624063,-0.737398923,,,,
0_01212.mp4,0,55.4973822,86.66666667,6,0,0.990816755,-4.382004933,,,,
0_01213.mp4,0,44.44444444,89.65517241,6,1,0.763873295,1.025847419,,,,
0_01214.mp4,0,87,25,33,1,0.70286174,0.73689302,,,,
0_01215.mp4,0,58.57142857,71.42857143,6,0,0.792738519,-1.300766469,,,,
0_01216.mp4,0,60.26490066,82.14285714,8,1,0.519798179,0.01527382,,,,
0_01217.mp4,0,45.50898204,94.44444444,3,0,0.898145285,-2.061754278,,,,
0_01218.mp4,0,83.38983051,45.45454545,18,0,0.609893394,-0.473618886,,,,
0_01219.mp4,0,77.01863354,42.85714286,10,0,0.663359629,-0.695581773,,,,
0_01220.mp4,0,77.39130435,48.27586207,15,0,0.62415303,-0.525408148,,,,
0_01221.mp4,0,55.21472393,100,4,0,0.846797441,-1.630527253,,,,
0_01222.mp4,0,54.47470817,80,8,0,0.949698106,-2.801608098,,,,
0_01223.mp4,0,10.46025105,98.92473118,1,0,0.802378264,-1.345731607,,,,
0_01224.mp4,0,76.92307692,47.05882353,12,0,0.529597463,-0.167297863,,,,
0_01225.mp4,0,52.28215768,76.92307692,9,1,0.726205042,0.842575035,,,,
0_01226.mp4,0,97.4025974,5.555555556,17,1,0.628913114,0.425941056,,,,
0_01227.mp4,0,25.2559727,151.7241379,6,0,0.701502602,-0.857174015,,,,
0_01228.mp4,0,45.94594595,80,5,0,0.881060609,-1.906388788,,,,
0_01229.mp4,0,70.14218009,63.63636364,11,0,0.579401663,-0.3487693,,,,
0_01230.mp4,0,74.8502994,43.58974359,22,0,0.808404385,-1.377005099,,,,
0_01231.mp4,0,41.97530864,128.5714286,3,0,0.706389313,-0.862588828,,,,
0_01232.mp4,0,28.73563218,100,0,0,0.987315063,-4.081760421,,,,
0_01233.mp4,0,87.44588745,23.80952381,17,1,0.651846308,0.507808467,,,,
0_01234.mp4,0,7.228915663,100,0,0,0.601208188,-0.440846112,,,,
0_01235.mp4,0,70.83333333,57.14285714,6,1,0.589628128,0.266564081,,,,
0_01236.mp4,0,54.30463576,72.22222222,5,1,0.76709389,1.032715362,,,,
0_01237.mp4,0,79.47598253,44.44444444,15,0,0.701040521,-0.850124968,,,,
0_01238.mp4,0,37.24137931,123.0769231,2,1,0.851474169,1.529747642,,,,
0_01239.mp4,0,3.195739015,69.33333333,33,0,0.544864257,-0.224074947,,,,
0_01240.mp4,0,88.70967742,26.92307692,20,0,0.53440427,-0.189854939,,,,
0_01241.mp4,0,9.691629956,111.1111111,0,1,0.690339061,0.682192726,,,,
0_01242.mp4,0,64.84018265,69.56521739,7,0,0.561810146,-0.294402492,,,,
0_01243.mp4,0,84.81012658,35.29411765,11,1,0.819445627,1.314881759,,,,
0_01244.mp4,0,1.403508772,78.68852459,13,1,0.853661661,1.558391435,,,,
0_01245.mp4,0,76.39484979,56,13,0,0.977908514,-3.574638147,,,,
0_01246.mp4,0,6.418918919,98.11320755,2,0,0.866640214,-1.779973585,,,,
0_01247.mp4,0,94.48818898,19.04761905,18,0,0.612135521,-0.476844037,,,,
0_01248.mp4,0,70.07874016,56.25,14,1,0.697552902,0.694602946,,,,
0_01249.mp4,0,94.20289855,7.142857143,13,0,0.927212081,-2.38464621,,,,
0_01250.mp4,0,24.70588235,89.47368421,3,0,0.60653973,-0.461665795,,,,
0_01251.mp4,0,46.89655172,83.33333333,3,0,0.69866635,-0.844771605,,,,
0_01252.mp4,0,87.64044944,26.31578947,15,0,0.765524737,-1.144452685,,,,
0_01253.mp4,0,72.72727273,42.85714286,16,0,0.618870935,-0.522039161,,,,
0_01254.mp4,0,80.54298643,46.15384615,17,1,0.534638227,0.062387127,,,,
0_01255.mp4,0,87.87878788,21.42857143,11,0,0.508199329,-0.021787907,,,,
0_01256.mp4,0,48.04469274,89.47368421,4,0,0.505830076,-0.094070849,,,,
0_01257.mp4,0,76.57142857,45.45454545,12,0,0.888997199,-1.972897128,,,,
0_01258.mp4,0,69.36708861,56.52173913,21,0,0.820041268,-1.452274889,,,,
0_01259.mp4,0,80,37.83783784,25,0,0.525674206,-0.146978989,,,,
0_01260.mp4,0,8.121827411,100,0,1,0.629147244,0.408887699,,,,
0_01261.mp4,0,69.47368421,55.17241379,17,0,0.515650097,-0.007455036,,,,
0_01262.mp4,0,29.21348315,90,1,1,0.809270542,1.281983957,,,,
0_01263.mp4,0,77.62557078,54.54545455,11,0,0.756243514,-1.096602357,,,,
0_01264.mp4,0,73.82550336,35.29411765,11,0,0.506558809,-0.076292829,,,,
0_01265.mp4,0,60.20408163,73.33333333,8,0,0.814922589,-1.426197046,,,,
0_01266.mp4,0,83.26848249,37.93103448,19,0,0.74904499,-1.076666304,,,,
0_01267.mp4,0,56.32183908,78.94736842,4,1,0.84288139,1.481401055,,,,
0_01268.mp4,0,40.78947368,93.75,1,0,0.702274986,-0.844348405,,,,
0_01269.mp4,0,75.25773196,57.89473684,9,0,0.69193367,-0.810442578,,,,
0_01270.mp4,0,96.35854342,14.28571429,30,0,0.589279272,-0.405594949,,,,
0_01271.mp4,0,76.19047619,47.05882353,9,0,0.868591351,-1.786357073,,,,
0_01272.mp4,0,74.43946188,46.15384615,15,0,0.65896102,-0.672102522,,,,
0_01273.mp4,0,70.46632124,47.36842105,10,1,0.720991353,0.799003558,,,,
0_01274.mp4,0,78.83817427,52.17391304,15,0,0.939885419,-2.638142276,,,,
0_01275.mp4,0,66.91449814,65.2173913,10,0,0.865600162,-1.771692733,,,,
0_01276.mp4,0,77.41935484,53.84615385,8,0,0.608051222,-0.46628248,,,,
0_01277.mp4,0,89.92248062,28.57142857,11,0,0.5,-0.064320569,,,,
0_01278.mp4,0,58.11965812,70,5,0,0.923986354,-2.358111895,,,,
0_01279.mp4,0,48.23529412,89.47368421,4,0,0.76842189,-1.165052738,,,,
0_01280.mp4,0,77.33333333,50,9,0,0.913793998,-2.231703721,,,,
0_01281.mp4,0,85.54216867,27.27272727,24,0,0.507117125,-0.038158432,,,,
0_01282.mp4,0,20.6405694,165.3846154,7,0,0.882029648,-1.898735154,,,,
0_01283.mp4,0,74.46808511,58.33333333,7,1,0.544598174,0.099493501,,,,
0_01284.mp4,0,87.59124088,24,20,0,0.682658172,-0.775965903,,,,
0_01285.mp4,0,15.61561562,98.14814815,1,0,0.573905223,-0.32775141,,,,
0_01286.mp4,0,73.64341085,50,15,1,0.615836761,0.354714421,,,,
0_01287.mp4,0,57.14285714,79.31034483,6,0,0.752721157,-1.079795362,,,,
0_01288.mp4,0,25.5033557,135.483871,4,0,0.979661532,-3.646459405,,,,
0_01289.mp4,0,25.47770701,93.93939394,2,0,0.545682287,-0.23402551,,,,
0_01290.mp4,0,37.44680851,142.1052632,2,0,0.994502876,-4.809236046,,,,
0_01291.mp4,0,80.57142857,44.73684211,26,1,0.527487027,0.043715374,,,,
0_01292.mp4,0,17.53246753,154.8387097,2,0,0.99856493,-6.094978348,,,,
0_01293.mp4,0,35.26170799,97.05882353,1,1,0.567425472,0.1758117,,,,
0_01294.mp4,0,79.58115183,38.46153846,25,0,0.914482741,-2.248316447,,,,
0_01295.mp4,0,40.53156146,96.77419355,4,0,0.732814174,-0.994448497,,,,
0_01296.mp4,0,86.41975309,30,14,0,0.648544664,-0.627176173,,,,
0_01297.mp4,0,16.16161616,1000,0,0,0.860947422,-1.74659295,,,,
0_01298.mp4,0,88.26815642,15,17,0,0.622226317,-0.517557238,,,,
0_01299.mp4,0,1.547388781,56.89655172,27,1,0.678389703,0.637014895,,,,
0_01300.mp4,0,76.8,50,15,1,0.647084193,0.468976393,,,,
0_01301.mp4,0,32,136.3636364,4,0,0.875265457,-1.861505094,,,,
0_01302.mp4,0,70.11494253,68.75,12,0,0.641841708,-0.604462524,,,,
0_01303.mp4,0,80.34188034,40,6,0,0.668562122,-0.720058232,,,,
0_01304.mp4,0,48.52941176,74.07407407,7,0,0.761842048,-1.125612801,,,,
0_01305.mp4,0,56.75675676,83.33333333,4,0,0.682402881,-0.76159813,,,,
0_01306.mp4,0,34.74576271,84,4,0,0.893801563,-2.018722426,,,,
0_01307.mp4,0,10.27190332,98.24561404,1,0,0.61998227,-0.526514368,,,,
0_01308.mp4,0,31.80212014,169.2307692,6,0,0.962871305,-3.090523883,,,,
0_01309.mp4,0,62.79863481,59.375,14,0,0.695598847,-0.820739362,,,,
0_01310.mp4,0,76.92307692,41.17647059,10,1,0.768179401,1.048016145,,,,
0_01311.mp4,0,59.28338762,72.22222222,11,1,0.677463162,0.612655598,,,,
0_01312.mp4,0,50.53191489,83.33333333,7,1,0.743717306,0.90549229,,,,
0_01313.mp4,0,85.71428571,33.33333333,6,0,0.823221245,-1.482047402,,,,
0_01314.mp4,0,63.44827586,53.84615385,7,1,0.798115774,1.216784454,,,,
0_01315.mp4,0,13.28125,18.36734694,42,0,0.815652434,-1.430670832,,,,
0_01316.mp4,0,24.7734139,151.6129032,3,0,0.915656,-2.238833355,,,,
0_01317.mp4,0,31.09243697,86.20689655,6,0,0.532267522,-0.191357367,,,,
0_01318.mp4,0,83.14606742,38.88888889,12,1,0.540729198,0.092772995,,,,
0_01319.mp4,0,82.17821782,43.47826087,26,1,0.611543871,0.347753326,,,,
0_01320.mp4,0,33.05785124,242.1052632,4,0,0.956699197,-2.948953916,,,,
0_01321.mp4,0,65.27777778,72.4137931,9,0,0.627900279,-0.558642498,,,,
0_01322.mp4,0,39.65517241,100,3,0,0.933273889,-2.494801174,,,,
0_01323.mp4,0,8.275862069,209.0909091,4,0,0.983473029,-3.838663202,,,,
0_01324.mp4,0,75.14450867,47.36842105,11,1,0.535818991,0.066709213,,,,
0_01325.mp4,0,88.88888889,37.5,11,0,0.739515885,-1.021077968,,,,
0_01326.mp4,0,84.12017167,28.57142857,17,0,0.540787053,-0.222859044,,,,
0_01327.mp4,0,76.816609,44.44444444,20,0,0.580150218,-0.364001742,,,,
0_01328.mp4,0,77.77777778,46.875,20,0,0.864627802,-1.773056597,,,,
0_01329.mp4,0,23.52941176,142.4242424,3,0,0.782969884,-1.246925577,,,,
0_01330.mp4,0,45.83333333,125,3,1,0.648133862,0.51188451,,,,
0_01331.mp4,0,100,0,15,1,0.529537482,0.035922233,,,,
0_01332.mp4,0,42.26415094,179.1666667,3,0,0.970443013,-3.302036487,,,,
0_01333.mp4,0,21.96531792,115.3846154,5,0,0.982298831,-3.775154712,,,,
0_01334.mp4,0,32.59259259,100,0,1,0.559255047,0.152650274,,,,
0_01335.mp4,0,41.37931034,85,3,0,0.75802087,-1.111916667,,,,
0_01336.mp4,0,55.97667638,73.52941176,14,0,0.736836644,-1.017965798,,,,
0_01337.mp4,0,70.53941909,47.61904762,12,0,0.985563204,-3.962776255,,,,
0_01338.mp4,0,20.63037249,124.3243243,4,0,0.820170051,-1.458672888,,,,
0_01339.mp4,0,48.58757062,76.19047619,5,0,0.511072235,-0.113329027,,,,
0_01340.mp4,0,89.55223881,41.66666667,8,0,0.642786075,-0.614504679,,,,
0_01341.mp4,0,77.3480663,42.85714286,25,0,0.80416977,-1.35619829,,,,
0_01342.mp4,0,87.94326241,25,12,0,0.871980614,-1.834186965,,,,
0_01343.mp4,0,72.88135593,40,9,0,0.850633691,-1.667417476,,,,
0_01344.mp4,0,65.53672316,72.72727273,6,0,0.741480226,-1.035646942,,,,
0_01345.mp4,0,84.13793103,30.76923077,9,0,0.580589474,-0.361689256,,,,
0_01346.mp4,0,73.64016736,50,14,0,0.923942974,-2.357541821,,,,
0_01347.mp4,0,46.77419355,100,0,0,0.742794762,-1.041973923,,,,
0_01348.mp4,0,28.71794872,95,1,0,0.919941818,-2.290648793,,,,
0_01349.mp4,0,5.449591281,47.94520548,44,0,0.623488653,-0.534658742,,,,
0_01350.mp4,0,9.631728045,98.07692308,1,0,0.648023381,-0.636673582,,,,
0_01351.mp4,0,71.15902965,57.89473684,18,0,0.93824456,-2.564033703,,,,
0_01352.mp4,0,62.13017751,65.85365854,15,0,0.861237181,-1.743084432,,,,
0_01353.mp4,0,77.25321888,20.83333333,39,1,0.605399268,0.333154298,,,,
0_01354.mp4,0,70.24390244,70,10,1,0.707553767,0.748666721,,,,
0_01355.mp4,0,47.89915966,122.2222222,3,1,0.729611767,0.864375681,,,,
0_01356.mp4,0,26.9005848,95,1,1,0.543469151,0.108751553,,,,
0_01357.mp4,0,93.05555556,11.76470588,15,0,0.661069346,-0.685656729,,,,
0_01358.mp4,0,67.38351254,60.71428571,13,1,0.895575328,1.898870997,,,,
0_01359.mp4,0,51.02040816,125,6,0,0.884392911,-1.919629058,,,,
0_01360.mp4,0,91.19170984,19.04761905,17,0,0.646925478,-0.620275255,,,,
0_01361.mp4,0,65.96858639,60,9,1,0.793748574,1.164532267,,,,
0_01362.mp4,0,55.2238806,61.29032258,12,1,0.572624465,0.203434962,,,,
0_01363.mp4,0,87.71929825,25,16,0,0.678109921,-0.739971627,,,,
0_01364.mp4,0,63.878327,57.14285714,12,1,0.537911005,0.088136952,,,,
0_01365.mp4,0,75.82697201,55,19,0,0.742834231,-1.046575757,,,,
0_01366.mp4,0,80.25889968,39.47368421,24,0,0.757263345,-1.101654672,,,,
0_01367.mp4,0,60.71428571,84.61538462,13,0,0.74168282,-1.036620673,,,,
0_01368.mp4,0,13.47150259,100,0,0,0.686376313,-0.778373674,,,,
0_01369.mp4,0,20.32520325,125,0,0,0.588006344,-0.387667604,,,,
0_01370.mp4,0,84.15841584,20.93023256,34,1,0.581758507,0.235357746,,,,
0_01371.mp4,0,76.47058824,51.42857143,18,1,0.574661378,0.209266654,,,,
0_01372.mp4,0,78.88446215,40.74074074,16,1,0.708166562,0.744298682,,,,
0_01373.mp4,0,78.26086957,42.10526316,12,0,0.766533903,-1.160145152,,,,
0_01374.mp4,0,39.78494624,100,6,1,0.917722118,2.172954171,,,,
0_01375.mp4,0,36.22047244,96.66666667,1,0,0.721797,-0.93227563,,,,
0_01376.mp4,0,54.48504983,70.58823529,10,0,0.854776945,-1.688570173,,,,
0_01377.mp4,0,10.59602649,110.7142857,0,0,0.660784192,-0.680063137,,,,
0_01378.mp4,0,71.68458781,70.37037037,12,1,0.637623485,0.452085335,,,,
0_01379.mp4,0,81.31868132,30,7,0,0.95307427,-2.873565305,,,,
0_01380.mp4,0,83.96946565,30.76923077,11,1,0.86877529,1.658427011,,,,
0_01381.mp4,0,70.41198502,54.16666667,14,0,0.761863127,-1.136270106,,,,
0_01382.mp4,0,2.376237624,53.65853659,27,0,0.589349172,-0.387125681,,,,
0_01383.mp4,0,67.2,61.53846154,5,0,0.802069796,-1.340168242,,,,
0_01384.mp4,0,70.80745342,60,8,0,0.939776167,-2.636413719,,,,
0_01385.mp4,0,1.032702238,36.20689655,38,1,0.909719715,2.079165105,,,,
0_01386.mp4,0,78.3625731,38.0952381,26,0,0.865876518,-1.782921569,,,,
0_01387.mp4,0,90.75630252,27.27272727,9,0,0.732109436,-0.991136022,,,,
0_01388.mp4,0,47.11111111,82.14285714,5,1,0.560928545,0.15879697,,,,
0_01389.mp4,0,55.23012552,76.92307692,7,1,0.624521143,0.395614263,,,,
0_01390.mp4,0,8.051529791,99.2248062,1,0,0.871638318,-1.829473714,,,,
0_01391.mp4,0,30.26315789,164.2857143,4,0,0.991350762,-4.442523058,,,,
0_01392.mp4,0,54.05405405,100,2,0,0.835311906,-1.563489208,,,,
0_01393.mp4,0,56.33802817,69.56521739,9,1,0.523231893,0.033776688,,,,
0_01394.mp4,0,76.87861272,47.05882353,22,0,0.5,-0.066460675,,,,
0_01395.mp4,0,51.5942029,76.47058824,8,0,0.776686619,-1.208474911,,,,
0_01396.mp4,0,54.98007968,72.4137931,9,0,0.998477933,-6.040766397,,,,
0_01397.mp4,0,15.04424779,28,55,0,0.757456481,-1.109078572,,,,
0_01398.mp4,0,89.36170213,13.33333333,13,1,0.908492875,2.065459701,,,,
0_01399.mp4,0,15.11111111,88.46153846,5,1,0.734271217,0.860530381,,,,
0_01400.mp4,0,18.70503597,180,5,0,0.990444964,-4.345332594,,,,
0_01401.mp4,0,81.04575163,35.29411765,13,0,0.864721189,-1.773791697,,,,
0_01402.mp4,0,86.26198083,25,22,1,0.54976966,0.110534788,,,,
0_01403.mp4,0,88,33.33333333,11,0,0.787434476,-1.261074764,,,,
0_01404.mp4,0,27.72277228,155.1724138,1,0,0.992407922,-4.562941449,,,,
0_01405.mp4,0,48,90.90909091,4,0,0.878419038,-1.88333989,,,,
0_01406.mp4,0,66.66666667,61.9047619,10,0,0.901767009,-2.104395241,,,,
0_01407.mp4,0,44.44444444,114.2857143,3,0,0.892394508,-2.013608942,,,,
0_01408.mp4,0,79.67032967,44.44444444,23,0,0.9863687,-4.016886303,,,,
0_01409.mp4,0,54.41176471,84.61538462,2,0,0.850965202,-1.672233119,,,,
0_01410.mp4,0,70.58823529,48.7804878,22,0,0.836277335,-1.563248022,,,,
0_01411.mp4,0,54.08163265,75,10,1,0.868023523,1.679732119,,,,
0_01412.mp4,0,94.47852761,7.142857143,13,0,0.663909104,-0.70533717,,,,
0_01413.mp4,0,21.96531792,115.3846154,5,0,0.982798278,-3.767755203,,,,
0_01414.mp4,0,20,76.92307692,6,0,0.85060307,-1.66961409,,,,
0_01415.mp4,0,66.40926641,56.52173913,13,0,0.706400473,-0.873803966,,,,
0_01416.mp4,0,76.66666667,38.46153846,9,1,0.722499837,0.805899582,,,,
0_01417.mp4,0,71.86440678,61.29032258,20,0,0.595580333,-0.419036095,,,,
0_01418.mp4,0,29.88505747,86.95652174,3,0,0.710621062,-0.897516021,,,,
0_01419.mp4,0,21.08433735,105.1282051,5,0,0.853921262,-1.67431069,,,,
0_01420.mp4,0,36.61971831,91.66666667,2,0,0.696560235,-0.830518492,,,,
0_01421.mp4,0,63.41463415,64.70588235,6,0,0.808051802,-1.392392601,,,,
0_01422.mp4,0,72.37354086,48.38709677,16,0,0.572281575,-0.330315663,,,,
0_01423.mp4,0,81.94070081,37.83783784,27,0,0.771610466,-1.181673733,,,,
0_01424.mp4,0,82.78688525,31.03448276,22,0,0.78272424,-1.240924191,,,,
0_01425.mp4,0,65.30612245,68.18181818,7,0,0.892444911,-2.005600741,,,,
0_01426.mp4,0,27.13864307,122.8571429,7,0,0.986867832,-4.055091792,,,,
0_01427.mp4,0,16.51376147,107.6923077,5,0,0.980234471,-3.677531846,,,,
0_01428.mp4,0,48.32214765,89.47368421,2,1,0.524113382,0.037037831,,,,
0_01429.mp4,0,32.17922607,24.52830189,42,1,0.725719117,0.820694128,,,,
0_01430.mp4,0,18.18181818,100,0,0,0.845225236,-1.612243909,,,,
0_01431.mp4,0,84.29752066,33.33333333,10,0,0.805192006,-1.362203079,,,,
0_01432.mp4,0,51.74825175,94.11764706,3,0,0.670893839,-0.741625272,,,,
0_01433.mp4,0,61.53846154,70.58823529,8,1,0.75036635,0.937792459,,,,
0_01434.mp4,0,88.37209302,26.92307692,19,0,0.844801011,-1.625797016,,,,
0_01435.mp4,0,63.67713004,73.91304348,10,0,0.989209396,-4.238142261,,,,
0_01436.mp4,0,92.53731343,19.04761905,19,0,0.992994216,-4.634379792,,,,
0_01437.mp4,0,82.44274809,58.33333333,7,0,0.816407627,-1.429719018,,,,
0_01438.mp4,0,42.10526316,100,3,0,0.722639397,-0.941818364,,,,
0_01439.mp4,0,50.4587156,83.33333333,4,0,0.671846926,-0.745863144,,,,
0_01440.mp4,0,80.36809816,35.29411765,27,0,0.806001832,-1.376962783,,,,
0_01441.mp4,0,39.15343915,87.5,3,1,0.741183418,0.893327666,,,,
0_01442.mp4,0,66.95652174,67.85714286,11,1,0.519759938,0.007703104,,,,
0_01443.mp4,0,37.98882682,146.6666667,3,1,0.712015928,0.758433429,,,,
0_01444.mp4,0,78.92376682,42.85714286,14,0,0.977582071,-3.556199975,,,,
0_01445.mp4,0,88.93442623,6.25,45,0,0.573930569,-0.327848066,,,,
0_01446.mp4,0,67.77408638,62.85714286,13,0,0.697938199,-0.830960153,,,,
0_01447.mp4,0,2.597402597,79.59183673,11,0,0.815638434,-1.420227847,,,,
0_01448.mp4,0,9.404388715,98.27586207,1,0,0.603129968,-0.446781302,,,,
0_01449.mp4,0,77.92207792,45.45454545,18,0,0.815088075,-1.427210243,,,,
0_01450.mp4,0,34.10138249,95.83333333,1,1,0.873097178,1.696847564,,,,
0_01451.mp4,0,60.10928962,61.11111111,8,0,0.960614162,-3.007049572,,,,
0_01452.mp4,0,60.60606061,83.33333333,6,0,0.769308906,-1.162461508,,,,
0_01453.mp4,0,41.2979351,83.33333333,5,0,0.809112176,-1.385455099,,,,
0_01454.mp4,0,67.74193548,58.33333333,5,1,0.898222324,1.925130611,,,,
0_01455.mp4,0,24,96.22641509,2,0,0.562184,-0.295810119,,,,
0_01456.mp4,0,35.29411765,100,0,1,0.548064648,0.111579284,,,,
0_01457.mp4,0,62.58503401,62.5,7,1,0.746786594,0.940498093,,,,
0_01458.mp4,0,83.22981366,33.33333333,13,1,0.695753538,0.686785466,,,,
0_01459.mp4,0,71.29909366,55.55555556,18,1,0.994517961,4.678596806,,,,
0_01460.mp4,0,63.63636364,75,4,0,0.726620351,-0.955571172,,,,
0_01461.mp4,0,89.01098901,22.22222222,15,0,0.724479251,-0.955618135,,,,
0_01462.mp4,0,80.64516129,33.33333333,14,0,0.815842511,-1.4392448,,,,
0_01463.mp4,0,74.82014388,55.17241379,15,1,0.730825581,0.846720375,,,,
0_01464.mp4,0,34.68208092,94.44444444,2,1,0.580730537,0.231578792,,,,
0_01465.mp4,0,13.29787234,100,0,0,0.790473691,-1.274966745,,,,
0_01466.mp4,0,29.47368421,51.80722892,41,0,0.573055129,-0.336935228,,,,
0_01467.mp4,0,74.71264368,45.45454545,12,0,0.690410867,-0.809042849,,,,
0_01468.mp4,0,4.366812227,66.66666667,19,0,0.703683246,-0.85625355,,,,
0_01469.mp4,0,65.88235294,50,7,1,0.536390757,0.076689701,,,,
0_01470.mp4,0,91.13924051,12.5,14,0,0.668673524,-0.726366827,,,,
0_01471.mp4,0,80.75471698,33.33333333,22,0,0.533156746,-0.174729115,,,,
0_01472.mp4,0,76.04166667,62.5,8,1,0.683022441,0.650799881,,,,
0_01473.mp4,0,88.42975207,26.08695652,19,0,0.539590154,-0.211366035,,,,
0_01474.mp4,0,51.1627907,88.88888889,3,1,0.546873148,0.099839137,,,,
0_01475.mp4,0,58.33333333,76.19047619,5,1,0.842526664,1.489609966,,,,
0_01476.mp4,0,84.55284553,33.33333333,11,1,0.634231081,0.44549881,,,,
0_01477.mp4,0,89.34911243,29.03225806,23,0,0.637266712,-0.579552279,,,,
0_01478.mp4,0,74.22680412,61.9047619,10,0,0.516231491,-0.11203506,,,,
0_01479.mp4,0,55.55555556,72.22222222,5,0,0.640391367,-0.610249217,,,,
0_01480.mp4,0,73.93617021,46.66666667,24,0,0.671031263,-0.742235804,,,,
0_01481.mp4,0,76.44787645,38.46153846,17,0,0.792263005,-1.301698476,,,,
0_01482.mp4,0,71.42857143,66.66666667,5,0,0.57889564,-0.352579792,,,,
0_01483.mp4,0,65.94594595,70,7,0,0.819559646,-1.462140368,,,,
0_01484.mp4,0,57.72357724,59.375,13,0,0.747169571,-1.063184239,,,,
0_01485.mp4,0,55.20833333,76.19047619,5,1,0.627823816,0.421929545,,,,
0_01486.mp4,0,67.63848397,60,18,0,0.872577373,-1.8186221,,,,
0_01487.mp4,0,58.33333333,53.48837209,26,0,0.84716496,-1.64500561,,,,
0_01488.mp4,0,20,89.28571429,3,0,0.666485587,-0.705149906,,,,
0_01489.mp4,0,83.59375,37.93103448,18,0,0.54652674,-0.230281674,,,,
0_01490.mp4,0,44.85596708,54.38596491,27,1,0.749773419,0.955132965,,,,
0_01491.mp4,0,26.21722846,59.3220339,27,0,0.76819301,-1.158231554,,,,
0_01492.mp4,0,24.48979592,113.1578947,3,0,0.982814535,-3.802494752,,,,
0_01493.mp4,0,63.41463415,78.125,11,0,0.980153403,-3.669147582,,,,
0_01494.mp4,0,11.98501873,87.09677419,4,0,0.885461622,-1.940270597,,,,
0_01495.mp4,0,51.59010601,78.125,7,0,0.935358229,-2.526307753,,,,
0_01496.mp4,0,85.50724638,42.85714286,10,1,0.613374065,0.354515321,,,,
0_01497.mp4,0,62.29508197,58.82352941,14,0,0.866557263,-1.779311133,,,,
0_01498.mp4,0,14.63414634,100,0,0,0.545966572,-0.228189723,,,,
0_01499.mp4,0,82.35294118,50,7,0,0.751894219,-1.075698245,,,,
0_01500.mp4,0,50.87719298,73.91304348,6,0,0.624408192,-0.544419522,,,,
0_01501.mp4,0,88.16326531,35,16,0,0.587528338,-0.398849722,,,,
0_01502.mp4,0,61.45833333,62.5,9,0,0.514212821,-0.012754537,,,,
0_01503.mp4,0,19.93355482,188,3,0,0.99813708,-5.854633935,,,,
0_01504.mp4,0,86.72566372,36.36363636,21,0,0.968053695,-3.230044971,,,,
0_01505.mp4,0,40.625,94.73684211,2,0,0.580886149,-0.366820555,,,,
0_01506.mp4,0,76.15384615,45.83333333,13,0,0.633793106,-0.570805314,,,,
0_01507.mp4,0,60,80,8,1,0.546013104,0.096664194,,,,
0_01508.mp4,0,83.90243902,30.23255814,32,0,0.834467418,-1.555088469,,,,
0_01509.mp4,0,82.14285714,50,10,0,0.713444181,-0.905309568,,,,
0_01510.mp4,0,46.15384615,87.5,3,0,0.976914542,-3.530373935,,,,
0_01511.mp4,0,95,13.33333333,26,0,0.551413946,-0.248561174,,,,
0_01512.mp4,0,19.65317919,88.63636364,5,1,0.601264973,0.309716446,,,,
0_01513.mp4,0,89.83957219,33.33333333,14,0,0.710841006,-0.898498255,,,,
0_01514.mp4,0,78.76106195,50,16,0,0.831567589,-1.531854793,,,,
0_01515.mp4,0,69.28104575,62.5,7,1,0.679148241,0.625545624,,,,
0_01516.mp4,0,56.71641791,68.29268293,19,1,0.695471063,0.704456255,,,,
0_01517.mp4,0,44.66019417,80,5,1,0.647512435,0.475394926,,,,
0_01518.mp4,0,69.56521739,28.57142857,5,0,0.512896314,-0.004435079,,,,
0_01519.mp4,0,57.14285714,133.3333333,5,1,0.696108487,0.713138226,,,,
0_01520.mp4,0,39.0625,80,3,0,0.707036196,-0.876629057,,,,
0_01521.mp4,0,17.86941581,135.7142857,6,0,0.949066026,-2.789819536,,,,
0_01522.mp4,0,72.08121827,43.47826087,14,0,0.759927832,-1.115899195,,,,
0_01523.mp4,0,60.52631579,85.71428571,3,1,0.645315899,0.481679553,,,,
0_01524.mp4,0,27.97202797,100,1,1,0.565173863,0.189402388,,,,
0_01525.mp4,0,51.23152709,80,8,1,0.746509247,0.918987123,,,,
0_01526.mp4,0,89.72972973,25,17,1,0.743775673,0.916430078,,,,
0_01527.mp4,0,31.39931741,140,2,0,0.956974812,-2.953245723,,,,
0_01528.mp4,0,78.83211679,33.33333333,12,0,0.866249258,-1.782400177,,,,
0_01529.mp4,0,50,84.21052632,3,0,0.864597148,-1.774897196,,,,
0_01530.mp4,0,61.94690265,75,6,0,0.74725462,-1.058527903,,,,
0_01531.mp4,0,40.51446945,119.3548387,7,0,0.678117274,-0.756793551,,,,
0_01532.mp4,0,100,0,15,0,0.514588031,-0.019069436,,,,
0_01533.mp4,0,18.85521886,131.0344828,8,0,0.982341714,-3.777364921,,,,
0_01534.mp4,0,17.66561514,168.9655172,1,0,0.665870819,-0.719428918,,,,
0_01535.mp4,0,20.83333333,114.2857143,0,1,0.559505154,0.154741742,,,,
0_01536.mp4,0,88.34951456,26.31578947,14,1,0.538234615,0.089336708,,,,
0_01537.mp4,0,22.172949,59.52380952,21,1,0.692056102,0.674312238,,,,
0_01538.mp4,0,72.88135593,54.16666667,12,1,0.554417437,0.134888228,,,,
0_01539.mp4,0,69.47368421,48.14814815,16,0,0.671416766,-0.732783277,,,,
0_01540.mp4,0,41.61073826,106.6666667,3,0,0.737775299,-1.007455386,,,,
0_01541.mp4,0,93.1372549,30.76923077,9,0,0.8857627,-1.948536459,,,,
0_01542.mp4,0,25.68807339,131.25,4,0,0.948398167,-2.784200953,,,,
0_01543.mp4,0,39.48497854,104.7619048,1,1,0.719339752,0.81686473,,,,
0_01544.mp4,0,62.29508197,72.22222222,7,0,0.961170069,-3.050848197,,,,
0_01545.mp4,0,45.2991453,88,3,0,0.987182196,-4.073791496,,,,
0_01546.mp4,0,68.73065015,46.34146341,22,0,0.84652757,-1.637981751,,,,
0_01547.mp4,0,46.2633452,73.33333333,8,0,0.653707499,-0.666618552,,,,
0_01548.mp4,0,91.05058366,17.39130435,20,0,0.588101235,-0.38803498,,,,
0_01549.mp4,0,13.58024691,134.375,3,0,0.938720337,-2.595106868,,,,
0_01550.mp4,0,92.85714286,20,17,0,0.703294763,-0.860053492,,,,
0_01551.mp4,0,83.69829684,18.18181818,36,0,0.757862882,-1.116077299,,,,
0_01552.mp4,0,26.36916836,41.50943396,31,1,0.865793682,1.63485577,,,,
0_01553.mp4,0,82.45614035,40,9,0,0.639326872,-0.593662309,,,,
0_01554.mp4,0,54.34782609,82.75862069,5,0,0.611018539,-0.478109823,,,,
0_01555.mp4,0,67.84140969,53.57142857,15,0,0.878005745,-1.874241057,,,,
0_01556.mp4,0,40.44117647,78.94736842,8,1,0.904690125,2.017919012,,,,
0_01557.mp4,0,44.26229508,85.71428571,3,0,0.751479413,-1.073187964,,,,
0_01558.mp4,0,66.42066421,64.51612903,13,1,0.53412782,0.074115544,,,,
0_01559.mp4,0,57.73195876,80,4,1,0.686576578,0.665999578,,,,
0_01560.mp4,0,65.60846561,27.45098039,40,0,0.583282955,-0.369431955,,,,
0_01561.mp4,0,52.7027027,76.92307692,3,0,0.598495789,-0.434996808,,,,
0_01562.mp4,0,82.71604938,44.44444444,12,1,0.756029659,0.986168493,,,,
0_01563.mp4,0,90.65743945,32,18,0,0.660699451,-0.696816232,,,,
0_01564.mp4,0,57.14285714,88.23529412,9,1,0.77508772,1.063249919,,,,
0_01565.mp4,0,80.42328042,38.0952381,13,0,0.819980603,-1.461682439,,,,
0_01566.mp4,0,80.8259587,35,26,0,0.528849161,-0.158745983,,,,
0_01567.mp4,0,50.54945055,81.81818182,4,0,0.946474515,-2.748640066,,,,
0_01568.mp4,0,94.35897436,10,19,1,0.66932826,0.598947335,,,,
0_01569.mp4,0,28.30188679,96.15384615,1,1,0.804603227,1.254364398,,,,
0_01570.mp4,0,94.73684211,27.27272727,9,0,0.537071902,-0.189277503,,,,
0_01571.mp4,0,49.76958525,110,2,1,0.86761523,1.665375296,,,,
0_01572.mp4,0,79.6812749,46.875,18,0,0.519453406,-0.135121727,,,,
0_01573.mp4,0,70.92511013,53.7037037,25,1,0.620202952,0.387960206,,,,
0_01574.mp4,0,86.03773585,27.5862069,22,0,0.558317393,-0.288108645,,,,
0_01575.mp4,0,68.60465116,63.15789474,7,0,0.579429327,-0.348875387,,,,
0_01576.mp4,0,74.34554974,53.33333333,11,0,0.562407966,-0.293344342,,,,
0_01577.mp4,0,50.54945055,113.3333333,5,1,0.545177894,0.101639951,,,,
0_01578.mp4,0,80,41.93548387,20,0,0.743008501,-1.037888264,,,,
0_01579.mp4,0,71.08013937,73.07692308,13,1,0.604835672,0.322940159,,,,
0_01580.mp4,0,76.39484979,46.66666667,17,0,0.617698443,-0.511222019,,,,
0_01581.mp4,0,64.09090909,58.49056604,23,0,0.724767733,-0.947084056,,,,
0_01582.mp4,0,33.77777778,100,0,0,0.59075662,-0.398332521,,,,
0_01583.mp4,0,63.92694064,59.09090909,9,1,0.673813293,0.597467728,,,,
0_01584.mp4,0,67.14285714,62.5,6,1,0.857203027,1.5956062,,,,
0_01585.mp4,0,80.98159509,35.29411765,12,1,0.780313918,1.11803539,,,,
0_01586.mp4,0,92.30769231,16.66666667,25,0,0.6026372,-0.451255273,,,,
0_01587.mp4,0,33.08270677,109.0909091,0,1,0.595309638,0.301530436,,,,
0_01588.mp4,0,73.33333333,66.66666667,5,0,0.512943172,-0.120204486,,,,
0_01589.mp4,0,24.75570033,100,0,0,0.519910747,-0.145824959,,,,
0_01590.mp4,0,65.64885496,68.75,5,0,0.908868033,-2.161460184,,,,
0_01591.mp4,0,99.21875,4.166666667,23,1,0.583259589,0.256708104,,,,
0_01592.mp4,0,85.30805687,28,18,0,0.996113867,-5.176268001,,,,
0_01593.mp4,0,87.03703704,23.52941176,27,1,0.876157546,1.7469243,,,,
0_01594.mp4,0,88.88888889,27.77777778,13,0,0.801958691,-1.356751089,,,,
0_01595.mp4,0,37,109.5238095,1,1,0.782587815,1.103202743,,,,
0_01596.mp4,0,81.39534884,45.83333333,16,0,0.630459863,-0.569122715,,,,
0_01597.mp4,0,63.7037037,90,6,0,0.613933984,-0.484052149,,,,
0_01598.mp4,0,86.59793814,25,16,0,0.878415675,-1.888289369,,,,
0_01599.mp4,0,40.71428571,76.47058824,10,0,0.666316396,-0.708464284,,,,
0_01600.mp4,0,39.43661972,88.23529412,2,0,0.5,-0.043462743,,,,
0_01601.mp4,0,80.57553957,43.75,9,0,0.510218064,-0.089810358,,,,
0_01602.mp4,0,1.93236715,100,0,1,0.614048374,0.365204011,,,,
0_01603.mp4,0,87.17948718,31.81818182,16,1,0.6472723,0.469659318,,,,
0_01604.mp4,0,32.72727273,240,2,0,0.982980693,-3.816743972,,,,
0_01605.mp4,0,85.95744681,33.33333333,17,0,0.555745603,-0.25904577,,,,
0_01606.mp4,0,49.01960784,105.2631579,3,0,0.823754251,-1.485424913,,,,
0_01607.mp4,0,60.2739726,80,3,0,0.767559318,-1.153495089,,,,
0_01608.mp4,0,62.5,50,6,0,0.900904997,-2.095447389,,,,
0_01609.mp4,0,0.83449235,75.30864198,20,0,0.878893781,-1.881919452,,,,
0_01610.mp4,0,92.30769231,16.66666667,16,0,0.617766637,-0.505210333,,,,
0_01611.mp4,0,20.71197411,124.2424242,5,0,0.917775619,-2.287226832,,,,
0_01612.mp4,0,38.84297521,82.75862069,8,0,0.949932327,-2.811410954,,,,
0_01613.mp4,0,49.55752212,76.92307692,3,0,0.744455591,-1.03924563,,,,
0_01614.mp4,0,56.14035088,93.75,1,1,0.599768134,0.312252175,,,,
0_01615.mp4,0,57.03125,67.85714286,11,0,0.934821545,-2.510853698,,,,
0_01616.mp4,0,71.15384615,60,11,0,0.644859697,-0.617214924,,,,
0_01617.mp4,0,72.28915663,44.44444444,11,0,0.579658289,-0.355503517,,,,
0_01618.mp4,0,1.212121212,39.43661972,45,0,0.566816193,-0.320021974,,,,
0_01619.mp4,0,62.14689266,63.63636364,8,0,0.775790174,-1.196099735,,,,
0_01620.mp4,0,21.18380062,100,0,0,0.707512047,-0.878746039,,,,
0_01621.mp4,0,44.9704142,91.30434783,2,0,0.938026605,-2.567307155,,,,
0_01622.mp4,0,79.51807229,30,14,0,0.548927829,-0.243318962,,,,
0_01623.mp4,0,55.38461538,65.2173913,8,0,0.633556414,-0.564103745,,,,
0_01624.mp4,0,29.14572864,95,6,1,0.648828229,0.508823047,,,,
0_01625.mp4,0,73.68421053,44.82758621,17,0,0.722957584,-0.938825653,,,,
0_01626.mp4,0,56.08856089,56.66666667,13,0,0.77620495,-1.198275761,,,,
0_01627.mp4,0,61.13537118,60,8,1,0.646442189,0.46664509,,,,
0_01628.mp4,0,76.97368421,40,18,0,0.729945401,-0.97089429,,,,
0_01629.mp4,0,82.22222222,34.28571429,23,0,0.786365709,-1.252508807,,,,
0_01630.mp4,0,21.71717172,100,6,0,0.530362536,-0.184327336,,,,
0_01631.mp4,0,76,47.05882353,11,0,0.647123263,-0.638564163,,,,
0_01632.mp4,0,29.18918919,95.65217391,1,0,0.889682762,-1.984845235,,,,
0_01633.mp4,0,74.88151659,56.52173913,13,0,0.506938558,-0.089432949,,,,
0_01634.mp4,0,65.01766784,58.82352941,17,0,0.744049326,-1.048032002,,,,
0_01635.mp4,0,71.22302158,62.96296296,11,0,0.814134224,-1.415782405,,,,
0_01636.mp4,0,19.8757764,154.8387097,2,0,0.999068197,-6.499627503,,,,
0_01637.mp4,0,39.10614525,80,5,0,0.563857746,-0.308888412,,,,
0_01638.mp4,0,91.83673469,16.66666667,10,1,0.70321773,0.7443736,,,,
0_01639.mp4,0,89.45868946,25,28,0,0.70311034,-0.859239593,,,,
0_01640.mp4,0,72.72727273,37.5,10,0,0.753723428,-1.099661094,,,,
0_01641.mp4,0,37.14285714,80,4,0,0.732630834,-0.982701614,,,,
0_01642.mp4,0,49.29577465,81.25,6,0,0.981879697,-3.753447392,,,,
0_01643.mp4,0,85.48387097,25,21,0,0.76705873,-1.166875201,,,,
0_01644.mp4,0,76.84210526,56.25,8,0,0.563628626,-0.294504082,,,,
0_01645.mp4,0,87.70491803,34.61538462,18,0,0.959624542,-3.014391023,,,,
0_01646.mp4,0,56.44171779,70,8,0,0.772758645,-1.19641832,,,,
0_01647.mp4,0,9.798270893,86.66666667,10,0,0.981725496,-3.745599502,,,,
0_01648.mp4,0,35.18518519,137.5,6,0,0.863055869,-1.742899675,,,,
0_01649.mp4,0,52.95774648,83.78378378,6,0,0.774914877,-1.203834205,,,,
0_01650.mp4,0,50,90.47619048,2,0,0.686045463,-0.776972484,,,,
0_01651.mp4,0,59.11949686,73.33333333,6,0,0.519714105,-0.12491513,,,,
0_01652.mp4,0,84.93150685,33.33333333,10,0,0.609443511,-0.466092007,,,,
0_01653.mp4,0,76.35135135,57.57575758,21,1,0.644685741,0.497956501,,,,
0_01654.mp4,0,95.95959596,9.523809524,20,1,0.611357621,0.338223796,,,,
0_01655.mp4,0,26.8115942,240,2,0,0.977809901,-3.534699742,,,,
0_01656.mp4,0,85.88957055,28.125,25,0,0.770064705,-1.167963107,,,,
0_01657.mp4,0,71.42857143,50,13,1,0.657247508,0.549003743,,,,
0_01658.mp4,0,82.85714286,22.22222222,7,0,0.590603445,-0.399882347,,,,
0_01659.mp4,0,48.10126582,91.42857143,8,1,0.778011884,1.089922443,,,,
0_01660.mp4,0,89.17197452,33.33333333,12,0,0.942201044,-2.675494722,,,,
0_01661.mp4,0,61.08786611,75,7,0,0.695467931,-0.820168692,,,,
0_01662.mp4,0,63.87434555,65,9,0,0.774760259,-1.203017902,,,,
0_01663.mp4,0,34.35114504,118.1818182,0,0,0.55847307,-0.281855513,,,,
0_01664.mp4,0,44.1314554,84.61538462,4,1,0.749797112,0.955249515,,,,
0_01665.mp4,0,88.03088803,37.03703704,17,0,0.911417478,-2.209677035,,,,
0_01666.mp4,0,4.49943757,98.70967742,2,0,0.733204559,-0.985407543,,,,
0_01667.mp4,0,87.05882353,29.41176471,12,0,0.743308648,-1.048857289,,,,
0_01668.mp4,0,86.98060942,35.29411765,23,0,0.748458623,-1.058497011,,,,
0_01669.mp4,0,62.94820717,40.74074074,18,0,0.585210076,-0.376860049,,,,
0_01670.mp4,0,20.30456853,100,0,0,0.562535072,-0.303919474,,,,
0_01671.mp4,0,29.75206612,100,0,1,0.553406789,0.123971261,,,,
0_01672.mp4,0,48.59813084,80.76923077,5,0,0.832004801,-1.523121536,,,,
0_01673.mp4,0,81.86528497,45,13,1,0.755647268,0.965383667,,,,
0_01674.mp4,0,54.94505495,69.56521739,7,1,0.583823189,0.258805472,,,,
0_01675.mp4,0,66.66666667,72.22222222,8,1,0.619416378,0.376812649,,,,
0_01676.mp4,0,17.91590494,26.5625,51,0,0.795654468,-1.320733474,,,,
0_01677.mp4,0,72.43243243,25.42372881,50,0,0.521185254,-0.150514806,,,,
0_01678.mp4,0,2.948402948,64.1025641,15,0,0.508611942,-0.026060905,,,,
0_01679.mp4,0,63.0952381,61.11111111,14,0,0.775979811,-1.209467334,,,,
0_01680.mp4,0,73.5042735,50,8,0,0.839886697,-1.575541548,,,,
0_01681.mp4,0,73.04347826,44.44444444,16,0,0.63932625,-0.593889246,,,,
0_01682.mp4,0,75.2238806,55.88235294,19,0,0.735005227,-1.009313481,,,,
0_01683.mp4,0,91.72576832,7.317073171,39,1,0.620854242,0.373159088,,,,
0_01684.mp4,0,69.46107784,53.33333333,7,0,0.7802519,-1.232259068,,,,
0_01685.mp4,0,64.51612903,73.33333333,5,0,0.859806874,-1.732083883,,,,
0_01686.mp4,0,80.64516129,40.90909091,13,0,0.75780084,-1.105167802,,,,
0_01687.mp4,0,82.58064516,34.375,21,0,0.71669087,-0.924788133,,,,
0_01688.mp4,0,69.18238994,57.89473684,8,1,0.836521763,1.424064047,,,,
0_01689.mp4,0,83.33333333,36.36363636,17,1,0.524852452,0.039772376,,,,
0_01690.mp4,0,79.51807229,44.73684211,22,0,0.714258699,-0.903570941,,,,
0_01691.mp4,0,78.83211679,30.76923077,10,0,0.66380154,-0.699004027,,,,
0_01692.mp4,0,40.39408867,95.23809524,1,0,0.852354856,-1.662909769,,,,
0_01693.mp4,0,12.2324159,98.21428571,1,0,0.670857966,-0.736078412,,,,
0_01694.mp4,0,79.21568627,34.61538462,19,0,0.729989936,-0.975954435,,,,
0_01695.mp4,0,69,68.18181818,7,1,0.556262855,0.150442825,,,,
0_01696.mp4,0,49.03225806,88.23529412,5,0,0.508365477,-0.041933213,,,,
0_01697.mp4,0,92.59259259,10.52631579,17,0,0.58447517,-0.368278093,,,,
0_01698.mp4,0,80.21978022,40.47619048,25,0,0.874224603,-1.832207597,,,,
0_01699.mp4,0,33.08270677,152.173913,1,1,0.705311473,0.728618089,,,,
0_01700.mp4,0,62.19081272,78.57142857,9,1,0.692656693,0.692221396,,,,
0_01701.mp4,0,72.86821705,67.64705882,15,0,0.555878333,-0.272120697,,,,
0_01702.mp4,0,72.54901961,50,12,0,0.642508773,-0.601560904,,,,
0_01703.mp4,0,70.2970297,54.16666667,11,1,0.708356012,0.767218711,,,,
0_01704.mp4,0,81.48148148,28.57142857,15,0,0.683352007,-0.767931111,,,,
0_01705.mp4,0,72.72727273,58.33333333,8,0,0.525103816,-0.15064542,,,,
0_01706.mp4,0,67.09677419,70,6,1,0.601322767,0.323871589,,,,
0_01707.mp4,0,47.05882353,80.76923077,6,0,0.987013234,-4.061681788,,,,
0_01708.mp4,0,7.933194154,98.82352941,1,0,0.507472094,-0.036863347,,,,
0_01709.mp4,0,12.39892183,122.5,1,0,0.987595726,-4.107697218,,,,
0_01710.mp4,0,4.517453799,72.97297297,18,0,0.980246643,-3.641215848,,,,
0_01711.mp4,0,80.28673835,46.66666667,16,1,0.683503946,0.644023635,,,,
0_01712.mp4,0,69.59459459,48.38709677,16,0,0.567461234,-0.315725314,,,,
0_01713.mp4,0,43.3460076,100,0,0,0.654925573,-0.654586442,,,,
0_01714.mp4,0,53.03867403,80.95238095,6,1,0.538608985,0.069347964,,,,
0_01715.mp4,0,79.71530249,35.48387097,21,0,0.905025514,-2.142468682,,,,
0_01716.mp4,0,96.49122807,8.333333333,11,0,0.652435403,-0.661169881,,,,
0_01717.mp4,0,27.96610169,118.1818182,0,1,0.89514972,1.926213538,,,,
0_01718.mp4,0,69.23076923,50,9,0,0.766900967,-1.151545779,,,,
0_01719.mp4,0,8.24742268,86.48648649,12,0,0.988177773,-4.148547536,,,,
0_01720.mp4,0,70.86614173,53.84615385,13,1,0.817520845,1.303860273,,,,
0_01721.mp4,0,78.87323944,42.85714286,8,0,0.746865313,-1.056626076,,,,
0_01722.mp4,0,59.64912281,80,5,1,0.669120691,0.573904066,,,,
0_01723.mp4,0,54.70852018,78.94736842,9,0,0.979412171,-3.63597297,,,,
0_01724.mp4,0,69.8630137,52.38095238,10,0,0.616787638,-0.501260592,,,,
0_01725.mp4,0,45.16129032,124,1,0,0.987182196,-4.073791496,,,,
0_01726.mp4,0,31.16883117,184.6153846,2,0,0.936812523,-2.541459231,,,,
0_01727.mp4,0,70.92198582,62.5,7,0,0.829488998,-1.506804552,,,,
0_01728.mp4,0,60.21505376,63.15789474,10,0,0.587772161,-0.381015601,,,,
0_01729.mp4,0,86.04651163,27.77777778,27,0,0.695221196,-0.813409893,,,,
0_01730.mp4,0,77.71084337,47.05882353,23,1,0.678807542,0.614381356,,,,
0_01731.mp4,0,91.5451895,21.62162162,33,1,0.599142811,0.315774867,,,,
0_01732.mp4,0,37.85488959,112.1212121,8,0,0.995575787,-5.05652472,,,,
0_01733.mp4,0,64.36781609,70,3,1,0.611957255,0.346176376,,,,
0_01734.mp4,0,57.14285714,70,9,1,0.726781614,0.828063263,,,,
0_01735.mp4,0,69.67741935,58.82352941,7,0,0.933081385,-2.491966774,,,,
0_01736.mp4,0,56.25,77.77777778,6,0,0.787080553,-1.269361761,,,,
0_01737.mp4,0,22.36024845,130.3030303,3,0,0.913745451,-2.231134902,,,,
0_01738.mp4,0,31.61290323,150,2,0,0.986804683,-4.010080996,,,,
0_01739.mp4,0,43.37349398,90.625,3,0,0.538375639,-0.206856425,,,,
0_01740.mp4,0,76.01246106,48.27586207,17,1,0.57983994,0.230227192,,,,
0_01741.mp4,0,50.43478261,91.66666667,3,0,0.880412226,-1.900690724,,,,
0_01742.mp4,0,17.90123457,116.2162162,3,0,0.780869364,-1.239374268,,,,
0_01743.mp4,0,44.68085106,82.35294118,7,0,0.694305631,-0.820713918,,,,
0_01744.mp4,0,71.21212121,66.66666667,7,1,0.876469821,1.721442424,,,,
0_01745.mp4,0,80,36.84210526,12,0,0.684381833,-0.769938901,,,,
0_01746.mp4,0,39.3442623,81.25,3,0,0.801617973,-1.341311307,,,,
0_01747.mp4,0,37.05882353,85.36585366,6,0,0.82904118,-1.503920206,,,,
0_01748.mp4,0,74.74747475,51.1627907,23,0,0.997472867,-5.563710023,,,,
0_01749.mp4,0,66.66666667,61.11111111,7,0,0.779499483,-1.21566274,,,,
0_01750.mp4,0,82.45614035,36.36363636,8,0,0.866594449,-1.790659856,,,,
0_01751.mp4,0,57.42574257,90,2,0,0.862425374,-1.746745362,,,,
0_01752.mp4,0,35.42857143,105.8823529,1,1,0.628579334,0.42471205,,,,
0_01753.mp4,0,79.66101695,66.66666667,4,0,0.544286338,-0.216149487,,,,
0_01754.mp4,0,88.26815642,20,16,0,0.771709822,-1.19094343,,,,
0_01755.mp4,0,74.52830189,57.69230769,12,0,0.831069825,-1.517034897,,,,
0_01756.mp4,0,21.4532872,108.3333333,0,0,0.604236467,-0.451153849,,,,
0_01757.mp4,0,60.35502959,76.47058824,7,1,0.571327236,0.197009923,,,,
0_01758.mp4,0,95.0166113,20.83333333,21,1,0.660282908,0.555589869,,,,
0_01759.mp4,0,15.8490566,200,0,0,0.95704153,-2.926666999,,,,
0_01760.mp4,0,76.31578947,48.57142857,18,0,0.940448756,-2.580608286,,,,
0_01761.mp4,0,10.35196687,98.7804878,1,1,0.695790145,0.69690092,,,,
0_01762.mp4,0,27.69230769,97.22222222,1,0,0.513537927,-0.015242746,,,,
0_01763.mp4,0,87.86127168,33.33333333,16,0,0.707118839,-0.865838603,,,,
0_01764.mp4,0,96.02888087,9.677419355,30,1,0.52526328,0.020188672,,,,
0_01765.mp4,0,64.781491,63.63636364,20,0,0.57271928,-0.331962177,,,,
0_01766.mp4,0,91.42857143,25,12,1,0.762240042,1.017511924,,,,
0_01767.mp4,0,64.28571429,81.81818182,2,1,0.779389918,1.097282905,,,,
0_01768.mp4,0,88.4057971,18.75,13,1,0.824042896,1.344495137,,,,
0_01769.mp4,0,47.23247232,96.42857143,4,0,0.665131231,-0.716180196,,,,
0_01770.mp4,0,60.08583691,79.16666667,8,0,0.803719951,-1.366967224,,,,
0_01771.mp4,0,70.94339623,51.72413793,14,0,0.705352197,-0.869153328,,,,
0_01772.mp4,0,71.27071823,60.52631579,17,1,0.752420448,0.947886019,,,,
0_01773.mp4,0,86.80351906,26.47058824,26,0,0.848255411,-1.650288393,,,,
0_01774.mp4,0,76.45051195,42.85714286,21,0,0.757664629,-1.103646612,,,,
0_01775.mp4,0,54.76772616,31.42857143,25,0,0.754067088,-1.097125427,,,,
0_01776.mp4,0,56.72268908,30.76923077,43,0,0.908269591,-2.174249203,,,,
0_01777.mp4,0,37.5,84.21052632,3,1,0.788178242,1.154947987,,,,
0_01778.mp4,0,83.79204893,36.36363636,24,1,0.522432244,0.030818647,,,,
0_01779.mp4,0,9.322033898,97.6744186,2,0,0.707510091,-0.869648265,,,,
0_01780.mp4,0,82.35294118,40,16,0,0.704756342,-0.857546434,,,,
0_01781.mp4,0,56.875,70.73170732,14,1,0.544175299,0.089881089,,,,
0_01782.mp4,0,55.41125541,80.76923077,6,1,0.637576641,0.443524838,,,,
0_01783.mp4,0,28.57142857,225,0,0,0.50831669,-0.103205021,,,,
0_01784.mp4,0,57.91505792,59.375,14,0,0.523815034,-0.152948891,,,,
0_01785.mp4,0,83.60655738,45.83333333,13,0,0.847950281,-1.650586205,,,,
0_01786.mp4,0,62.43902439,65.38461538,9,0,0.539804333,-0.219219613,,,,
0_01787.mp4,0,73.79679144,44.44444444,10,0,0.891687882,-2.00385589,,,,
0_01788.mp4,0,8.984375,98.97959184,1,0,0.584916202,-0.388812655,,,,
0_01789.mp4,0,58.50340136,62.5,6,1,0.659135435,0.532801856,,,,
0_01790.mp4,0,94.66666667,5.882352941,16,0,0.759327759,-1.123445184,,,,
0_01791.mp4,0,29.85074627,115.1515152,26,0,0.609352771,-0.471463754,,,,
0_01792.mp4,0,35.86206897,100,0,1,0.777054351,1.084827068,,,,
0_01793.mp4,0,67.09677419,75,6,0,0.630728295,-0.55832254,,,,
0_01794.mp4,0,1.156069364,75.80645161,16,0,0.777785245,-1.214332304,,,,
0_01795.mp4,0,97.05882353,9.523809524,40,0,0.799508774,-1.339189083,,,,
0_01796.mp4,0,79.14438503,42.85714286,25,1,0.728609809,0.859692506,,,,
0_01797.mp4,0,76.19047619,35.71428571,10,0,0.571566757,-0.331281273,,,,
0_01798.mp4,0,60.78431373,68.18181818,11,0,0.703177483,-0.86452974,,,,
0_01799.mp4,0,76.12903226,52.94117647,8,1,0.836695365,1.449726372,,,,
0_01800.mp4,0,61.62790698,107.6923077,2,0,0.642359918,-0.600932933,,,,
0_01801.mp4,0,70.37037037,58.82352941,8,0,0.806282402,-1.378616433,,,,
0_01802.mp4,0,17.56756757,100,0,0,0.612136971,-0.483699424,,,,
0_01803.mp4,0,16.07142857,92.30769231,1,0,0.698983581,-0.832387464,,,,
0_01804.mp4,0,67.59259259,87.5,6,0,0.631120718,-0.559739554,,,,
0_01805.mp4,0,11.08545035,66.66666667,20,0,0.818101879,-1.435245377,,,,
0_01806.mp4,0,15.74468085,47.72727273,24,0,0.512126964,-0.028113588,,,,
0_01807.mp4,0,20.657277,95,1,0,0.740582167,-1.020732232,,,,
0_01808.mp4,0,40,81.25,3,0,0.649188866,-0.641637652,,,,
0_01809.mp4,0,26.60098522,106.6666667,0,0,0.595070871,-0.421619911,,,,
0_01810.mp4,0,55.55555556,79.16666667,5,0,0.695873489,-0.821936989,,,,
0_01811.mp4,0,54.23728814,66.66666667,8,0,0.553894106,-0.271578666,,,,
0_01812.mp4,0,57.14285714,70,8,1,0.583868011,0.245183053,,,,
0_01813.mp4,0,16.07717042,128.125,6,0,0.777171205,-1.211055969,,,,
0_01814.mp4,0,31.74603175,130.3030303,3,0,0.949282889,-2.793848248,,,,
0_01815.mp4,0,77.24867725,40.90909091,13,1,0.613580176,0.355276607,,,,
0_01816.mp4,0,36.61971831,94.44444444,3,0,0.617976859,-0.518444741,,,,
0_01817.mp4,0,1.452784504,38.0952381,28,0,0.795205826,-1.318202042,,,,
0_01818.mp4,0,1.731601732,52.17391304,23,0,0.517451947,-0.127809601,,,,
0_01819.mp4,0,58.12807882,68.18181818,7,0,0.8243745,-1.492350983,,,,
0_01820.mp4,0,77.67857143,58.33333333,16,0,0.981352838,-3.727203957,,,,
0_01821.mp4,0,73.29842932,50,10,0,0.585370774,-0.371733343,,,,
0_01822.mp4,0,84.06779661,25.80645161,23,0,0.894693666,-2.015293469,,,,
0_01823.mp4,0,81.48148148,30.76923077,10,0,0.744262866,-1.038284741,,,,
0_01824.mp4,0,46.4,77.77777778,8,0,0.828705319,-1.517189498,,,,
0_01825.mp4,0,36.7816092,76.19047619,5,1,0.762374577,1.018197054,,,,
0_01826.mp4,0,49.01960784,83.33333333,2,0,0.763492253,-1.134029856,,,,
0_01827.mp4,0,31.79916318,138.0952381,1,1,0.610395366,0.3516767,,,,
0_01828.mp4,0,77.12418301,50,9,0,0.589357579,-0.387158285,,,,
0_01829.mp4,0,30.07518797,87.5,2,1,0.632850294,0.426211372,,,,
0_01830.mp4,0,39.10614525,95.65217391,3,0,0.634672267,-0.574463133,,,,
0_01831.mp4,0,87.92270531,26.08695652,18,0,0.604832396,-0.454981297,,,,
0_01832.mp4,0,44.92753623,88.88888889,3,0,0.638519991,-0.602442113,,,,
0_01833.mp4,0,67.42424242,64.28571429,12,0,0.940579328,-2.643769135,,,,
0_01834.mp4,0,24.69135802,151.6129032,3,0,0.610520431,-0.488667175,,,,
0_01835.mp4,0,62.26415094,68.18181818,8,0,0.757031064,-1.100502671,,,,
0_01836.mp4,0,59.77011494,72.4137931,9,1,0.644962597,0.461269387,,,,
0_01837.mp4,0,75.62189055,52.38095238,11,0,0.815369464,-1.42333832,,,,
0_01838.mp4,0,71.77419355,71.42857143,9,0,0.626957154,-0.54260382,,,,
0_01839.mp4,0,32.18390805,105.5555556,2,0,0.802961701,-1.354739349,,,,
0_01840.mp4,0,23.82445141,164.2857143,2,0,0.981139552,-3.720856839,,,,
0_01841.mp4,0,29.78723404,150,0,0,0.819179042,-1.459779286,,,,
0_01842.mp4,0,68.57142857,56.66666667,14,0,0.650042271,-0.638508755,,,,
0_01843.mp4,0,75.53648069,47.82608696,14,0,0.987161931,-4.070725798,,,,
0_01844.mp4,0,76.37540453,46.15384615,15,1,0.647669207,0.510004025,,,,
0_01845.mp4,0,50.29239766,105.8823529,4,0,0.681843832,-0.761505303,,,,
0_01846.mp4,0,96.11940299,8.571428571,32,0,0.676708314,-0.739745067,,,,
0_01847.mp4,0,79.72972973,40,12,0,0.6308865,-0.558967788,,,,
0_01848.mp4,0,48.27586207,92,3,0,0.61828962,-0.507322863,,,,
0_01849.mp4,0,6.74955595,91.52542373,5,1,0.572991829,0.218493502,,,,
0_01850.mp4,0,7.25388601,100,0,0,0.680933125,-0.755421469,,,,
0_01851.mp4,0,78.94736842,40,10,0,0.850980697,-1.672345301,,,,
0_01852.mp4,0,59.13978495,69.23076923,8,0,0.953683924,-2.856823526,,,,
0_01853.mp4,0,89.42598187,18.75,28,1,0.635432578,0.449911212,,,,
0_01854.mp4,0,63.95348837,65.2173913,8,0,0.676628612,-0.733713745,,,,
0_01855.mp4,0,70.83333333,64.28571429,6,0,0.686965252,-0.783393201,,,,
0_01856.mp4,0,84.27672956,12.5,14,0,0.770632674,-1.185339089,,,,
0_01857.mp4,0,63.39869281,66.66666667,10,0,0.919987026,-2.31490922,,,,
0_01858.mp4,0,69.60556845,26.82926829,30,0,0.735149292,-0.995116738,,,,
0_01859.mp4,0,27.86885246,95.65217391,1,0,0.895327701,-2.021446661,,,,
0_01860.mp4,0,15.8490566,200,0,0,0.9543549,-2.893119866,,,,
0_01861.mp4,0,90.60773481,30,14,1,0.54707069,0.116300975,,,,
0_01862.mp4,0,50.67873303,90.90909091,5,0,0.554578229,-0.26042552,,,,
0_01863.mp4,0,64.67065868,69.23076923,6,0,0.717296716,-0.917355963,,,,
0_01864.mp4,0,4.12371134,294.7368421,3,0,0.91593718,-2.265525094,,,,
0_01865.mp4,0,32.38866397,110.5263158,0,0,0.509191028,-0.030591537,,,,
0_01866.mp4,0,39.24050633,115.3846154,4,0,0.615922003,-0.50407615,,,,
0_01867.mp4,0,66.26865672,57.14285714,17,0,0.860438118,-1.742692965,,,,
0_01868.mp4,0,58.09128631,64.28571429,13,0,0.60620838,-0.465351543,,,,
0_01869.mp4,0,31.57894737,100,0,0,0.530356599,-0.184305433,,,,
0_01870.mp4,0,62.17228464,56.66666667,16,0,0.855166291,-1.7030075,,,,
0_01871.mp4,0,28.82882883,100,0,0,0.667725968,-0.710646868,,,,
0_01872.mp4,0,48.32826748,38.66666667,46,0,0.641449671,-0.602473854,,,,
0_01873.mp4,0,71.42857143,66.66666667,5,0,0.780279989,-1.222085354,,,,
0_01874.mp4,0,53.50318471,46,30,0,0.853346247,-1.68958553,,,,
0_01875.mp4,0,89.56521739,22.72727273,18,0,0.518847883,-0.134609456,,,,
0_01876.mp4,0,70.6401766,27.65957447,36,1,0.625338823,0.395028047,,,,
0_01877.mp4,0,62.61682243,70.37037037,8,1,0.558377716,0.15830347,,,,
0_01878.mp4,0,94.44444444,14.28571429,13,0,0.549183797,-0.234446844,,,,
0_01879.mp4,0,61.26126126,73.91304348,12,0,0.894384649,-2.034107926,,,,
0_01880.mp4,0,9.56937799,98.75,1,0,0.615752602,-0.498033685,,,,
0_01881.mp4,0,94.67455621,11.11111111,16,0,0.680958274,-0.768771738,,,,
0_01882.mp4,0,59.62264151,71.42857143,9,1,0.709609864,0.757837832,,,,
0_01883.mp4,0,67.04545455,63.15789474,8,0,0.518386226,-0.005107224,,,,
0_01884.mp4,0,58.10810811,100,3,0,0.739471644,-1.015211216,,,,
0_01885.mp4,0,42.89693593,83.33333333,6,0,0.589071402,-0.394010127,,,,
0_01886.mp4,0,69.0647482,85.71428571,6,0,0.5,-0.081286632,,,,
0_01887.mp4,0,89.13043478,25,15,0,0.82203354,-1.464793049,,,,
0_01888.mp4,0,57.30337079,80.95238095,4,0,0.528852423,-0.171570106,,,,
0_01889.mp4,0,50.98039216,70,9,1,0.587940009,0.25807788,,,,
0_01890.mp4,0,80.45977011,44.44444444,5,0,0.597830964,-0.425934856,,,,
0_01891.mp4,0,53.16455696,88.88888889,2,1,0.75091188,0.951235343,,,,
0_01892.mp4,0,90.46321526,20,32,0,0.79584565,-1.321813463,,,,
0_01893.mp4,0,6.744868035,46.15384615,42,0,0.622143424,-0.52919353,,,,
0_01894.mp4,0,49.12280702,82.05128205,7,0,0.537356514,-0.203074135,,,,
0_01895.mp4,0,58.06451613,92.30769231,8,0,0.987087905,-4.065438506,,,,
0_01896.mp4,0,51.4084507,79.31034483,9,0,0.610666731,-0.476704777,,,,
0_01897.mp4,0,61.11111111,75,10,0,0.978892236,-3.616778023,,,,
0_01898.mp4,0,21.46892655,34,38,1,0.643276731,0.460107382,,,,
0_01899.mp4,0,57.54716981,59.09090909,9,1,0.713135607,0.773654019,,,,
0_01900.mp4,0,10.0591716,98.18181818,1,0,0.815413671,-1.43346265,,,,
0_01901.mp4,0,57.73195876,66.66666667,12,0,0.876405736,-1.871132309,,,,
0_01902.mp4,0,80,46.15384615,8,0,0.767933171,-1.156884914,,,,
0_01903.mp4,0,72.61146497,60,6,0,0.649330603,-0.642242116,,,,
0_01904.mp4,0,67.79661017,58.06451613,13,0,0.782504859,-1.234110414,,,,
0_01905.mp4,0,56.8627451,73.33333333,9,1,0.930573395,2.336567491,,,,
0_01906.mp4,0,67.06586826,80,3,1,0.545514128,0.116340526,,,,
0_01907.mp4,0,75.2688172,50,10,1,0.936487125,2.396542468,,,,
0_01908.mp4,0,74.25149701,41.17647059,12,1,0.702081704,0.733447933,,,,
0_01909.mp4,0,88.67924528,27.27272727,9,0,0.512291068,-0.019839291,,,,
0_01910.mp4,0,13.13320826,66.07142857,24,0,0.77471896,-1.202799935,,,,
0_01911.mp4,0,64.72727273,72.4137931,10,0,0.661293328,-0.682291488,,,,
0_01912.mp4,0,69.45606695,51.85185185,13,1,0.691400695,0.671509391,,,,
0_01913.mp4,0,54.26356589,81.25,4,0,0.580344718,-0.352387436,,,,
0_01914.mp4,0,72,65,12,0,0.990404363,-4.341414448,,,,
0_01915.mp4,0,18.75,100,0,1,0.631700414,0.412913524,,,,
0_01916.mp4,0,26.41509434,100,0,1,0.622623196,0.396895806,,,,
0_01917.mp4,0,17.48251748,162.962963,6,0,0.983993179,-3.83358121,,,,
0_01918.mp4,0,51.72413793,100,7,1,0.838542319,1.439261761,,,,
0_01919.mp4,0,1.934235977,83.67346939,13,1,0.835717146,1.449155872,,,,
0_01920.mp4,0,84.48275862,44.44444444,5,0,0.855918105,-1.706298774,,,,
0_01921.mp4,0,46,80.76923077,5,0,0.690849182,-0.810926372,,,,
0_01922.mp4,0,80.82901554,25,15,0,0.858099277,-1.7135182,,,,
0_01923.mp4,0,61.08374384,71.42857143,6,1,0.593181214,0.287775419,,,,
0_01924.mp4,0,35.44303797,88.88888889,1,0,0.729915346,-0.975605136,,,,
0_01925.mp4,0,24.86187845,100,1,0,0.890107857,-1.993261072,,,,
0_01926.mp4,0,49.31506849,66.66666667,7,0,0.995784026,-5.10229429,,,,
0_01927.mp4,0,32.8358209,123.0769231,1,0,0.785549021,-1.260966125,,,,
0_01928.mp4,0,49.76525822,78.26086957,5,0,0.839026284,-1.585829637,,,,
0_01929.mp4,0,41.9047619,95,3,0,0.844533625,-1.614513307,,,,
0_01930.mp4,0,75.32467532,52.94117647,16,1,0.923521222,2.240163459,,,,
0_01931.mp4,0,6.429780034,48.52941176,38,0,0.744241583,-1.038207339,,,,
0_01932.mp4,0,60.30150754,80.95238095,9,0,0.687703508,-0.797441184,,,,
0_01933.mp4,0,51.74825175,80,3,0,0.806055893,-1.363241888,,,,
0_01934.mp4,0,28.30769231,114.2857143,6,0,0.989193244,-4.236759982,,,,
0_01935.mp4,0,31.12840467,210,8,0,0.955176081,-2.916561061,,,,
0_01936.mp4,0,50.68762279,75,19,0,0.575839657,-0.354161105,,,,
0_01937.mp4,0,57.93103448,80,7,0,0.803027942,-1.345682209,,,,
0_01938.mp4,0,84.49848024,36.11111111,23,0,0.950693209,-2.820458118,,,,
0_01939.mp4,0,15.24663677,445.4545455,1,0,0.962610275,-3.084010899,,,,
0_01940.mp4,0,65.80645161,71.42857143,15,0,0.613860525,-0.483757331,,,,
0_01941.mp4,0,69.19191919,53.84615385,19,0,0.928143385,-2.414179041,,,,
0_01942.mp4,0,92.26519337,16.27906977,37,0,0.814616135,-1.418725603,,,,
0_01943.mp4,0,15.44401544,320,2,0,0.996785088,-5.352013685,,,,
0_01944.mp4,0,32.14285714,100,4,0,0.546374439,-0.23389139,,,,
0_01945.mp4,0,48.30508475,80.76923077,5,0,0.739405058,-1.014892148,,,,
0_01946.mp4,0,50,82.35294118,6,1,0.623171778,0.381667619,,,,
0_01947.mp4,0,79.62962963,38.46153846,9,0,0.583833239,-0.384660225,,,,
0_01948.mp4,0,83.60655738,33.33333333,18,0,0.997822624,-5.710963354,,,,
0_01949.mp4,0,20.94240838,272.7272727,0,0,0.945631435,-2.733520203,,,,
0_01950.mp4,0,93.35793358,13.63636364,39,0,0.725130919,-0.948745061,,,,
0_01951.mp4,0,79.5640327,32.5,29,0,0.91779379,-2.264371713,,,,
0_01952.mp4,0,81.15942029,50,8,1,0.736203163,0.895460676,,,,
0_01953.mp4,0,28.11791383,56.52173913,26,0,0.566332922,-0.298975928,,,,
0_01954.mp4,0,77.77777778,37.14285714,22,0,0.889729076,-1.985280909,,,,
0_01955.mp4,0,8.099688474,98.38709677,24,1,0.613774628,0.364190813,,,,
0_01956.mp4,0,89.28571429,31.81818182,17,0,0.738312617,-1.020486406,,,,
0_01957.mp4,0,39.6039604,114.2857143,1,1,0.614057911,0.348167977,,,,
0_01958.mp4,0,15.2,236.8421053,5,0,0.984594841,-3.908957412,,,,
0_01959.mp4,0,71.81818182,30,30,0,0.733663877,-0.998449747,,,,
0_01960.mp4,0,71.91011236,50,10,0,0.963781739,-3.109887477,,,,
0_01961.mp4,0,27.41935484,100,0,0,0.520687342,-0.139631145,,,,
0_01962.mp4,0,60.74074074,61.53846154,5,0,0.702719426,-0.862515675,,,,
0_01963.mp4,0,33.83458647,128,5,0,0.913488805,-2.228132599,,,,
0_01964.mp4,0,80.6557377,40,19,0,0.939891332,-2.613261233,,,,
0_01965.mp4,0,71.35678392,58.82352941,8,1,0.945690443,2.565352722,,,,
0_01966.mp4,0,32.91139241,121.4285714,1,1,0.796579654,1.180536186,,,,
0_01967.mp4,0,64.28571429,70.83333333,12,0,0.998321033,-5.939159019,,,,
0_01968.mp4,0,42.64705882,100,0,1,0.591539789,0.287513627,,,,
0_01969.mp4,0,15.86638831,62.74509804,23,0,0.5,-0.066563532,,,,
0_01970.mp4,0,54.76190476,70,3,0,0.750948804,-1.070598869,,,,
0_01971.mp4,0,41.05960265,106.6666667,2,0,0.867521012,-1.787029303,,,,
0_01972.mp4,0,15.23178808,73.58490566,22,0,0.686160362,-0.774251276,,,,
0_01973.mp4,0,91.34615385,19.04761905,19,0,0.68624486,-0.785984943,,,,
0_01974.mp4,0,43.27868852,96.55172414,6,0,0.574547979,-0.338848648,,,,
0_01975.mp4,0,87.01298701,29.41176471,12,0,0.715369657,-0.904562773,,,,
0_01976.mp4,0,73.73737374,50,23,0,0.629972107,-0.561176733,,,,
0_01977.mp4,0,90.78498294,30.3030303,25,0,0.609053996,-0.471540234,,,,
0_01978.mp4,0,67.72486772,57.14285714,9,1,0.802718747,1.243353313,,,,
0_01979.mp4,0,65.33333333,91.66666667,6,0,0.827042619,-1.506442139,,,,
0_01980.mp4,0,91.72932331,15.38461538,11,0,0.764104748,-1.1517626,,,,
0_01981.mp4,0,85.10638298,30.43478261,16,0,0.638371455,-0.601823613,,,,
0_01982.mp4,0,77.04918033,35.71428571,19,0,0.507079799,-0.039045936,,,,
0_01983.mp4,0,70.09345794,54.54545455,14,0,0.975039863,-3.458302774,,,,
0_01984.mp4,0,11.35802469,98.71794872,1,0,0.851521796,-1.664582017,,,,
0_01985.mp4,0,51.34099617,87.5,7,0,0.612750996,-0.491370715,,,,
0_01986.mp4,0,69.8630137,75,6,0,0.701710489,-0.844237025,,,,
0_01987.mp4,0,48.03921569,78.43137255,11,0,0.704755029,-0.855325754,,,,
0_01988.mp4,0,77.37226277,59.25925926,11,0,0.798480865,-1.336777095,,,,
0_01989.mp4,0,40.28436019,45.45454545,25,1,0.59728564,0.286293509,,,,
0_01990.mp4,0,81.40350877,37.5,20,0,0.912462451,-2.20175626,,,,
0_01991.mp4,0,60.11560694,83.33333333,5,0,0.804862062,-1.373629081,,,,
0_01992.mp4,0,60.31746032,100,8,0,0.713027663,-0.903433834,,,,
0_01993.mp4,0,85.82677165,23.33333333,24,0,0.848418537,-1.651456198,,,,
0_01994.mp4,0,74.83870968,41.17647059,11,1,0.644651844,0.465073997,,,,
0_01995.mp4,0,70.3030303,61.11111111,9,0,0.859108142,-1.721190324,,,,
0_01996.mp4,0,76.71232877,41.66666667,7,0,0.724295695,-0.954771311,,,,
0_01997.mp4,0,71.59533074,57.57575758,14,0,0.922422276,-2.343209348,,,,
0_01998.mp4,0,22.36842105,100,0,0,0.560753871,-0.283654563,,,,
0_01999.mp4,0,70.94017094,46.66666667,18,0,0.851064283,-1.653591369,,,,
0_02000.mp4,0,73.68421053,53.84615385,12,0,0.539619069,-0.211473427,,,,
0_02001.mp4,0,74.26160338,50,13,1,0.703019122,0.728572561,,,,
0_02002.mp4,0,82.42424242,29.41176471,12,0,0.620833464,-0.517624322,,,,
0_02003.mp4,0,81.3559322,50,21,0,0.666808727,-0.706580599,,,,
0_02004.mp4,0,89.04109589,26.66666667,11,1,0.52007269,0.016288773,,,,
0_02005.mp4,0,79.06976744,45,11,0,0.726908851,-0.956896055,,,,
0_02006.mp4,0,85.86387435,33.33333333,14,0,0.517009588,-0.120695717,,,,
0_02007.mp4,0,88.72180451,25,11,0,0.580460889,-0.358582947,,,,
0_02008.mp4,0,79.0560472,47.05882353,22,0,0.854305407,-1.677122104,,,,
0_02009.mp4,0,62.79069767,70.58823529,6,1,0.89842673,1.927183675,,,,
0_02010.mp4,0,76.77725118,66.66666667,7,0,0.860252852,-1.739087902,,,,
0_02011.mp4,0,78.13620072,39.28571429,17,0,0.654539143,-0.652916564,,,,
0_02012.mp4,0,94.01709402,22.22222222,9,0,0.791750864,-1.290678284,,,,
0_02013.mp4,0,5.378973105,100,0,0,0.568884912,-0.308651821,,,,
0_02014.mp4,0,23.65591398,100,0,1,0.546124525,0.118606174,,,,
0_02015.mp4,0,71.66123779,62.85714286,15,0,0.654994842,-0.660592239,,,,
0_02016.mp4,0,68.48249027,58.06451613,13,0,0.769899729,-1.181536184,,,,
0_02017.mp4,0,37.86982249,105,1,1,0.726204715,0.842573517,,,,
0_02018.mp4,0,6.060606061,53.84615385,27,0,0.987374571,-4.087774588,,,,
0_02019.mp4,0,69.96197719,64.28571429,10,0,0.955726899,-2.898712113,,,,
0_02020.mp4,0,80.68965517,36.66666667,19,0,0.871471426,-1.828100566,,,,
0_02021.mp4,0,7.77385159,222.7272727,1,0,0.998403357,-6.002494774,,,,
0_02022.mp4,0,88.88888889,16.66666667,10,1,0.572794369,0.211927396,,,,
0_02023.mp4,0,92.19858156,20,12,1,0.526657655,0.025320393,,,,
0_02024.mp4,0,56.12244898,94.11764706,2,0,0.725592255,-0.949798864,,,,
0_02025.mp4,0,71.84466019,60.86956522,9,0,0.859089225,-1.72104604,,,,
0_02026.mp4,0,33.45070423,57.89473684,30,0,0.540776925,-0.208837601,,,,
0_02027.mp4,0,12.15277778,40.625,39,0,0.88950193,-1.986185861,,,,
0_02028.mp4,0,89.55223881,21.42857143,11,0,0.710699318,-0.883747743,,,,
0_02029.mp4,0,74.88986784,50,16,1,0.531212467,0.057506932,,,,
0_02030.mp4,0,52.03883495,23.25581395,34,0,0.614121867,-0.491558494,,,,
0_02031.mp4,0,22.36024845,100,0,0,0.999166806,-6.602881563,,,,
0_02032.mp4,0,63.44086022,71.42857143,8,0,0.725645659,-0.951101521,,,,
0_02033.mp4,0,57.14285714,94.44444444,4,0,0.699716893,-0.84935763,,,,
0_02034.mp4,0,78.57142857,57.69230769,14,1,0.539505487,0.080645521,,,,
0_02035.mp4,0,54.87804878,93.75,1,0,0.689658882,-0.805814846,,,,
0_02036.mp4,0,48.68035191,89.47368421,7,0,0.985401165,-3.953456516,,,,
0_02037.mp4,0,64.64088398,68.75,16,0,0.685207172,-0.786792373,,,,
0_02038.mp4,0,41.37931034,88.46153846,3,1,0.79941248,1.196542969,,,,
0_02039.mp4,0,42.10526316,95.45454545,4,0,0.914551771,-2.225871515,,,,
0_02040.mp4,0,59.15492958,61.9047619,8,0,0.661271958,-0.686532884,,,,
0_02041.mp4,0,68.29268293,68.42105263,6,0,0.621621882,-0.527078013,,,,
0_02042.mp4,0,53.48837209,128.5714286,1,0,0.577922038,-0.343099782,,,,
0_02043.mp4,0,80.64516129,34.7826087,15,0,0.991864518,-4.489999948,,,,
0_02044.mp4,0,50.35460993,82.75862069,8,0,0.642668465,-0.607948653,,,,
0_02045.mp4,0,74.82993197,51.72413793,17,0,0.59303433,-0.407192295,,,,
0_02046.mp4,0,62.01117318,78.37837838,12,0,0.715574625,-0.909531065,,,,
0_02047.mp4,0,79.0960452,42.85714286,12,0,0.850909433,-1.669417952,,,,
0_02048.mp4,0,91.25,21.42857143,11,1,0.550241972,0.120397707,,,,
0_02049.mp4,0,56.03864734,82.60869565,7,0,0.539075617,-0.202503918,,,,
0_02050.mp4,0,18.40490798,145.1612903,5,0,0.772324201,-1.190208864,,,,
0_02051.mp4,0,46.89655172,108.3333333,5,0,0.73613594,-0.999291406,,,,
0_02052.mp4,0,34.31952663,74.19354839,16,0,0.629412202,-0.552961814,,,,
0_02053.mp4,0,52.4822695,92.85714286,4,0,0.618839685,-0.509546736,,,,
0_02054.mp4,0,72.31638418,66.66666667,12,0,0.679709847,-0.750292159,,,,
0_02055.mp4,0,10.50328228,86.04651163,18,0,0.617583264,-0.516864049,,,,
0_02056.mp4,0,21.08433735,105.1282051,5,0,0.853921262,-1.67431069,,,,
0_02057.mp4,0,2.51572327,14.89361702,41,0,0.811749832,-1.406905511,,,,
0_02058.mp4,0,79.69924812,37.5,15,0,0.852184355,-1.674990215,,,,
0_02059.mp4,0,80.98591549,31.25,22,0,0.928410722,-2.425413455,,,,
0_02060.mp4,0,78.32167832,50,11,0,0.780229131,-1.235942556,,,,
0_02061.mp4,0,24.33090024,75,18,0,0.725107523,-0.958519289,,,,
0_02062.mp4,0,92.11618257,22.22222222,21,0,0.611997378,-0.488360439,,,,
0_02063.mp4,0,52.41935484,73.91304348,9,0,0.94448567,-2.714274354,,,,
0_02064.mp4,0,73.26007326,40,18,1,0.668490416,0.589569364,,,,
0_02065.mp4,0,59.19282511,60,10,0,0.971643469,-3.33794991,,,,
0_02066.mp4,0,80.18018018,32.14285714,20,0,0.636691358,-0.58286723,,,,
0_02067.mp4,0,18.10699588,335.7142857,3,0,0.992450054,-4.565443679,,,,
0_02068.mp4,0,26.31578947,100,0,0,0.507893024,-0.10164865,,,,
0_02069.mp4,0,69.56521739,57.14285714,6,1,0.789407208,1.140396138,,,,
0_02070.mp4,0,82.65306122,35,14,0,0.596508679,-0.427228254,,,,
0_02071.mp4,0,74.39613527,61.9047619,9,0,0.884394221,-1.939260313,,,,
0_02072.mp4,0,52.41809672,38.66666667,51,0,0.854965932,-1.689976517,,,,
0_02073.mp4,0,36.47058824,93.75,1,1,0.852679121,1.562011497,,,,
0_02074.mp4,0,25.75757576,100,0,0,0.683504579,-0.768582079,,,,
0_02075.mp4,0,35.44857768,15.68627451,45,0,0.668803818,-0.721132704,,,,
0_02076.mp4,0,83.46883469,40.54054054,24,0,0.887217522,-1.961882616,,,,
0_02077.mp4,0,75.39267016,52.17391304,11,0,0.514282929,-0.020190762,,,,
0_02078.mp4,0,69.1588785,62.5,10,1,0.664632809,0.579430409,,,,
0_02079.mp4,0,75.2688172,47.36842105,11,1,0.59847922,0.296783996,,,,
0_02080.mp4,0,9.049773756,98.82352941,1,0,0.514651011,-0.011138927,,,,
0_02081.mp4,0,48.62385321,80.95238095,4,1,0.865105965,1.645457194,,,,
0_02082.mp4,0,95.59748428,20,12,0,0.791612111,-1.298071574,,,,
0_02083.mp4,0,68.53932584,51.28205128,19,0,0.917369361,-2.259253743,,,,
0_02084.mp4,0,57.82608696,42,29,0,0.884479563,-1.931363975,,,,
0_02085.mp4,0,27.5,100,0,0,0.58722602,-0.386951278,,,,
0_02086.mp4,0,17.60797342,70.96774194,21,0,0.891266226,-1.982585314,,,,
0_02087.mp4,0,75.73964497,47.36842105,10,0,0.572710318,-0.33562467,,,,
0_02088.mp4,0,15.77981651,37.25490196,36,1,0.52615206,0.031293875,,,,
0_02089.mp4,0,87.83783784,28.57142857,10,1,0.805185281,1.229962098,,,,
0_02090.mp4,0,81.67539267,33.33333333,16,0,0.863430286,-1.754588998,,,,
0_02091.mp4,0,73.42995169,45,12,0,0.764381905,-1.138584445,,,,
0_02092.mp4,0,42.94478528,113.3333333,1,0,0.698899858,-0.832024625,,,,
0_02093.mp4,0,3.870967742,61.11111111,23,0,0.553138668,-0.255024958,,,,
0_02094.mp4,0,55.87044534,73.07692308,7,0,0.797600309,-1.323773092,,,,
0_02095.mp4,0,73.46938776,47.05882353,20,1,0.630588856,0.417914472,,,,
0_02096.mp4,0,72.86821705,66.66666667,5,0,0.788422257,-1.263711879,,,,
0_02097.mp4,0,70.64439141,56.52173913,20,1,0.663760345,0.556078862,,,,
0_02098.mp4,0,78.26086957,35.29411765,11,0,0.906745515,-2.160991916,,,,
0_02099.mp4,0,51.85185185,116.6666667,3,1,0.783622573,1.108791725,,,,
0_02100.mp4,0,93.93939394,25,9,1,0.645514639,0.477655782,,,,
0_02101.mp4,0,51.87969925,73.33333333,9,0,0.97535466,-3.473596759,,,,
0_02102.mp4,0,76.76767677,45.16129032,18,1,0.735593447,0.868945809,,,,
0_02103.mp4,0,39.09774436,145.4545455,1,0,0.796662998,-1.318422623,,,,
0_02104.mp4,0,58.96414343,96,7,0,0.530024668,-0.16888214,,,,
0_02105.mp4,0,79.51807229,55.55555556,10,0,0.744576604,-1.054968641,,,,
0_02106.mp4,0,79.7752809,40.90909091,13,0,0.779249431,-1.214336591,,,,
0_02107.mp4,0,20.67594433,49.12280702,29,0,0.732365676,-0.996910189,,,,
0_02108.mp4,0,70.71240106,51.1627907,23,0,0.589454607,-0.395477901,,,,
0_02109.mp4,0,90.73170732,23.07692308,20,0,0.843407044,-1.618621648,,,,
0_02110.mp4,0,55.62913907,52.63157895,10,0,0.518280731,-0.005495102,,,,
0_02111.mp4,0,30.90909091,100,0,0,0.853219859,-1.688658618,,,,
0_02112.mp4,0,89.7260274,23.52941176,26,1,0.541409753,0.08718436,,,,
0_02113.mp4,0,36.86006826,68.96551724,10,0,0.61986598,-0.526045698,,,,
0_02114.mp4,0,55.09433962,109.0909091,8,1,0.537110157,0.071436312,,,,
0_02115.mp4,0,46.72131148,85.71428571,3,0,0.527107625,-0.165117367,,,,
0_02116.mp4,0,60.70038911,61.76470588,13,0,0.636581091,-0.576689625,,,,
0_02117.mp4,0,88.57938719,21.95121951,35,0,0.927000049,-2.381785068,,,,
0_02118.mp4,0,73.13915858,73.07692308,14,1,0.953535731,2.730256679,,,,
0_02119.mp4,0,38.55421687,100,0,0,0.608024494,-0.478776137,,,,
0_02120.mp4,0,78.4,33.33333333,10,0,0.640771551,-0.599655205,,,,
0_02121.mp4,0,30.73170732,100,0,0,0.532179428,-0.171100787,,,,
0_02122.mp4,0,66.66666667,57.57575758,14,1,0.54035807,0.083331422,,,,
0_02123.mp4,0,19.8757764,154.8387097,2,0,0.998623346,-6.071992237,,,,
0_02124.mp4,0,31.33903134,102.2727273,1,0,0.917214849,-2.280866807,,,,
0_02125.mp4,0,31.57894737,117.2413793,3,0,0.983688004,-3.81631582,,,,
0_02126.mp4,0,71.06227106,53.33333333,14,0,0.810764747,-1.400966734,,,,
0_02127.mp4,0,64.44444444,66.66666667,6,0,0.690630085,-0.804816348,,,,
0_02128.mp4,0,89.93288591,14.28571429,12,0,0.569267006,-0.32926644,,,,
0_02129.mp4,0,19.32773109,58.33333333,26,1,0.690448269,0.682664352,,,,
0_02130.mp4,0,72.5388601,54.16666667,11,0,0.657639114,-0.677973643,,,,
0_02131.mp4,0,97.59036145,6.666666667,14,0,0.737760623,-1.007386206,,,,
0_02132.mp4,0,65.64102564,59.09090909,12,0,0.559112487,-0.281071063,,,,
0_02133.mp4,0,88.73239437,33.33333333,11,0,0.730429549,-0.987861605,,,,
0_02134.mp4,0,88.35341365,28.57142857,20,0,0.510731787,-0.112078069,,,,
0_02135.mp4,0,79.38461538,36.84210526,24,0,0.975958109,-3.492909057,,,,
0_02136.mp4,0,40,123.0769231,2,0,0.727035564,-0.962165437,,,,
0_02137.mp4,0,50.92592593,80,5,0,0.836976409,-1.567969321,,,,
0_02138.mp4,0,69.11314985,62.5,14,0,0.970571271,-3.306061234,,,,
0_02139.mp4,0,60.30150754,80,10,1,0.560944826,0.151837719,,,,
0_02140.mp4,0,59.80066445,96.55172414,9,0,0.559116841,-0.284273578,,,,
0_02141.mp4,0,21.12211221,128.125,5,0,0.81506469,-1.421470408,,,,
0_02142.mp4,0,43.2,40,36,0,0.668895909,-0.715844636,,,,
0_02143.mp4,0,50.71770335,75,9,0,0.533251452,-0.194990193,,,,
0_02144.mp4,0,68.72586873,55.17241379,13,0,0.512469388,-0.098129038,,,,
0_02145.mp4,0,31.57894737,161.2903226,0,0,0.983496911,-3.844202342,,,,
0_02146.mp4,0,72.61904762,54.05405405,21,1,0.659796499,0.559468968,,,,
0_02147.mp4,0,29.6875,121.4285714,3,0,0.763567219,-1.140050892,,,,
0_02148.mp4,0,24.48979592,113.1578947,3,0,0.982606716,-3.79131191,,,,
0_02149.mp4,0,12.46105919,96.22641509,2,0,0.5,-0.06725577,,,,
0_02150.mp4,0,64.0569395,63.33333333,13,1,0.590274595,0.276967513,,,,
0_02151.mp4,0,9.268292683,65.78947368,18,0,0.630666603,-0.557864437,,,,
0_02152.mp4,0,58.2010582,61.9047619,9,0,0.997178669,-5.472308972,,,,
0_02153.mp4,0,99.42857143,10.52631579,18,0,0.598378665,-0.42985996,,,,
0_02154.mp4,0,10.92896175,111.1111111,0,1,0.560259974,0.15634121,,,,
0_02155.mp4,0,20.63037249,124.3243243,4,0,0.813431109,-1.424582683,,,,
0_02156.mp4,0,71.42857143,52.63157895,10,0,0.891532244,-1.996855,,,,
0_02157.mp4,0,74.77744807,50,22,0,0.623611904,-0.528925772,,,,
0_02158.mp4,0,1.90023753,62.22222222,27,1,0.679634189,0.642286399,,,,
0_02159.mp4,0,29.78723404,143.75,4,0,0.984979727,-3.927126972,,,,
0_02160.mp4,0,75.91623037,50,25,0,0.943362716,-2.669110691,,,,
0_02161.mp4,0,79.22705314,52.94117647,9,1,0.721938511,0.803330802,,,,
0_02162.mp4,0,40,100,0,0,0.578968554,-0.347108838,,,,
0_02163.mp4,0,59.35483871,92.85714286,5,0,0.643415978,-0.622925884,,,,
0_02164.mp4,0,22.22222222,125,0,0,0.518885661,-0.142053765,,,,
0_02165.mp4,0,23.6453202,115.7894737,2,1,0.52599275,0.030764399,,,,
0_02166.mp4,0,25.68807339,131.25,4,0,0.942692411,-2.658078674,,,,
0_02167.mp4,0,19.13580247,213.0434783,1,0,0.909851846,-2.191917343,,,,
0_02168.mp4,0,83.14606742,42.85714286,12,0,0.608425064,-0.480361037,,,,
0_02169.mp4,0,22.89156627,105.1282051,5,0,0.985366241,-3.955186356,,,,
0_02170.mp4,0,66.66666667,57.14285714,9,0,0.87720744,-1.857201225,,,,
0_02171.mp4,0,34.19689119,171.4285714,1,1,0.623927549,0.393429788,,,,
0_02172.mp4,0,44.55958549,76.47058824,6,0,0.610223366,-0.474935148,,,,
0_02173.mp4,0,54.43425076,76.47058824,9,0,0.788102428,-1.270382321,,,,
0_02174.mp4,0,84.93150685,30.76923077,19,1,0.714203308,0.778466454,,,,
0_02175.mp4,0,29.72972973,146.1538462,0,1,0.83650726,1.423967555,,,,
0_02176.mp4,0,55.14018692,90,12,1,0.981778135,3.587480629,,,,
0_02177.mp4,0,60.48780488,63.63636364,18,0,0.695259608,-0.819260881,,,,
0_02178.mp4,0,57.71428571,76.31578947,12,0,0.604541538,-0.458763114,,,,
0_02179.mp4,0,72.83236994,50,10,1,0.534040388,0.073791596,,,,
0_02180.mp4,0,80.37383178,40.54054054,22,0,0.767125484,-1.167218249,,,,
0_02181.mp4,0,28.33333333,100,0,0,0.56273772,-0.304680428,,,,
0_02182.mp4,0,65.35947712,95.83333333,9,0,0.829665977,-1.507946121,,,,
0_02183.mp4,0,63.08724832,66.66666667,6,1,0.607839842,0.334057593,,,,
0_02184.mp4,0,37.98882682,126.6666667,2,0,0.736353033,-1.000762879,,,,
0_02185.mp4,0,12.98701299,68.33333333,26,0,0.850031501,-1.663059222,,,,
0_02186.mp4,0,59.61538462,73.52941176,11,1,0.739608596,0.885806236,,,,
0_02187.mp4,0,72.5,55.55555556,10,0,0.568660883,-0.316721229,,,,
0_02188.mp4,0,15.87301587,100,0,0,0.742651984,-1.030582601,,,,
0_02189.mp4,0,76.01809955,41.66666667,17,0,0.892915351,-1.998207919,,,,
0_02190.mp4,0,64.70588235,60,8,0,0.605357446,-0.457035189,,,,
0_02191.mp4,0,70.88607595,63.15789474,7,1,0.634903644,0.433737707,,,,
0_02192.mp4,0,8.108108108,160,1,1,0.649741426,0.499362209,,,,
0_02193.mp4,0,12.7388535,65.90909091,28,1,0.917329161,2.149902976,,,,
0_02194.mp4,0,1.801801802,42.42424242,39,0,0.652949293,-0.646059901,,,,
0_02195.mp4,0,58.02469136,73.68421053,6,0,0.56640805,-0.308284742,,,,
0_02196.mp4,0,14.58333333,100,0,0,0.69464308,-0.816576281,,,,
0_02197.mp4,0,30.90128755,100,0,1,0.666233832,0.580185777,,,,
0_02198.mp4,0,44.7761194,73.07692308,7,0,0.786339874,-1.265295991,,,,
0_02199.mp4,0,83.96226415,33.33333333,16,0,0.646208255,-0.622356016,,,,
0_02200.mp4,0,10.95890411,98.85057471,1,0,0.5994719,-0.438820505,,,,
0_02201.mp4,0,65.48672566,60,14,0,0.546102605,-0.232888517,,,,
0_02202.mp4,0,34.3470483,91.4893617,22,1,0.932371514,2.327041711,,,,
0_02203.mp4,0,31.00775194,100,0,1,0.596961861,0.293768189,,,,
0_02204.mp4,0,58.56353591,60,10,0,0.800498681,-1.340435943,,,,
0_02205.mp4,0,37.07865169,88.88888889,5,0,0.735344644,-1.01091412,,,,
0_02206.mp4,0,76.19047619,51.61290323,16,0,0.543740153,-0.214111856,,,,
0_02207.mp4,0,75.79617834,46.66666667,19,0,0.912339597,-2.222789423,,,,
0_02208.mp4,0,27.5862069,100,0,0,0.5,-0.078150174,,,,
0_02209.mp4,0,61.9047619,55.55555556,8,1,0.645199565,0.47136816,,,,
0_02210.mp4,0,70,53.33333333,15,1,0.747357188,0.943285049,,,,
0_02211.mp4,0,33.52601156,88.88888889,3,1,0.849257142,1.537162765,,,,
0_02212.mp4,0,60.43165468,76.92307692,4,0,0.844821921,-1.616542044,,,,
0_02213.mp4,0,82.6446281,33.33333333,18,0,0.913796271,-2.237211013,,,,
0_02214.mp4,0,17.43119266,100,0,0,0.606029532,-0.464643855,,,,
0_02215.mp4,0,55.47445255,91.66666667,2,0,0.850259515,-1.664707737,,,,
0_02216.mp4,0,93.77289377,22.22222222,23,0,0.534744666,-0.191104065,,,,
0_02217.mp4,0,63.50364964,56.66666667,14,0,0.712007996,-0.898848749,,,,
0_02218.mp4,0,50.55762082,104.5454545,6,0,0.660840519,-0.686012238,,,,
0_02219.mp4,0,88,18.75,13,0,0.593831351,-0.404556383,,,,
0_02220.mp4,0,79.80295567,37.5,15,1,0.971669847,3.159127345,,,,
0_02221.mp4,0,56.41025641,70,8,1,0.739338749,0.910422194,,,,
0_02222.mp4,0,87.89237668,34.7826087,16,0,0.705178696,-0.85720636,,,,
0_02223.mp4,0,67.2985782,76,6,0,0.706028094,-0.866658309,,,,
0_02224.mp4,0,18.18181818,38.7755102,36,0,0.793587129,-1.305530936,,,,
0_02225.mp4,0,85.71428571,36.84210526,12,1,0.647878537,0.481128505,,,,
0_02226.mp4,0,60.57142857,57.14285714,9,1,0.862838164,1.614799325,,,,
0_02227.mp4,0,41.37931034,80,4,0,0.668770428,-0.732213819,,,,
0_02228.mp4,0,3.285420945,41.30434783,27,0,0.571301114,-0.336954443,,,,
0_02229.mp4,0,57.73195876,66.66666667,4,1,0.720522364,0.796864237,,,,
0_02230.mp4,0,64.82758621,57.14285714,13,0,0.898257161,-2.072371901,,,,
0_02231.mp4,0,71.875,83.33333333,9,0,0.519163864,-0.122879593,,,,
0_02232.mp4,0,51.31578947,68.42105263,6,0,0.542203264,-0.221077169,,,,
0_02233.mp4,0,70.54545455,46.875,17,0,0.784896306,-1.257401287,,,,
0_02234.mp4,0,58.55513308,67.74193548,10,0,0.986756691,-4.048813359,,,,
0_02235.mp4,0,40.47619048,122.5806452,8,0,0.989831225,-4.28780395,,,,
0_02236.mp4,0,1.067615658,76.08695652,17,1,0.577936181,0.221305939,,,,
0_02237.mp4,0,74.24242424,63.15789474,7,1,0.645784226,0.469161374,,,,
0_02238.mp4,0,96.33507853,9.090909091,20,0,0.849843421,-1.652382942,,,,
0_02239.mp4,0,62.96296296,70.73170732,14,0,0.742114082,-1.04311772,,,,
0_02240.mp4,0,79.85347985,54.16666667,12,0,0.628639141,-0.549818787,,,,
0_02241.mp4,0,52.13270142,79.16666667,6,0,0.545477246,-0.23326174,,,,
0_02242.mp4,0,26.31578947,235,3,0,0.883397319,-1.931892478,,,,
0_02243.mp4,0,31.14754098,93.33333333,1,0,0.874431431,-1.843813843,,,,
0_02244.mp4,0,66.99507389,63.15789474,11,0,0.558346682,-0.281380919,,,,
0_02245.mp4,0,83.65019011,34.48275862,19,0,0.628989688,-0.551243471,,,,
0_02246.mp4,0,66.04651163,50,11,1,0.654628836,0.532414037,,,,
0_02247.mp4,0,26.70623145,105.7142857,3,0,0.982404625,-3.747062054,,,,
0_02248.mp4,0,52.17391304,70,6,0,0.692155585,-0.805775441,,,,
0_02249.mp4,0,61.07784431,72.22222222,6,1,0.535007414,0.056071744,,,,
0_02250.mp4,0,58.46153846,61.53846154,5,0,0.849216911,-1.657186621,,,,
0_02251.mp4,0,51.88284519,96,8,0,0.718182127,-0.92676265,,,,
0_02252.mp4,0,20.56737589,188,3,0,0.982430736,-3.786380953,,,,
0_02253.mp4,0,30.58823529,109.6774194,4,0,0.863980897,-1.750057338,,,,
0_02254.mp4,0,58.82352941,67.74193548,10,0,0.739841563,-1.032246543,,,,
0_02255.mp4,0,81.05726872,52.94117647,10,0,0.746394606,-1.054329181,,,,
0_02256.mp4,0,61.95652174,85.29411765,14,0,0.93748865,-2.552057458,,,,
0_02257.mp4,0,51.06382979,96.15384615,1,0,0.819979076,-1.451885862,,,,
0_02258.mp4,0,73.68421053,63.63636364,8,1,0.700056625,0.715540653,,,,
0_02259.mp4,0,17.07317073,128.5714286,1,0,0.984358003,-3.894841307,,,,
0_02260.mp4,0,75,50,9,0,0.659252289,-0.679076012,,,,
0_02261.mp4,0,71.36150235,50,11,0,0.659433811,-0.691318345,,,,
0_02262.mp4,0,64.90066225,73.33333333,6,0,0.625276533,-0.541941662,,,,
0_02263.mp4,0,3.797468354,62,21,1,0.51773667,0.000239918,,,,
0_02264.mp4,0,18.49710983,114.6341463,3,0,0.975387467,-3.474597033,,,,
0_02265.mp4,0,53.22580645,64.70588235,12,0,0.797978929,-1.316849219,,,,
0_02266.mp4,0,10.81081081,100,0,0,0.906030568,-2.153255544,,,,
0_02267.mp4,0,52.10727969,75,9,1,0.640857498,0.4639361,,,,
0_02268.mp4,0,9.868421053,73.33333333,20,0,0.540775756,-0.215770641,,,,
0_02269.mp4,0,44.18604651,81.81818182,9,0,0.66510432,-0.703173824,,,,
0_02270.mp4,0,34.01360544,82.60869565,5,1,0.818383218,1.308360502,,,,
0_02271.mp4,0,6.490872211,78.57142857,19,0,0.872233542,-1.836268998,,,,
0_02272.mp4,0,55.79710145,70.27027027,12,1,0.592339809,0.274242669,,,,
0_02273.mp4,0,54.31309904,77.77777778,9,0,0.643453958,-0.605552487,,,,
0_02274.mp4,0,26.76579926,94.44444444,2,0,0.939292013,-2.603928575,,,,
0_02275.mp4,0,46.09665428,73.68421053,11,1,0.929208525,2.304737506,,,,
0_02276.mp4,0,38.0952381,89.74358974,4,1,0.842011504,1.492052481,,,,
0_02277.mp4,0,48.70848708,73.68421053,10,0,0.537669374,-0.197272294,,,,
0_02278.mp4,0,9.090909091,99.09090909,1,0,0.767129259,-1.151298305,,,,
0_02279.mp4,0,40.7523511,69.76744186,13,0,0.746665915,-1.049833942,,,,
0_02280.mp4,0,27.5,100,0,1,0.600486165,0.298118028,,,,
0_02281.mp4,0,49.64028777,80.55555556,9,0,0.572333786,-0.340862987,,,,
0_02282.mp4,0,40,88.46153846,9,0,0.768122234,-1.168339493,,,,
0_02283.mp4,0,32.56997455,93.33333333,5,0,0.6030918,-0.448183532,,,,
0_02284.mp4,0,53.28719723,76.31578947,11,0,0.599540846,-0.439090779,,,,
0_02285.mp4,0,22.56809339,96.875,1,1,0.614018433,0.353715001,,,,
0_02286.mp4,0,21.80094787,100,0,0,0.699804922,-0.835950051,,,,
0_02287.mp4,0,40.51724138,80.55555556,7,1,0.917165108,2.160052196,,,,
0_02288.mp4,0,49.44649446,81.08108108,7,1,0.849266232,1.513853823,,,,
0_02289.mp4,0,57.55395683,65.78947368,13,0,0.513507069,-0.014840412,,,,
0_02290.mp4,0,61.11111111,62.06896552,11,0,0.884248338,-1.939502074,,,,
0_02291.mp4,0,46.37681159,76.31578947,10,0,0.818774839,-1.457276038,,,,
0_02292.mp4,0,53.16455696,74.19354839,8,0,0.919693935,-2.311259636,,,,
0_02293.mp4,0,39.41605839,85.29411765,5,1,0.888614914,1.846160839,,,,
0_02294.mp4,0,38.96103896,81.25,6,1,0.694127918,0.68319423,,,,
0_02295.mp4,0,60.81504702,65.85365854,16,0,0.813654293,-1.408244768,,,,
0_02296.mp4,0,26.29107981,100,0,0,0.632289617,-0.570729172,,,,
0_02297.mp4,0,36.65338645,86.48648649,5,0,0.602578513,-0.438867443,,,,
0_02298.mp4,0,26.77824268,93.93939394,2,1,0.72780263,0.840741951,,,,
0_02299.mp4,0,39.84375,80.55555556,7,1,0.737206588,0.894307154,,,,
0_02300.mp4,0,49.47368421,80,5,0,0.724171021,-0.943219373,,,,
0_02301.mp4,0,70.79646018,50.87719298,30,0,0.911603263,-2.191990175,,,,
0_02302.mp4,0,63.44827586,55.26315789,17,0,0.713693518,-0.895344256,,,,
0_02303.mp4,0,62.90801187,55.55555556,20,1,0.543177984,0.0862009,,,,
0_02304.mp4,0,1.568627451,75.86206897,17,0,0.764405903,-1.138707469,,,,
0_02305.mp4,0,49.12280702,70,12,0,0.818597941,-1.443273372,,,,
0_02306.mp4,0,57.9064588,78.57142857,15,0,0.97273703,-3.37676554,,,,
0_02307.mp4,0,58.23529412,62.79069767,16,1,0.689967701,0.671698684,,,,
0_02308.mp4,0,30.18867925,85.29411765,5,0,0.600508213,-0.430709754,,,,
0_02309.mp4,0,65.97938144,59.01639344,26,0,0.534973651,-0.201351955,,,,
0_02310.mp4,0,62.63157895,58,21,1,0.824695417,1.371105714,,,,
0_02311.mp4,0,14.96598639,65.07936508,23,0,0.783104959,-1.251414212,,,,
0_02312.mp4,0,34.16666667,89.65517241,3,0,0.532100045,-0.183589973,,,,
0_02313.mp4,0,45.09803922,85.18518519,4,0,0.884130277,-1.933736146,,,,
0_02314.mp4,0,6.260869565,99.09090909,1,0,0.576585925,-0.350380356,,,,
0_02315.mp4,0,60,63.33333333,11,0,0.671985995,-0.729634153,,,,
0_02316.mp4,0,62.22222222,76.19047619,13,1,0.606396745,0.328718169,,,,
0_02317.mp4,0,33.85146805,66.66666667,25,0,0.623206962,-0.539546706,,,,
0_02318.mp4,0,5.052631579,42.85714286,34,1,0.798399226,1.190798483,,,,
0_02319.mp4,0,34.85714286,88.37209302,5,0,0.550480352,-0.24506521,,,,
0_02320.mp4,0,22.99651568,95.55555556,2,0,0.938691834,-2.576616789,,,,
0_02321.mp4,0,43.50453172,79.59183673,10,1,0.988110204,3.985504239,,,,
0_02322.mp4,0,38.0952381,82.60869565,8,0,0.714543115,-0.900864186,,,,
0_02323.mp4,0,52.6984127,72.72727273,12,0,0.63591903,-0.585769609,,,,
0_02324.mp4,0,44.85981308,87.17948718,7,0,0.835866265,-1.567194109,,,,
0_02325.mp4,0,34.5276873,90.90909091,4,0,0.532006524,-0.176234662,,,,
0_02326.mp4,0,59.23566879,62.5,17,0,0.982310653,-3.74219033,,,,
0_02327.mp4,0,57.62711864,74.35897436,10,1,0.553044916,0.122634125,,,,
0_02328.mp4,0,25.57077626,96.66666667,1,1,0.705708856,0.755420265,,,,
0_02329.mp4,0,55.74572127,73.21428571,15,0,0.8155818,-1.434491887,,,,
0_02330.mp4,0,6.382978723,100,0,0,0.516060294,-0.122726804,,,,
0_02331.mp4,0,47.54716981,86.11111111,5,0,0.727011681,-0.962054351,,,,
0_02332.mp4,0,8.633093525,100,0,0,0.701626935,-0.847168282,,,,
0_02333.mp4,0,54.46623094,67.79661017,19,0,0.923355423,-2.333763445,,,,
0_02334.mp4,0,22.3880597,71.42857143,18,1,0.64624857,0.470836769,,,,
0_02335.mp4,0,45.56962025,82.75862069,5,1,0.56152804,0.153994671,,,,
0_02336.mp4,0,63.26034063,62.5,23,0,0.978873754,-3.61123276,,,,
0_02337.mp4,0,11.35646688,97.2972973,1,0,0.519527491,-0.144414912,,,,
0_02338.mp4,0,53.76344086,72.5,11,1,0.655895169,0.519590607,,,,
0_02339.mp4,0,46.46017699,81.3559322,13,0,0.851146237,-1.661842465,,,,
0_02340.mp4,0,47.82608696,67.85714286,9,1,0.738226688,0.87923035,,,,
0_02341.mp4,0,57.66871166,66.66666667,15,0,0.969035852,-3.256073828,,,,
0_02342.mp4,0,28.04878049,84.44444444,9,0,0.772246041,-1.179374971,,,,
0_02343.mp4,0,40.82840237,91.30434783,4,1,0.555794479,0.148702197,,,,
0_02344.mp4,0,47.5,73.80952381,11,0,0.725846817,-0.950979576,,,,
0_02345.mp4,0,60.75085324,49.29577465,36,0,0.849136647,-1.659061725,,,,
0_02346.mp4,0,56.57568238,70.58823529,15,0,0.959942617,-3.021781718,,,,
0_02347.mp4,0,12.08791209,98.36065574,1,0,0.505376771,-0.044507699,,,,
0_02348.mp4,0,23.11557789,109.0909091,2,0,0.999274712,-6.723526149,,,,
0_02349.mp4,0,36.06557377,91.42857143,3,0,0.937803054,-2.564224027,,,,
0_02350.mp4,0,47.29064039,78.43137255,12,0,0.5,-0.090916837,,,,
0_02351.mp4,0,56.70498084,65.78947368,13,0,0.565020427,-0.299765771,,,,
0_02352.mp4,0,22,192,2,0,0.920186866,-2.317058181,,,,
0_02353.mp4,0,59.39675174,66,17,0,0.955175262,-2.914978873,,,,
0_02354.mp4,0,55.47945205,72.97297297,11,0,0.896688788,-2.052654463,,,,
0_02355.mp4,0,42.37288136,89.65517241,3,0,0.618982548,-0.504396779,,,,
0_02356.mp4,0,25.33532042,48.75,42,0,0.518014243,-0.138848461,,,,
0_02357.mp4,0,5.243445693,75,18,0,0.740854017,-1.021847284,,,,
0_02358.mp4,0,63.75,60,17,1,0.611325379,0.338105013,,,,
0_02359.mp4,0,49.09090909,77.41935484,7,0,0.635536054,-0.57233327,,,,
0_02360.mp4,0,24.57627119,96.2962963,1,0,0.847597342,-1.645587776,,,,
0_02361.mp4,0,50.3030303,77.5,9,0,0.985695278,-3.972283759,,,,
0_02362.mp4,0,28.92156863,92,6,0,0.995636366,-5.019868744,,,,
0_02363.mp4,0,61.5819209,64.28571429,16,0,0.577826339,-0.34273339,,,,
0_02364.mp4,0,39.61352657,84,4,0,0.70028517,-0.851842193,,,,
0_02365.mp4,0,45.33333333,87.5,5,0,0.595055884,-0.421561507,,,,
0_02366.mp4,0,20.45454545,102.5,5,0,0.836234393,-1.557381369,,,,
0_02367.mp4,0,35.68773234,91.17647059,3,0,0.538263544,-0.204026854,,,,
0_02368.mp4,0,2.489626556,92.72727273,4,0,0.853906719,-1.691362439,,,,
0_02369.mp4,0,20.77922078,100,0,1,0.767228861,1.022381352,,,,
0_02370.mp4,0,27.13864307,97.43589744,1,1,0.58181063,0.235549354,,,,
0_02371.mp4,0,51.08225108,77.41935484,7,0,0.566996327,-0.320700771,,,,
0_02372.mp4,0,12.82660333,92.45283019,4,0,0.972778442,-3.347279967,,,,
0_02373.mp4,0,7.438016529,68.62745098,17,1,0.924004825,2.234176071,,,,
0_02374.mp4,0,64,67.5,15,0,0.793034796,-1.292267817,,,,
0_02375.mp4,0,50.34965035,75.67567568,9,1,0.541366169,0.09513525,,,,
0_02376.mp4,0,43.50132626,84.7826087,7,0,0.787025632,-1.269059931,,,,
0_02377.mp4,0,21.96969697,94.59459459,2,0,0.679685877,-0.750191752,,,,
0_02378.mp4,0,44.85981308,65.625,11,0,0.846300003,-1.619757354,,,,
0_02379.mp4,0,2.111613876,75.6097561,21,0,0.737364964,-1.020468968,,,,
0_02380.mp4,0,61.37931034,61.9047619,17,1,0.689179169,0.662033421,,,,
0_02381.mp4,0,4.307692308,55.84415584,38,1,0.525049115,0.040500073,,,,
0_02382.mp4,0,26.08695652,100,0,1,0.943100118,2.49519464,,,,
0_02383.mp4,0,22.3880597,60,40,0,0.603374644,-0.447747592,,,,
0_02384.mp4,0,54.46808511,61.9047619,24,1,0.938080085,2.44973512,,,,
0_02385.mp4,0,43.56435644,83.78378378,6,0,0.827026053,-1.509266967,,,,
0_02386.mp4,0,66.85082873,56.52173913,20,0,0.51545102,-0.122077657,,,,
0_02387.mp4,0,48.80382775,67.85714286,9,0,0.946092595,-2.742959054,,,,
0_02388.mp4,0,19.17808219,100,0,0,0.825342321,-1.485828274,,,,
0_02389.mp4,0,44.25531915,84.84848485,6,0,0.943031791,-2.663648873,,,,
0_02390.mp4,0,50.51546392,64.51612903,11,0,0.694479459,-0.826583639,,,,
0_02391.mp4,0,36.95652174,86.84210526,5,1,0.706431784,0.736657359,,,,
0_02392.mp4,0,45.26558891,73.58490566,14,0,0.509443252,-0.017192847,,,,
0_02393.mp4,0,66.88963211,57.5,17,0,0.557491121,-0.265607302,,,,
0_02394.mp4,0,20.32085561,91.66666667,2,0,0.610971563,-0.484268517,,,,
0_02395.mp4,0,43.47826087,80.48780488,8,0,0.696839467,-0.823113271,,,,
0_02396.mp4,0,39.408867,85.71428571,4,1,0.832195158,1.396978901,,,,
0_02397.mp4,0,32.91139241,91.42857143,4,0,0.853311188,-1.683273997,,,,
0_02398.mp4,0,42.33576642,86.48648649,5,1,0.58940337,0.279567377,,,,
0_02399.mp4,0,9.125475285,61.53846154,29,1,0.600645544,0.315510577,,,,
0_02400.mp4,0,56.37583893,64.70588235,12,1,0.546136478,0.104508708,,,,
0_02401.mp4,0,52.08333333,75,10,0,0.924842521,-2.37722044,,,,
0_02402.mp4,0,14.58966565,97.5,1,0,0.527222567,-0.172749064,,,,
0_02403.mp4,0,51.69082126,78.84615385,15,0,0.876151216,-1.858359786,,,,
0_02404.mp4,0,52.03252033,75.75757576,8,1,0.868796232,1.674861164,,,,
0_02405.mp4,0,49.20634921,70.27027027,12,0,0.836957351,-1.555821981,,,,
0_02406.mp4,0,30.03533569,43.93939394,40,0,0.833886436,-1.541642766,,,,
0_02407.mp4,0,65.625,51.2195122,20,0,0.718515886,-0.918701054,,,,
0_02408.mp4,0,4.368174727,60.75949367,35,0,0.659689921,-0.692429731,,,,
0_02409.mp4,0,55.31914894,67.64705882,13,0,0.706886966,-0.866904024,,,,
0_02410.mp4,0,41.7721519,80.48780488,8,0,0.625058919,-0.541054021,,,,
0_02411.mp4,0,62.28571429,63.04347826,17,0,0.781144243,-1.232370529,,,,
0_02412.mp4,0,64.75770925,63.46153846,24,0,0.610696092,-0.471089374,,,,
0_02413.mp4,0,77.89934354,39.65517241,35,1,0.617107102,0.365002717,,,,
0_02414.mp4,0,24.03628118,94.44444444,3,0,0.654928239,-0.671860261,,,,
0_02415.mp4,0,58.79518072,77.77777778,16,0,0.8783133,-1.887409599,,,,
0_02416.mp4,0,14.28571429,96.72131148,2,1,0.756582842,0.994880717,,,,
0_02417.mp4,0,48.14814815,71.42857143,8,0,0.743996124,-1.037017164,,,,
0_02418.mp4,0,20.19230769,100,0,0,0.686962986,-0.783383473,,,,
0_02419.mp4,0,43.68932039,80,7,0,0.694808085,-0.828006101,,,,
0_02420.mp4,0,11.86440678,97.77777778,1,0,0.576682226,-0.357363894,,,,
0_02421.mp4,0,33.39658444,42.42424242,39,1,0.535491712,0.065800918,,,,
0_02422.mp4,0,39.2,85.29411765,5,1,0.527755026,0.037212964,,,,
0_02423.mp4,0,48.01324503,63.38028169,30,0,0.940395864,-2.605412441,,,,
0_02424.mp4,0,61.31386861,67.56756757,13,0,0.877449356,-1.869454742,,,,
0_02425.mp4,0,46.09929078,81.57894737,8,0,0.646340811,-0.6235004,,,,
0_02426.mp4,0,38.16793893,95.55555556,2,0,0.822247142,-1.466141686,,,,
0_02427.mp4,0,60.52631579,60,16,0,0.541830002,-0.206990079,,,,
0_02428.mp4,0,43.38235294,80.55555556,8,0,0.557484317,-0.265581708,,,,
0_02429.mp4,0,53.33333333,73.80952381,11,0,0.588746699,-0.39053504,,,,
0_02430.mp4,0,27.16049383,87.09677419,4,0,0.948874057,-2.791668252,,,,
0_02431.mp4,0,71.64948454,54.54545455,20,0,0.680587416,-0.767204937,,,,
0_02432.mp4,0,45.11278195,88.57142857,4,0,0.543807861,-0.234056972,,,,
0_02433.mp4,0,73.07692308,45.65217391,25,0,0.66257465,-0.69361136,,,,
0_02434.mp4,0,62.19239374,64.70588235,21,0,0.944687679,-2.71771098,,,,
0_02435.mp4,0,31.29973475,94.23076923,3,0,0.850485726,-1.662601022,,,,
0_02436.mp4,0,10.52631579,100,0,0,0.991478507,-4.456268381,,,,
0_02437.mp4,0,34.96503497,60,31,0,0.647317392,-0.627654631,,,,
0_02438.mp4,0,47.10144928,65.85365854,15,1,0.877481631,1.746961385,,,,
0_02439.mp4,0,60.82949309,65.51724138,20,0,0.75479916,-1.089471375,,,,
0_02440.mp4,0,18.6440678,102.3255814,3,0,0.983993179,-3.83358121,,,,
0_02441.mp4,0,45.4954955,77.19298246,13,1,0.64963668,0.517974294,,,,
0_02442.mp4,0,19.37172775,100,2,0,0.98609565,-3.997344845,,,,
0_02443.mp4,0,32.45614035,77.14285714,8,0,0.846308493,-1.619816875,,,,
0_02444.mp4,0,49.59349593,68.75,10,0,0.803016814,-1.362880436,,,,
0_02445.mp4,0,33.91812865,91.66666667,4,0,0.744102453,-1.037532637,,,,
0_02446.mp4,0,25.51020408,109.5238095,4,0,0.552418622,-0.256230406,,,,
0_02447.mp4,0,33.13253012,89.18918919,4,1,0.872569777,1.705667111,,,,
0_02448.mp4,0,49.0797546,71.05263158,11,0,0.763370059,-1.139043052,,,,
0_02449.mp4,0,63.72239748,68.42105263,14,1,0.805345648,1.258724281,,,,
0_02450.mp4,0,43.22344322,80,7,0,0.514339834,-0.012286244,,,,
0_02451.mp4,0,53.38345865,65,15,1,0.538895661,0.091787666,,,,
0_02452.mp4,0,44.64831804,82.5,8,0,0.538585275,-0.194907185,,,,
0_02453.mp4,0,28.70813397,91.17647059,3,0,0.566873172,-0.306779485,,,,
0_02454.mp4,0,37.5,91.66666667,8,0,0.731007156,-0.980724075,,,,
0_02455.mp4,0,35.77235772,88.23529412,4,0,0.864578166,-1.763608207,,,,
0_02456.mp4,0,35.17241379,91.66666667,5,1,0.518416909,0.010167334,,,,
0_02457.mp4,0,56.04719764,71.79487179,11,0,0.5,-0.042908076,,,,
0_02458.mp4,0,39.61352657,84.61538462,4,0,0.688559193,-0.784557146,,,,
0_02459.mp4,0,42.89276808,85.41666667,8,1,0.517347504,0.006214348,,,,
0_02460.mp4,0,61.36363636,64.70588235,12,0,0.512718981,-0.104837292,,,,
0_02461.mp4,0,21.18126273,78.94736842,17,0,0.648214398,-0.637486391,,,,
0_02462.mp4,0,16.80672269,117.5,3,0,0.651078248,-0.649709126,,,,
0_02463.mp4,0,37.31343284,94.11764706,2,0,0.849339701,-1.654307716,,,,
0_02464.mp4,0,31.84079602,85.71428571,4,0,0.980092198,-3.670901123,,,,
0_02465.mp4,0,38.16425121,92.59259259,4,0,0.527444809,-0.159317959,,,,
0_02466.mp4,0,53.125,71.73913043,15,0,0.524935493,-0.164322289,,,,
0_02467.mp4,0,33.48837209,96.55172414,3,0,0.962831488,-3.09165094,,,,
0_02468.mp4,0,67.4556213,53.48837209,20,1,0.548863206,0.114508157,,,,
0_02469.mp4,0,16.33554084,98.21428571,1,0,0.98740238,-4.052420219,,,,
0_02470.mp4,0,36.72131148,92.5,6,0,0.985178337,-3.939442303,,,,
0_02471.mp4,0,53.77358491,69.64285714,17,0,0.52804822,-0.155776532,,,,
0_02472.mp4,0,52.34899329,85,6,1,0.573136473,0.203660764,,,,
0_02473.mp4,0,40.625,87.80487805,5,0,0.578953563,-0.355490421,,,,
0_02474.mp4,0,71.12676056,48.57142857,18,0,0.5,-0.07596367,,,,
0_02475.mp4,0,30.54545455,94.28571429,2,0,0.789819061,-1.271366473,,,,
0_02476.mp4,0,9.433962264,100,0,0,0.979742905,-3.650175023,,,,
0_02477.mp4,0,72.68722467,46.2962963,29,0,0.753883373,-1.100452394,,,,
0_02478.mp4,0,61.42857143,57.89473684,17,1,0.899348454,1.936487594,,,,
0_02479.mp4,0,48.7012987,85.29411765,9,1,0.557922931,0.162436246,,,,
0_02480.mp4,0,23.36182336,88.63636364,5,1,0.745638766,0.940838964,,,,
0_02481.mp4,0,48.67724868,65.51724138,10,0,0.565272543,-0.30745511,,,,
0_02482.mp4,0,52.34375,70.58823529,10,0,0.698350398,-0.827084029,,,,
0_02483.mp4,0,40.19607843,82.75862069,5,0,0.51251422,-0.118628014,,,,
0_02484.mp4,0,26.03878116,97.5,1,0,0.586500089,-0.381841558,,,,
0_02485.mp4,0,35.05976096,88.23529412,4,0,0.685932933,-0.789883565,,,,
0_02486.mp4,0,42.45810056,77.77777778,10,0,0.872318946,-1.826178102,,,,
0_02487.mp4,0,46.8401487,85.29411765,6,1,0.920853922,2.205827741,,,,
0_02488.mp4,0,69.72477064,43.85964912,32,0,0.51260887,-0.02634279,,,,
0_02489.mp4,0,45.68245125,87.5,6,1,0.835272267,1.41577612,,,,
0_02490.mp4,0,27,100,0,0,0.573177491,-0.337400408,,,,
0_02491.mp4,0,22.56809339,91.42857143,3,0,0.867034235,-1.773978514,,,,
0_02492.mp4,0,31.68316832,92.30769231,2,1,0.531321665,0.057911295,,,,
0_02493.mp4,0,57.23905724,72.22222222,10,0,0.695847693,-0.821824475,,,,
0_02494.mp4,0,33.33333333,90,3,0,0.696776131,-0.822839883,,,,
0_02495.mp4,0,50.54151625,75,9,1,0.622814503,0.380356403,,,,
0_02496.mp4,0,44.21052632,83.01886792,10,0,0.914968647,-2.25403586,,,,
0_02497.mp4,0,55.72139303,70.37037037,9,1,0.629657918,0.422821467,,,,
0_02498.mp4,0,78.51851852,36,32,0,0.664492853,-0.702048609,,,,
0_02499.mp4,0,63.02083333,61.2244898,21,0,0.7898016,-1.288026742,,,,
0_02500.mp4,0,56,67.44186047,14,0,0.734776652,-1.003702118,,,,
0_02501.mp4,0,58.62068966,71.05263158,13,0,0.796234779,-1.307014428,,,,
0_02502.mp4,0,17.97752809,69.79166667,36,0,0.818397722,-1.44202909,,,,
0_02503.mp4,0,29.2358804,91.66666667,3,0,0.606266581,-0.46059525,,,,
0_02504.mp4,0,53.50877193,72.72727273,14,1,0.61817385,0.36330963,,,,
0_02505.mp4,0,65.17571885,50,23,0,0.76276098,-1.144931202,,,,
0_02506.mp4,0,57.60869565,62,19,0,0.5083984,-0.026849605,,,,
0_02507.mp4,0,25.64102564,96.875,1,1,0.565476093,0.190526748,,,,
0_02508.mp4,0,1.632653061,63.26530612,18,0,0.899869881,-2.066518031,,,,
0_02509.mp4,0,53.88127854,70.96774194,9,1,0.648460218,0.489496946,,,,
0_02510.mp4,0,50,74.28571429,10,0,0.719682323,-0.923967063,,,,
0_02511.mp4,0,59.83379501,66.66666667,17,0,0.763140595,-1.132232803,,,,
0_02512.mp4,0,58.13953488,68.57142857,12,0,0.5,-0.080289232,,,,
0_02513.mp4,0,49.78902954,70.27027027,11,0,0.663059198,-0.701607441,,,,
0_02514.mp4,0,58.18181818,60,24,1,0.743589792,0.930893071,,,,
0_02515.mp4,0,27.27272727,100,0,0,0.65178909,-0.652753649,,,,
0_02516.mp4,0,59.22330097,64.1509434,19,0,0.898634903,-2.075054951,,,,
0_02517.mp4,0,44.44444444,81.25,6,0,0.731014321,-0.9859996,,,,
0_02518.mp4,0,17.96407186,66.15384615,25,1,0.639609696,0.450960715,,,,
0_02519.mp4,0,47.11111111,81.25,6,0,0.726869703,-0.956716223,,,,
0_02520.mp4,0,45.25547445,82.85714286,7,0,0.729579613,-0.974033678,,,,
0_02521.mp4,0,31.81818182,96.15384615,1,1,0.594601728,0.2763729,,,,
0_02522.mp4,0,50.27932961,76.19047619,13,0,0.61799372,-0.506127388,,,,
0_02523.mp4,0,42.48704663,83.33333333,4,1,0.822151322,1.354985252,,,,
0_02524.mp4,0,58.5,63.26530612,19,0,0.739791321,-1.02239833,,,,
0_02525.mp4,0,52.96442688,78.125,7,1,0.650482645,0.507004516,,,,
0_02526.mp4,0,43.63636364,80,8,0,0.52744831,-0.159330933,,,,
0_02527.mp4,0,64.94464945,57.14285714,15,1,0.789144079,1.160292122,,,,
0_02528.mp4,0,43.08943089,82.35294118,6,0,0.761290091,-1.128445805,,,,
0_02529.mp4,0,55.19480519,63.04347826,17,0,0.63649795,-0.581973973,,,,
0_02530.mp4,0,40.43010753,57.14285714,26,1,0.586619413,0.255397127,,,,
0_02531.mp4,0,45.07042254,84.21052632,7,0,0.544920117,-0.228527674,,,,
0_02532.mp4,0,68.77192982,52.77777778,17,1,0.647946579,0.505253219,,,,
0_02533.mp4,0,65.40880503,56.89655172,25,0,0.876244149,-1.869763431,,,,
0_02534.mp4,0,24.43181818,95.55555556,2,0,0.582944815,-0.37471776,,,,
0_02535.mp4,0,37.3540856,88.57142857,4,1,0.805762991,1.245046973,,,,
0_02536.mp4,0,20.94240838,117.5,3,0,0.826940897,-1.501689606,,,,
0_02537.mp4,0,68.55670103,53.19148936,22,1,0.618291504,0.380897698,,,,
0_02538.mp4,0,17.55319149,158.0645161,1,0,0.999255143,-6.706339235,,,,
0_02539.mp4,0,45.58404558,83.72093023,7,1,0.562878466,0.158989521,,,,
0_02540.mp4,0,24.3902439,95.91836735,2,0,0.515574669,-0.007733172,,,,
0_02541.mp4,0,42.47104247,79.48717949,10,0,0.888108932,-1.974646198,,,,
0_02542.mp4,0,65.94202899,51.35135135,18,0,0.973205333,-3.392781215,,,,
0_02543.mp4,0,50.66079295,71.92982456,17,0,0.850747954,-1.668246071,,,,
0_02544.mp4,0,28.83435583,90,4,0,0.741755898,-1.041400129,,,,
0_02545.mp4,0,41.25560538,79.41176471,7,1,0.734694473,0.862522839,,,,
0_02546.mp4,0,62.45847176,61.53846154,16,0,0.648495815,-0.626967662,,,,
0_02547.mp4,0,23.29545455,112.8205128,2,0,0.969677317,-3.275567321,,,,
0_02548.mp4,0,42.06896552,86.84210526,5,0,0.775949236,-1.209305337,,,,
0_02549.mp4,0,58.59030837,67.24137931,20,1,0.672240737,0.611123562,,,,
0_02550.mp4,0,44.02985075,82.85714286,7,1,0.639366565,0.445966448,,,,
0_02551.mp4,0,47.24409449,68.42105263,12,0,0.702182165,-0.849617854,,,,
0_02552.mp4,0,0,104.8780488,1,0,0.923796156,-2.363486667,,,,
0_02553.mp4,0,19.51219512,122.8571429,3,0,0.927150076,-2.400515558,,,,
0_02554.mp4,0,40.56603774,90,9,0,0.729969239,-0.971004571,,,,
0_02555.mp4,0,63.97694524,56.81818182,19,0,0.575863007,-0.340976548,,,,
0_02556.mp4,0,53.8071066,73.46938776,15,0,0.951773869,-2.841347089,,,,
0_02557.mp4,0,61.53846154,59.45945946,17,0,0.99423845,-4.806931827,,,,
0_02558.mp4,0,42.96296296,80,9,1,0.526778195,0.041092122,,,,
0_02559.mp4,0,62.5,50,20,1,0.519414133,0.006727212,,,,
0_02560.mp4,0,15.87301587,94.73684211,3,0,0.88936741,-1.981882975,,,,
0_02561.mp4,0,58.12356979,78.43137255,16,1,0.806929102,1.262083589,,,,
0_02562.mp4,0,38,88.37209302,5,0,0.827765455,-1.507018331,,,,
0_02563.mp4,0,60.98484848,59.15492958,31,0,0.837550652,-1.566283876,,,,
0_02564.mp4,0,16.47058824,53.62318841,38,0,0.768304756,-1.164445222,,,,
0_02565.mp4,0,36.66666667,89.74358974,4,0,0.646982589,-0.620518293,,,,
0_02566.mp4,0,70.73170732,50,21,1,0.81748268,1.325863433,,,,
0_02567.mp4,0,35.71428571,87.17948718,5,0,0.692296522,-0.812010986,,,,
0_02568.mp4,0,43.40425532,78.78787879,9,0,0.78517413,-1.248655215,,,,
0_02569.mp4,0,42.92682927,86.20689655,4,1,0.668577055,0.595815606,,,,
0_02570.mp4,0,50,64.70588235,12,1,0.54879778,0.106945542,,,,
0_02571.mp4,0,29.52380952,89.28571429,3,0,0.752515926,-1.089437531,,,,
0_02572.mp4,0,26.99724518,91.83673469,4,0,0.775687907,-1.211804381,,,,
0_02573.mp4,0,39.72125436,61.53846154,20,1,0.669082368,0.577911038,,,,
0_02574.mp4,0,31.47540984,94.11764706,2,1,0.557288995,0.154256613,,,,
0_02575.mp4,0,61.29032258,64.28571429,23,0,0.551249904,-0.261720346,,,,
0_02576.mp4,0,24,96.66666667,1,1,0.58938806,0.273670369,,,,
0_02577.mp4,0,41.95804196,84.21052632,6,0,0.819046752,-1.44606645,,,,
0_02578.mp4,0,11.95652174,63.33333333,27,1,0.912058661,2.073268078,,,,
0_02579.mp4,0,23.11557789,109.0909091,2,0,0.999525889,-7.123352737,,,,
0_02580.mp4,0,62.57309942,69.04761905,16,0,0.601346358,-0.434009494,,,,
0_02581.mp4,0,70.90301003,47.22222222,39,1,0.875945493,1.717042714,,,,
0_02582.mp4,0,60.86956522,58.06451613,13,0,0.689688786,-0.805943134,,,,
0_02583.mp4,0,53.7414966,82.05128205,7,0,0.577004002,-0.345337931,,,,
0_02584.mp4,0,58.22102426,66.66666667,14,0,0.938979003,-2.582959633,,,,
0_02585.mp4,0,54.90196078,68.75,10,0,0.864063533,-1.770719154,,,,
0_02586.mp4,0,47.13375796,80,8,1,0.68443917,0.638208006,,,,
0_02587.mp4,0,41.02564103,88.46153846,3,0,0.621581488,-0.526914239,,,,
0_02588.mp4,0,66.51162791,52,25,0,0.616715809,-0.500971046,,,,
0_02589.mp4,0,50.3030303,80.95238095,9,1,0.541175308,0.086823904,,,,
0_02590.mp4,0,71.26436782,47.72727273,23,0,0.609970995,-0.486486635,,,,
0_02591.mp4,0,65.04065041,56,22,0,0.546774843,-0.231208422,,,,
0_02592.mp4,0,61.2244898,58.53658537,17,0,0.525688427,-0.152810685,,,,
0_02593.mp4,0,55.92105263,61.53846154,15,1,0.647860966,0.496401684,,,,
0_02594.mp4,0,26.625387,92.68292683,3,0,0.872382581,-1.826705693,,,,
0_02595.mp4,0,16.34615385,89.65517241,3,0,0.590532363,-0.397461567,,,,
0_02596.mp4,0,64.76683938,62.79069767,16,0,0.821006798,-1.471153443,,,,
0_02597.mp4,0,41.62436548,92.30769231,2,0,0.532412299,-0.18474635,,,,
0_02598.mp4,0,38.43137255,86.84210526,5,1,0.612165375,0.341199277,,,,
0_02599.mp4,0,0.751879699,67.79661017,21,0,0.620932124,-0.524282995,,,,
0_02600.mp4,0,12.36749117,89.23076923,9,0,0.511155759,-0.023422026,,,,
0_02601.mp4,0,15.75342466,62.85714286,31,0,0.646295741,-0.635063749,,,,
0_02602.mp4,0,63.30935252,52.63157895,18,0,0.509448624,-0.092755292,,,,
0_02603.mp4,0,46.60194175,80.76923077,7,0,0.76427362,-1.152623005,,,,
0_02604.mp4,0,58.62068966,62.74509804,21,1,0.737489547,0.895655697,,,,
0_02605.mp4,0,40.14869888,76.92307692,9,0,0.797981762,-1.316865244,,,,
0_02606.mp4,0,32.20338983,93.75,2,0,0.797028044,-1.311479624,,,,
0_02607.mp4,0,71.86629526,47.82608696,24,1,0.929945963,2.300006399,,,,
0_02608.mp4,0,46.66666667,76.66666667,7,0,0.604305325,-0.445689915,,,,
0_02609.mp4,0,51.50501672,69.23076923,12,0,0.820258625,-1.463418296,,,,
0_02610.mp4,0,67.70186335,56.41025641,17,0,0.585328585,-0.377317375,,,,
0_02611.mp4,0,1.067615658,46.26865672,36,1,0.578275361,0.232324016,,,,
0_02612.mp4,0,38.39541547,88.63636364,9,0,0.611524375,-0.481278787,,,,
0_02613.mp4,0,8.113590264,100,0,0,0.740512948,-1.020207855,,,,
0_02614.mp4,0,52.49169435,78.94736842,8,1,0.659549081,0.552571527,,,,
0_02615.mp4,0,23.16602317,91.42857143,3,0,0.915024347,-2.254146331,,,,
0_02616.mp4,0,18.42105263,93.93939394,2,0,0.61377015,-0.501602075,,,,
0_02617.mp4,0,48.60557769,78.78787879,8,1,0.557667228,0.155662477,,,,
0_02618.mp4,0,24.02597403,92.5,3,1,0.656431177,0.539781934,,,,
0_02619.mp4,0,76.21776504,41.86046512,25,1,0.675494675,0.618903653,,,,
0_02620.mp4,0,1.094890511,75.75757576,18,0,0.988218727,-4.149712247,,,,
0_02621.mp4,0,27.55555556,93.33333333,2,0,0.747221328,-1.052715798,,,,
0_02622.mp4,0,54.8951049,64.55696203,28,0,0.608787842,-0.481797229,,,,
0_02623.mp4,0,53.67647059,79.41176471,8,1,0.903225934,1.976481962,,,,
0_02624.mp4,0,61.53846154,57.14285714,18,1,0.921584667,2.181356037,,,,
0_02625.mp4,0,67.04225352,56.52173913,20,0,0.958269123,-2.953529904,,,,
0_02626.mp4,0,23.91304348,96.2962963,2,0,0.817355615,-1.430679459,,,,
0_02627.mp4,0,41.50943396,80,6,0,0.552279655,-0.251804735,,,,
0_02628.mp4,0,58.06451613,58.82352941,14,1,0.657557872,0.550275979,,,,
0_02629.mp4,0,16.58986175,100,0,0,0.514591081,-0.011359895,,,,
0_02630.mp4,0,66.49874055,56,23,0,0.943289712,-2.694168441,,,,
0_02631.mp4,0,66.28571429,57.77777778,20,0,0.76538319,-1.142408104,,,,
0_02632.mp4,0,9.98003992,76.36363636,14,0,0.731668962,-0.993649307,,,,
0_02633.mp4,0,28.71287129,89.65517241,3,1,0.694022324,0.70405114,,,,
0_02634.mp4,0,47.39884393,72.09302326,13,0,0.959359808,-2.978048322,,,,
0_02635.mp4,0,48.48484848,76.47058824,9,0,0.885544307,-1.949666348,,,,
0_02636.mp4,0,50.15479876,82.5,8,0,0.81467087,-1.424657228,,,,
0_02637.mp4,0,42.19178082,83.72093023,7,0,0.986048141,-3.959150415,,,,
0_02638.mp4,0,50.71428571,66.66666667,13,0,0.778817965,-1.214230932,,,,
0_02639.mp4,0,74.35897436,41.50943396,32,0,0.881823948,-1.907604601,,,,
0_02640.mp4,0,31.94029851,55.84415584,34,0,0.594878178,-0.408641604,,,,
0_02641.mp4,0,22.27602906,96.07843137,2,0,0.775518628,-1.19664137,,,,
0_02642.mp4,0,42.85714286,92.85714286,5,0,0.574396215,-0.33537711,,,,
0_02643.mp4,0,51.08695652,74.07407407,7,0,0.753693573,-1.09026988,,,,
0_02644.mp4,0,50.93632959,75.75757576,8,0,0.701564771,-0.846894188,,,,
0_02645.mp4,0,61.59695817,55.55555556,18,0,0.538198399,-0.199240047,,,,
0_02646.mp4,0,74.53416149,40.47619048,25,0,0.515973572,-0.122410101,,,,
0_02647.mp4,0,58.77862595,69.6969697,12,0,0.588498513,-0.40258544,,,,
0_02648.mp4,0,44.36090226,88.57142857,4,0,0.544560201,-0.217171395,,,,
0_02649.mp4,0,24.81389578,87.75510204,10,0,0.994845124,-4.867873072,,,,
0_02650.mp4,0,33.91304348,92.59259259,2,0,0.811015474,-1.406791635,,,,
0_02651.mp4,0,16.25282167,85.24590164,9,0,0.98388126,-3.865962427,,,,
0_02652.mp4,0,46.97674419,82,13,0,0.944977894,-2.722202194,,,,
0_02653.mp4,0,32.53588517,88,3,0,0.662780029,-0.700383751,,,,
0_02654.mp4,0,68.18181818,56.75675676,16,0,0.787152777,-1.256787035,,,,
0_02655.mp4,0,35.13513514,89.65517241,3,0,0.636258563,-0.580987698,,,,
0_02656.mp4,0,37.95180723,82.22222222,8,0,0.693367415,-0.816645856,,,,
0_02657.mp4,0,57.14285714,67.85714286,9,0,0.583938142,-0.371955565,,,,
0_02658.mp4,0,31.89368771,83.78378378,6,0,0.592833833,-0.419332758,,,,
0_02659.mp4,0,69.30232558,48.14814815,31,0,0.977283745,-3.54922975,,,,
0_02660.mp4,0,35.60209424,86.20689655,4,0,0.671204994,-0.726140537,,,,
0_02661.mp4,0,22.13740458,91.89189189,3,0,0.837638984,-1.560384871,,,,
0_02662.mp4,0,13.85681293,93.33333333,4,0,0.9331893,-2.468646173,,,,
0_02663.mp4,0,19.00826446,100,0,1,0.623954138,0.389983714,,,,
0_02664.mp4,0,32.84671533,94.11764706,2,1,0.712031356,0.761418976,,,,
0_02665.mp4,0,13.6239782,109.7560976,1,0,0.976371731,-3.512711234,,,,
0_02666.mp4,0,22.58064516,120.5128205,2,0,0.968798178,-3.251892286,,,,
0_02667.mp4,0,45.33333333,85.71428571,5,1,0.682386502,0.653983549,,,,
0_02668.mp4,0,65.69767442,66.66666667,12,0,0.873714769,-1.837802659,,,,
0_02669.mp4,0,37.07317073,89.28571429,5,0,0.677733646,-0.749836734,,,,
0_02670.mp4,0,44.21768707,88.23529412,5,0,0.612003371,-0.482047073,,,,
0_02671.mp4,0,60.72607261,62.79069767,16,0,0.694405244,-0.809857318,,,,
0_02672.mp4,0,22.32346241,89.65517241,6,0,0.836761537,-1.566516421,,,,
0_02673.mp4,0,63.05084746,61.76470588,13,0,0.61637389,-0.493863839,,,,
0_02674.mp4,0,44.15584416,75,8,0,0.795889155,-1.318529001,,,,
0_02675.mp4,0,32.40740741,89.65517241,3,1,0.752633579,0.94893651,,,,
0_02676.mp4,0,63.23024055,64.86486486,16,0,0.83746174,-1.565680695,,,,
0_02677.mp4,0,51.80327869,65.90909091,16,1,0.848926948,1.509253282,,,,
0_02678.mp4,0,7.975460123,99.18032787,1,0,0.648535145,-0.638851907,,,,
0_02679.mp4,0,19.83914209,97.61904762,1,0,0.962960215,-3.092752511,,,,
0_02680.mp4,0,21.37931034,89.13043478,5,1,0.92865807,2.315650903,,,,
0_02681.mp4,0,39.0625,96.875,1,0,0.994751897,-4.900547432,,,,
0_02682.mp4,0,44.5,90.24390244,4,0,0.518128109,-0.124831549,,,,
0_02683.mp4,0,48.45360825,69.6969697,10,1,0.791577303,1.163860608,,,,
0_02684.mp4,0,60.53639847,62.85714286,14,0,0.965007791,-3.147397786,,,,
0_02685.mp4,0,58.60215054,72.34042553,16,0,0.530565892,-0.175780121,,,,
0_02686.mp4,0,31.09919571,97.6744186,1,0,0.994718926,-4.893039998,,,,
0_02687.mp4,0,50.73529412,78.78787879,8,1,0.52046653,0.010309912,,,,
0_02688.mp4,0,23.75,153.3333333,4,0,0.997390208,-5.544101172,,,,
0_02689.mp4,0,42.26804124,85.71428571,8,0,0.758698659,-1.115330966,,,,
0_02690.mp4,0,2.282453638,88.57142857,8,0,0.513739094,-0.007120645,,,,
0_02691.mp4,0,50.16949153,78.04878049,9,0,0.940395204,-2.646247344,,,,
0_02692.mp4,0,33.9047619,40.98360656,38,0,0.691641932,-0.809182302,,,,
0_02693.mp4,0,24.30939227,95.45454545,3,0,0.534606491,-0.192875778,,,,
0_02694.mp4,0,1.500938086,98.14814815,1,0,0.5,-0.080880819,,,,
0_02695.mp4,0,8.797653959,79.48717949,16,0,0.955991784,-2.932819914,,,,
0_02696.mp4,0,27.02702703,94.73684211,2,1,0.852852364,1.569306781,,,,
0_02697.mp4,0,19.78609626,94.87179487,2,1,0.836312108,1.422669867,,,,
0_02698.mp4,0,64.04494382,57.77777778,19,0,0.791451081,-1.283384428,,,,
0_02699.mp4,0,68.33712984,66,18,1,0.523113832,0.020078542,,,,
0_02700.mp4,0,36.44067797,96.66666667,1,1,0.737289183,0.874781895,,,,
0_02701.mp4,0,68.63468635,50,18,0,0.524752763,-0.14356585,,,,
0_02702.mp4,0,64.38356164,66.66666667,22,1,0.535180182,0.064370809,,,,
0_02703.mp4,0,68.6746988,57.5,17,0,0.5,-0.070793112,,,,
0_02704.mp4,0,17.53246753,87.5,5,0,0.702316775,-0.844532936,,,,
0_02705.mp4,0,8.062015504,72.97297297,21,0,0.558753649,-0.282909254,,,,
0_02706.mp4,0,63.11111111,54.83870968,14,0,0.652061459,-0.647064586,,,,
0_02707.mp4,0,6.017699115,56.66666667,30,0,0.754427835,-1.093924723,,,,
0_02708.mp4,0,42.9022082,79.06976744,9,0,0.625378946,-0.542359515,,,,
0_02709.mp4,0,59.86394558,60,24,0,0.632364775,-0.571039628,,,,
0_02710.mp4,0,70.84233261,54.23728814,27,1,0.515543676,0.005348466,,,,
0_02711.mp4,0,64.45916115,60,23,1,0.64620494,0.465783377,,,,
0_02712.mp4,0,26.43171806,90.32258065,4,0,0.810094423,-1.3869893,,,,
0_02713.mp4,0,61.9047619,69.04761905,13,0,0.592761554,-0.419052804,,,,
0_02714.mp4,0,9.744779582,75.72815534,25,0,0.727587366,-0.964733745,,,,
0_02715.mp4,0,56.68449198,66.66666667,17,0,0.947645026,-2.770538571,,,,
0_02716.mp4,0,56.39097744,64.1025641,14,0,0.706203056,-0.872927392,,,,
0_02717.mp4,0,1.814882033,50,32,0,0.554049733,-0.265270687,,,,
0_02718.mp4,0,52.56410256,78.04878049,9,1,0.564933585,0.174884136,,,,
0_02719.mp4,0,20.41467305,52.38095238,33,0,0.61186302,-0.475753633,,,,
0_02720.mp4,0,51.89189189,78.57142857,10,0,0.793891399,-1.307242772,,,,
0_02721.mp4,0,9.071274298,98.75,1,0,0.511644213,-0.100866227,,,,
0_02722.mp4,0,38.00623053,97.22222222,1,0,0.527042631,-0.1628763,,,,
0_02723.mp4,0,51.94805195,74.19354839,9,0,0.742960708,-1.047183733,,,,
0_02724.mp4,0,65.29209622,54.05405405,17,0,0.629432594,-0.547054897,,,,
0_02725.mp4,0,46.53061224,86.11111111,6,1,0.643214455,0.454912872,,,,
0_02726.mp4,0,47.91086351,80.85106383,11,0,0.511073066,-0.092969382,,,,
0_02727.mp4,0,48.59335038,78.26086957,12,0,0.949352645,-2.795147634,,,,
0_02728.mp4,0,40,81.08108108,7,0,0.689619374,-0.800463154,,,,
0_02729.mp4,0,77.46478873,38.59649123,35,0,0.645329307,-0.625241913,,,,
0_02730.mp4,0,48.13278008,74.28571429,9,0,0.619706784,-0.513805331,,,,
0_02731.mp4,0,56.43340858,71.15384615,15,1,0.805070199,1.229289611,,,,
0_02732.mp4,0,57.8313253,64.70588235,12,0,0.636141085,-0.574854389,,,,
0_02733.mp4,0,49.77777778,74.19354839,8,0,0.634614529,-0.574226008,,,,
0_02734.mp4,0,45.25993884,71.11111111,13,1,0.717218681,0.784614447,,,,
0_02735.mp4,0,38.98305085,87.5,4,0,0.509861193,-0.100097138,,,,
0_02736.mp4,0,45.16129032,77.77777778,10,0,0.938245465,-2.569481208,,,,
0_02737.mp4,0,57.24381625,64.28571429,15,0,0.817389375,-1.441373336,,,,
0_02738.mp4,0,60.86956522,72,17,1,0.739064651,0.903179557,,,,
0_02739.mp4,0,66.05504587,55,18,1,0.643691575,0.461606064,,,,
0_02740.mp4,0,35.78947368,85.18518519,4,0,0.871663023,-1.82967711,,,,
0_02741.mp4,0,2.157164869,95.16129032,6,0,0.561883965,-0.287916709,,,,
0_02742.mp4,0,56.77966102,66.66666667,12,0,0.656998498,-0.66812942,,,,
0_02743.mp4,0,70.61403509,53.84615385,26,0,0.930466979,-2.454294563,,,,
0_02744.mp4,0,50.6097561,84.21052632,6,1,0.846273174,1.490563037,,,,
0_02745.mp4,0,18.75,93.33333333,2,0,0.545903579,-0.232154346,,,,
0_02746.mp4,0,10.65088757,100,0,0,0.807379177,-1.375131622,,,,
0_02747.mp4,0,18.26086957,96.96969697,1,1,0.635330445,0.435301232,,,,
0_02748.mp4,0,42.33983287,81.63265306,13,0,0.642708682,-0.614178751,,,,
0_02749.mp4,0,42.2907489,81.25,6,0,0.684990958,-0.774932764,,,,
0_02750.mp4,0,31.27272727,92.10526316,3,0,0.767392281,-1.159719956,,,,
0_02751.mp4,0,27.22513089,95.83333333,1,1,0.664907254,0.580567387,,,,
0_02752.mp4,0,68.06526807,49.09090909,28,0,0.797975791,-1.325921649,,,,
0_02753.mp4,0,7.155635063,70.42253521,25,0,0.633245824,-0.568612174,,,,
0_02754.mp4,0,46.76258993,80.55555556,8,0,0.781684011,-1.229663595,,,,
0_02755.mp4,0,54.3554007,68.29268293,15,1,0.585537353,0.265184133,,,,
0_02756.mp4,0,50.73170732,65.51724138,10,0,0.646419507,-0.618123278,,,,
0_02757.mp4,0,49.24924925,76.08695652,11,0,0.843875096,-1.62187943,,,,
0_02758.mp4,0,63.90804598,56.14035088,26,0,0.960776742,-3.010874131,,,,
0_02759.mp4,0,54.19847328,70.58823529,10,0,0.853793049,-1.692867643,,,,
0_02760.mp4,0,46.1038961,75,13,0,0.978913863,-3.612994551,,,,
0_02761.mp4,0,68.26347305,52.38095238,21,0,0.983532248,-3.846181815,,,,
0_02762.mp4,0,15.625,109.3023256,3,0,0.838352843,-1.58393736,,,,
0_02763.mp4,0,59.83827493,64.70588235,18,0,0.62697732,-0.536963309,,,,
0_02764.mp4,0,42.57206208,84.90566038,8,0,0.889346862,-1.986139677,,,,
0_02765.mp4,0,45.56962025,75,7,0,0.53369898,-0.187267295,,,,
0_02766.mp4,0,68.99383984,58.92857143,26,1,0.575131325,0.226456298,,,,
0_02767.mp4,0,45.09803922,82.75862069,5,0,0.69972931,-0.844369668,,,,
0_02768.mp4,0,20.57142857,133.3333333,2,0,0.934956682,-2.512903305,,,,
0_02769.mp4,0,26.57342657,93.18181818,3,0,0.776372178,-1.215419064,,,,
0_02770.mp4,0,59.14221219,67.74193548,20,1,0.706621625,0.744521419,,,,
0_02771.mp4,0,45.92592593,74.35897436,10,0,0.601904131,-0.454675447,,,,
0_02772.mp4,0,22.58064516,93.33333333,2,0,0.868808348,-1.806392249,,,,
0_02773.mp4,0,29.55974843,97.2972973,1,0,0.818861102,-1.457809903,,,,
0_02774.mp4,0,48.58757062,86.36363636,3,0,0.565444705,-0.301370947,,,,
0_02775.mp4,0,51.37157107,78.72340426,13,0,0.513188992,-0.016529144,,,,
0_02776.mp4,0,22.55639098,90.69767442,4,0,0.740286662,-1.019330083,,,,
0_02777.mp4,0,57.14285714,61.53846154,15,1,0.63696824,0.441298244,,,,
0_02778.mp4,0,64.92146597,61.70212766,19,0,0.685793007,-0.775903841,,,,
0_02779.mp4,0,72.90167866,56.81818182,20,1,0.623526432,0.382969042,,,,
0_02780.mp4,0,39.83050847,93.5483871,2,0,0.734310411,-1.001499723,,,,
0_02781.mp4,0,51.02040816,75.67567568,9,0,0.695183467,-0.824526509,,,,
0_02782.mp4,0,31.71806167,85.71428571,4,1,0.848029939,1.505037846,,,,
0_02783.mp4,0,54.7008547,65.71428571,12,0,0.783627022,-1.25049144,,,,
0_02784.mp4,0,64.45916115,58,21,1,0.743575039,0.904807227,,,,
0_02785.mp4,0,62.30366492,63.26530612,18,0,0.868311167,-1.802380987,,,,
0_02786.mp4,0,28.57142857,100,0,0,0.5,-0.035344695,,,,
0_02787.mp4,0,1.512859304,93.50649351,5,0,0.72318111,-0.939843636,,,,
0_02788.mp4,0,46.85314685,78.94736842,8,0,0.992790299,-4.607939769,,,,
0_02789.mp4,0,24.14698163,95.83333333,2,0,0.991943996,-4.508157348,,,,
0_02790.mp4,0,4.342857143,55.55555556,40,1,0.673583897,0.596516115,,,,
0_02791.mp4,0,35.60606061,89.47368421,4,0,0.876517297,-1.870307349,,,,
0_02792.mp4,0,21.22905028,94.33962264,3,0,0.512168548,-0.10851817,,,,
0_02793.mp4,0,49.5,76.59574468,14,0,0.742307481,-1.039626139,,,,
0_02794.mp4,0,45.16129032,80,6,1,0.836436345,1.42349585,,,,
0_02795.mp4,0,43.96551724,76.47058824,8,0,0.5,-0.058063849,,,,
0_02796.mp4,0,61.58536585,57.77777778,21,0,0.947695336,-2.77013377,,,,
0_02797.mp4,0,55.94405594,66.66666667,14,0,0.511850685,-0.014097518,,,,
0_02798.mp4,0,52.97297297,76.59574468,11,0,0.90318125,-2.122937865,,,,
0_02799.mp4,0,33.00970874,90.24390244,4,0,0.724153881,-0.948805227,,,,
0_02800.mp4,0,11.2412178,100,0,0,0.701159185,-0.841836391,,,,
0_02801.mp4,0,26.8852459,59.15492958,30,0,0.736609493,-1.016890555,,,,
0_02802.mp4,0,44.11764706,73.52941176,9,0,0.741052917,-1.022968047,,,,
0_02803.mp4,0,65.13409962,66.66666667,12,0,0.636226679,-0.580929013,,,,
0_02804.mp4,0,71.32352941,56.25,14,0,0.548405198,-0.231534593,,,,
0_02805.mp4,0,51.22807018,69.04761905,13,0,0.715334106,-0.904403558,,,,
0_02806.mp4,0,42.03821656,82.60869565,4,0,0.758145586,-1.106902785,,,,
0_02807.mp4,0,47.96747967,86.66666667,4,0,0.925648779,-2.385646127,,,,
0_02808.mp4,0,55.60538117,64.51612903,11,0,0.750417787,-1.083383753,,,,
0_02809.mp4,0,26.02118003,67.94871795,27,1,0.799390594,1.208050434,,,,
0_02810.mp4,0,41.32231405,80,7,0,0.61319385,-0.481083293,,,,
0_02811.mp4,0,38.81578947,87.17948718,5,0,0.652788435,-0.657041082,,,,
0_02812.mp4,0,53.65853659,74.19354839,9,1,0.554353421,0.134653251,,,,
0_02813.mp4,0,32.94117647,92,2,1,0.727955481,0.831035097,,,,
0_02814.mp4,0,41.7218543,89.74358974,5,0,0.911998965,-2.210861679,,,,
0_02815.mp4,0,57.6,55.55555556,16,1,0.577891764,0.230896499,,,,
0_02816.mp4,0,58.33333333,63.88888889,13,0,0.5,-0.072453374,,,,
0_02817.mp4,0,48.02110818,73.17073171,12,1,0.55576884,0.139849111,,,,
0_02818.mp4,0,50.99601594,70.96774194,9,1,0.527117725,0.027013809,,,,
0_02819.mp4,0,62.39316239,64.28571429,10,1,0.641632259,0.454163484,,,,
0_02820.mp4,0,47.73869347,74.50980392,16,0,0.789403029,-1.282177745,,,,
0_02821.mp4,0,49.27536232,73.46938776,14,0,0.771420925,-1.175049292,,,,
0_02822.mp4,0,56.37065637,64.86486486,13,1,0.523606992,0.021898683,,,,
0_02823.mp4,0,15.11111111,93.33333333,2,1,0.688844353,0.660608493,,,,
0_02824.mp4,0,62.45059289,57.89473684,16,1,0.574005433,0.200162979,,,,
0_02825.mp4,0,44.57593688,83.33333333,12,0,0.556577349,-0.281600008,,,,
0_02826.mp4,0,49.51923077,88.88888889,5,1,0.781394852,1.123862952,,,,
0_02827.mp4,0,62.85714286,56.52173913,21,1,0.55221988,0.135421173,,,,
0_02828.mp4,0,15.43859649,97.36842105,1,1,0.537540403,0.073011697,,,,
0_02829.mp4,0,52.91005291,83.33333333,4,0,0.59700886,-0.429181762,,,,
0_02830.mp4,0,51.69628433,35.71428571,45,1,0.537858289,0.082128876,,,,
0_02831.mp4,0,56.55737705,70.96774194,9,1,0.574193017,0.222964052,,,,
0_02832.mp4,0,20.20905923,94.59459459,2,0,0.64929112,-0.630364903,,,,
0_02833.mp4,0,36.11111111,84.375,5,0,0.897809945,-2.066743211,,,,
0_02834.mp4,0,40.625,96.77419355,1,1,0.662241281,0.563660518,,,,
0_02835.mp4,0,22.72727273,94,3,0,0.622349193,-0.52378308,,,,
0_02836.mp4,0,63.05418719,62.5,18,1,0.646814067,0.500673625,,,,
0_02837.mp4,0,52.87356322,73.52941176,9,0,0.649471583,-0.63113651,,,,
0_02838.mp4,0,51.63636364,64.28571429,15,1,0.860542968,1.597158371,,,,
0_02839.mp4,0,40.71428571,81.08108108,7,0,0.93171257,-2.447264951,,,,
0_02840.mp4,0,45.8961474,48.57142857,38,1,0.531552591,0.058766447,,,,
0_02841.mp4,0,15.24926686,93.33333333,3,1,0.536886734,0.070618268,,,,
0_02842.mp4,0,15.8013544,96.2962963,3,0,0.888609517,-1.979280386,,,,
0_02843.mp4,0,50.88757396,75,13,0,0.872036901,-1.832759329,,,,
0_02844.mp4,0,19.77671451,49.33333333,42,0,0.624227431,-0.543685623,,,,
0_02845.mp4,0,46.03580563,77.5862069,14,0,0.777121035,-1.205160989,,,,
0_02846.mp4,0,51.875,79.48717949,9,0,0.948112509,-2.777701695,,,,
0_02847.mp4,0,14.21319797,92.59259259,4,0,0.958071317,-2.977330138,,,,
0_02848.mp4,0,35.01945525,91.17647059,3,0,0.517414175,-0.122191623,,,,
0_02849.mp4,0,59.52380952,63.41463415,15,0,0.705159992,-0.868301665,,,,
0_02850.mp4,0,63.06818182,55.81395349,19,0,0.584297468,-0.379916444,,,,
0_02851.mp4,0,56,60,12,1,0.843768865,1.504275405,,,,
0_02852.mp4,0,54.11140584,66,17,0,0.808246654,-1.376076713,,,,
0_02853.mp4,0,65.20547945,60,19,0,0.50727236,-0.090650824,,,,
0_02854.mp4,0,43.84615385,82.35294118,6,0,0.663200921,-0.6948925,,,,
0_02855.mp4,0,14.25389755,93.10344828,4,0,0.953266445,-2.848483502,,,,
0_02856.mp4,0,38.35616438,88.37209302,5,0,0.985587621,-3.965347846,,,,
0_02857.mp4,0,8.280254777,66.17647059,26,0,0.529912422,-0.182666906,,,,
0_02858.mp4,0,44.27480916,76.47058824,8,0,0.571587118,-0.327704714,,,,
0_02859.mp4,0,42.72727273,87.5,4,0,0.587756298,-0.388978081,,,,
0_02860.mp4,0,55.75757576,65,15,1,0.557295016,0.160101961,,,,
0_02861.mp4,0,61.76470588,61.11111111,15,0,0.5102946,-0.103065785,,,,
0_02862.mp4,0,21.8487395,89.18918919,4,1,0.652700919,0.506624741,,,,
0_02863.mp4,0,53.71900826,83.33333333,9,0,0.886552733,-1.958865812,,,,
0_02864.mp4,0,25.06142506,92.45283019,4,0,0.943208988,-2.692197551,,,,
0_02865.mp4,0,46.80851064,76.92307692,6,0,0.574428834,-0.348804265,,,,
0_02866.mp4,0,34.45692884,91.66666667,3,0,0.603514514,-0.442563412,,,,
0_02867.mp4,0,62.12765957,65.51724138,11,0,0.742660211,-1.036205248,,,,
0_02868.mp4,0,6.71641791,98.96907216,1,0,0.688983794,-0.789444965,,,,
0_02869.mp4,0,19.07514451,110.2564103,3,0,0.805938429,-1.372207263,,,,
0_02870.mp4,0,48.02867384,89.18918919,4,0,0.777091071,-1.215365856,,,,
0_02871.mp4,0,69.73365617,51.02040816,25,1,0.561420196,0.161846426,,,,
0_02872.mp4,0,41.15226337,82.35294118,6,0,0.907488995,-2.146379259,,,,
0_02873.mp4,0,20.2020202,97.91666667,3,0,0.998652452,-6.091480447,,,,
0_02874.mp4,0,55.17241379,74.35897436,12,1,0.700994463,0.71287588,,,,
0_02875.mp4,0,20.10050251,90.19607843,5,0,0.919268807,-2.282347302,,,,
0_02876.mp4,0,31.95876289,87.5,4,0,0.950496133,-2.794892941,,,,
0_02877.mp4,0,22.46777164,71.18644068,17,0,0.738038199,-1.008354021,,,,
0_02878.mp4,0,30.23255814,89.74358974,4,0,0.560608987,-0.296692898,,,,
0_02879.mp4,0,61.01694915,67.34693878,17,0,0.609501602,-0.466323562,,,,
0_02880.mp4,0,51.81818182,74.19354839,8,0,0.513382518,-0.121819239,,,,
0_02881.mp4,0,56.96969697,64.58333333,17,0,0.626811379,-0.542006128,,,,
0_02882.mp4,0,18.33333333,91.17647059,3,1,0.525828985,0.030165777,,,,
0_02883.mp4,0,62.71604938,58.18181818,23,1,0.524797766,0.026294055,,,,
0_02884.mp4,0,35.01683502,82.60869565,8,0,0.669370108,-0.71795499,,,,
0_02885.mp4,0,59.7260274,59.52380952,18,0,0.543277098,-0.218154452,,,,
0_02886.mp4,0,50.20242915,71.05263158,11,0,0.579963626,-0.369863581,,,,
0_02887.mp4,0,36.10108303,83.78378378,8,0,0.997423431,-5.545921728,,,,
0_02888.mp4,0,15.08379888,125.7142857,2,0,0.959282456,-3.004653443,,,,
0_02889.mp4,0,26.40264026,95.34883721,2,0,0.533022395,-0.194144365,,,,
0_02890.mp4,0,40.78947368,94.44444444,2,0,0.751544691,-1.084640333,,,,
0_02891.mp4,0,43.33333333,78.94736842,8,1,0.648475354,0.494293121,,,,
0_02892.mp4,0,32.82051282,89.13043478,5,1,0.596878915,0.293460658,,,,
0_02893.mp4,0,16.31701632,100,0,0,0.972503127,-3.366576475,,,,
0_02894.mp4,0,59.86394558,60.97560976,18,0,0.713185686,-0.9089969,,,,
0_02895.mp4,0,60.9375,71.11111111,14,0,0.833385183,-1.547890831,,,,
0_02896.mp4,0,46.44194757,73.68421053,10,0,0.664280512,-0.706969105,,,,
0_02897.mp4,0,49.86737401,70.58823529,15,0,0.982925833,-3.774561486,,,,
0_02898.mp4,0,26.57004831,89.09090909,6,0,0.853921262,-1.67431069,,,,
0_02899.mp4,0,45.27363184,79.59183673,12,0,0.842063332,-1.60670137,,,,
0_02900.mp4,0,7.648183556,75,17,0,0.937895896,-2.558492746,,,,
0_02901.mp4,0,7.098121086,88.88888889,8,0,0.838758808,-1.580081263,,,,
0_02902.mp4,0,29.43396226,94.28571429,2,0,0.634780633,-0.574908245,,,,
0_02903.mp4,0,45.00792393,51.35135135,41,0,0.772090278,-1.176814299,,,,
0_02904.mp4,0,32.12435233,100,0,1,0.685359228,0.660783003,,,,
0_02905.mp4,0,51.38339921,71.875,9,0,0.5,-0.059643306,,,,
0_02906.mp4,0,52.14285714,67.56756757,13,0,0.770633504,-1.181375751,,,,
0_02907.mp4,0,25.87064677,100,0,1,0.674414846,0.605614689,,,,
0_02908.mp4,0,68.55123675,61.11111111,14,1,0.691131898,0.67671671,,,,
0_02909.mp4,0,5.934718101,98.36065574,2,0,0.533906063,-0.183286492,,,,
0_02910.mp4,0,46.95652174,87.87878788,4,0,0.772778002,-1.187800501,,,,
0_02911.mp4,0,37.43842365,89.28571429,3,0,0.813602761,-1.422422471,,,,
0_02912.mp4,0,16.52173913,89.65517241,3,1,0.779789841,1.099425124,,,,
0_02913.mp4,0,59.09090909,67.64705882,11,0,0.645665918,-0.620080854,,,,
0_02914.mp4,0,67.71653543,54.83870968,14,1,0.550962108,0.130749511,,,,
0_02915.mp4,0,3.590664273,93.33333333,4,1,0.67477673,0.615881982,,,,
0_02916.mp4,0,45.33333333,65.51724138,11,0,0.52144804,-0.142411679,,,,
0_02917.mp4,0,44.01913876,88.46153846,3,0,0.612239367,-0.477259697,,,,
0_02918.mp4,0,10.2915952,83.07692308,11,1,0.607230766,0.331804256,,,,
0_02919.mp4,0,59.50413223,63.04347826,18,0,0.509693321,-0.016269046,,,,
0_02920.mp4,0,4.174573055,65.625,27,0,0.543689561,-0.226606126,,,,
0_02921.mp4,0,20.75949367,90.38461538,5,1,0.822051023,1.33100101,,,,
0_02922.mp4,0,68.6695279,60.37735849,22,1,0.688843695,0.660605695,,,,
0_02923.mp4,0,54.00843882,67.64705882,11,0,0.543452959,-0.218810223,,,,
0_02924.mp4,0,66.83804627,63.04347826,19,0,0.777275996,-1.216349468,,,,
0_02925.mp4,0,32.79279279,61.76470588,26,0,0.735393747,-0.996262025,,,,
0_02926.mp4,0,44.23076923,79.31034483,7,1,0.771980328,1.07377651,,,,
0_02927.mp4,0,64.21052632,63.63636364,19,0,0.939898042,-2.639943243,,,,
0_02928.mp4,0,55.51601423,69.23076923,12,0,0.724792425,-0.946093518,,,,
0_02929.mp4,0,54.0942928,97.56097561,1,0,0.703736926,-0.862006043,,,,
0_02930.mp4,0,55.35055351,72.22222222,11,0,0.652960206,-0.651814478,,,,
0_02931.mp4,0,66.23794212,52.27272727,21,1,0.869768284,1.693840061,,,,
0_02932.mp4,0,49.01185771,76.47058824,8,0,0.717504922,-0.914147674,,,,
0_02933.mp4,0,32.8358209,96.55172414,1,1,0.907047275,2.011735725,,,,
0_02934.mp4,0,42.10526316,86.11111111,5,1,0.538460493,0.076381042,,,,
0_02935.mp4,0,65.830721,52.5,19,0,0.971032339,-3.323440163,,,,
0_02936.mp4,0,62.54071661,63.15789474,16,0,0.821417888,-1.466504004,,,,
0_02937.mp4,0,60.15625,58.82352941,16,0,0.774403919,-1.196369828,,,,
0_02938.mp4,0,54.85232068,65.71428571,12,0,0.666509124,-0.722236734,,,,
0_02939.mp4,0,60,39.65517241,36,1,0.542807811,0.092307231,,,,
0_02940.mp4,0,54.0942928,70.21276596,17,0,0.552065326,-0.254922407,,,,
0_02941.mp4,0,33.51955307,81.63265306,10,0,0.873997707,-1.845709068,,,,
0_02942.mp4,0,57.65765766,70.96774194,9,0,0.899471862,-2.062496852,,,,
0_02943.mp4,0,2.884615385,81.03448276,17,0,0.81081891,-1.405610846,,,,
0_02944.mp4,0,7.570977918,50,34,0,0.664721718,-0.708909351,,,,
0_02945.mp4,0,33.7164751,90.32258065,4,1,0.8821873,1.787888341,,,,
0_02946.mp4,0,9.577464789,41.17647059,51,0,0.896902393,-2.057667721,,,,
0_02947.mp4,0,33.19148936,86.48648649,5,1,0.860347419,1.60853016,,,,
0_02948.mp4,0,46.91358025,77.14285714,12,1,0.645355981,0.480389647,,,,
0_02949.mp4,0,17.67068273,96.875,1,1,0.534581301,0.075795828,,,,
0_02950.mp4,0,47.32824427,69.23076923,12,0,0.928953655,-2.432940865,,,,
0_02951.mp4,0,26.5060241,100,0,1,0.559168162,0.152331177,,,,
0_02952.mp4,0,54.97382199,79.06976744,9,1,0.901406055,1.957535231,,,,
0_02953.mp4,0,15.87301587,94.73684211,3,0,0.886565181,-1.958979817,,,,
0_02954.mp4,0,51.26353791,74.28571429,10,0,0.943944301,-2.706016444,,,,
0_02955.mp4,0,48.1981982,88,6,0,0.842138353,-1.60722105,,,,
0_02956.mp4,0,10.62992126,100,0,1,0.629394191,0.427712127,,,,
0_02957.mp4,0,23.83419689,91.66666667,4,0,0.615454512,-0.508332273,,,,
0_02958.mp4,0,51.86813187,76.92307692,15,0,0.694281614,-0.825727675,,,,
0_02959.mp4,0,38.65546218,93.10344828,3,0,0.505074365,-0.091295116,,,,
0_02960.mp4,0,64.160401,65.95744681,18,0,0.516391222,-0.012441572,,,,
0_02961.mp4,0,48.08743169,73.91304348,12,0,0.513152108,-0.016665122,,,,
0_02962.mp4,0,52.11267606,76.92307692,9,0,0.713574783,-0.900479837,,,,
0_02963.mp4,0,35.8778626,96.96969697,1,0,0.654706789,-0.659347363,,,,
0_02964.mp4,0,42.65402844,75,8,0,0.822970439,-1.48046088,,,,
0_02965.mp4,0,41.87725632,80.48780488,8,0,0.781695909,-1.229727961,,,,
0_02966.mp4,0,41.74757282,80,7,1,0.762561894,0.999856371,,,,
0_02967.mp4,0,19.55128205,49.29577465,39,1,0.777896987,1.1050787,,,,
0_02968.mp4,0,13.8424821,98.07692308,1,0,0.771765965,-1.187287248,,,,
0_02969.mp4,0,59.67741935,71.42857143,14,0,0.64575791,-0.6270566,,,,
0_02970.mp4,0,44.91525424,78.78787879,7,0,0.847354883,-1.643860084,,,,
0_02971.mp4,0,62.16216216,59.45945946,15,0,0.545680028,-0.24100547,,,,
0_02972.mp4,0,49.29577465,76.92307692,9,0,0.797593319,-1.318121717,,,,
0_02973.mp4,0,52.84552846,63.88888889,14,1,0.733510468,0.867454764,,,,
0_02974.mp4,0,22.99465241,102.2727273,1,0,0.883640421,-1.934061295,,,,
0_02975.mp4,0,37.54789272,111.1111111,2,0,0.857197952,-1.712258096,,,,
0_02976.mp4,0,66.66666667,61.2244898,19,1,0.717485203,0.783062733,,,,
0_02977.mp4,0,51.05105105,82.05128205,7,0,0.733784871,-1.003569273,,,,
0_02978.mp4,0,57.6419214,58.33333333,16,0,0.75247415,-1.084216283,,,,
0_02979.mp4,0,13.62229102,93.02325581,3,0,0.750441513,-1.079206644,,,,
0_02980.mp4,0,61.27946128,60.52631579,15,1,0.761677739,1.014651225,,,,
0_02981.mp4,0,52.8,80,7,0,0.510623502,-0.02536439,,,,
0_02982.mp4,0,21.25984252,93.33333333,3,0,0.61558375,-0.497362442,,,,
0_02983.mp4,0,26.31578947,85.71428571,4,0,0.807125042,-1.369491758,,,,
0_02984.mp4,0,43.05555556,79.48717949,8,0,0.87913931,-1.889581392,,,,
0_02985.mp4,0,28.82882883,97.6744186,1,0,0.575097861,-0.351343606,,,,
0_02986.mp4,0,38.97435897,80.64516129,6,0,0.888348841,-1.97542914,,,,
0_02987.mp4,0,60.60606061,57.44680851,21,0,0.731628319,-0.977982163,,,,
0_02988.mp4,0,9.893992933,100,0,0,0.996106219,-5.174452616,,,,
0_02989.mp4,0,21.22905028,130.5555556,3,0,0.980365846,-3.684393412,,,,
0_02990.mp4,0,6.498194946,100,0,0,0.738424989,-1.010520297,,,,
0_02991.mp4,0,41.94373402,80.39215686,10,1,0.5406245,0.098198846,,,,
0_02992.mp4,0,31.53153153,96.15384615,1,0,0.739607658,-1.016112184,,,,
0_02993.mp4,0,66.16541353,60.86956522,18,0,0.935905234,-2.532840838,,,,
0_02994.mp4,0,42.37288136,85.29411765,5,1,0.700837502,0.718968504,,,,
0_02995.mp4,0,55.29715762,81.39534884,12,0,0.950268857,-2.812375482,,,,
0_02996.mp4,0,70.58823529,55.55555556,22,1,0.827631606,1.367357736,,,,
0_02997.mp4,0,14.28571429,100,0,0,0.5,-0.041144783,,,,
0_02998.mp4,0,62.03473945,67.34693878,17,0,0.584452132,-0.368189261,,,,
0_02999.mp4,0,6.360424028,99.00990099,1,0,0.600699851,-0.438869248,,,,
0_03000.mp4,0,25.76271186,43.28358209,39,1,0.679161469,0.634391047,,,,
0_03001.mp4,0,8.829174664,97.82608696,2,1,0.572988689,0.20311749,,,,
0_03002.mp4,0,44.1025641,82.14285714,5,0,0.777482728,-1.204997421,,,,
0_03003.mp4,0,29.38388626,96.42857143,1,0,0.650540952,-0.647410733,,,,
0_03004.mp4,0,56.39097744,71.42857143,10,0,0.908062952,-2.171962057,,,,
0_03005.mp4,0,26.81564246,89.65517241,3,1,0.856968305,1.567590302,,,,
0_03006.mp4,0,50.32679739,69.23076923,12,0,0.909544443,-2.182975394,,,,
0_03007.mp4,0,48.27586207,80.64516129,6,0,0.853654683,-1.680250056,,,,
0_03008.mp4,0,40,88.46153846,4,0,0.568723259,-0.327213708,,,,
0_03009.mp4,0,53.16455696,72.72727273,9,1,0.785887186,1.142341478,,,,
0_03010.mp4,0,76.67560322,39.53488372,26,1,0.590701837,0.268225641,,,,
0_03011.mp4,0,62.33062331,60,20,0,0.907204329,-2.157016404,,,,
0_03012.mp4,0,43.64508393,87.5,8,1,0.538164611,0.075297479,,,,
0_03013.mp4,0,43.22033898,79.41176471,7,0,0.768931955,-1.172531994,,,,
0_03014.mp4,0,56,74.50980392,17,1,0.829549862,1.378447679,,,,
0_03015.mp4,0,30.25210084,96.77419355,1,0,0.576488317,-0.343366137,,,,
0_03016.mp4,0,44.85294118,72.5,11,0,0.86294364,-1.759872384,,,,
0_03017.mp4,0,49.7005988,67.44186047,14,0,0.807792766,-1.387549768,,,,
0_03018.mp4,0,39.33054393,89.28571429,3,0,0.9019583,-2.109159835,,,,
0_03019.mp4,0,57.49385749,74.07407407,15,0,0.781405428,-1.233781432,,,,
0_03020.mp4,0,70.90558767,51.51515152,32,0,0.585930513,-0.379641171,,,,
0_03021.mp4,0,8.300395257,55,29,0,0.536134054,-0.191563984,,,,
0_03022.mp4,0,34.30962343,80.64516129,7,0,0.809574525,-1.401433804,,,,
0_03023.mp4,0,59.3220339,63.63636364,12,1,0.712428999,0.763188167,,,,
0_03024.mp4,0,8.368200837,100,0,0,0.648372834,-0.638160796,,,,
0_03025.mp4,0,53.38983051,70.58823529,10,0,0.784865301,-1.2443848,,,,
0_03026.mp4,0,39.3442623,85.71428571,5,0,0.850444268,-1.649138323,,,,
0_03027.mp4,0,66.34146341,57.40740741,23,1,0.790402651,1.145898036,,,,
0_03028.mp4,0,38.32752613,94.28571429,2,1,0.54429262,0.098362238,,,,
0_03029.mp4,0,43.41637011,86.11111111,6,0,0.800565527,-1.34871845,,,,
0_03030.mp4,0,55.0295858,73.91304348,12,1,0.691744115,0.66945899,,,,
0_03031.mp4,0,68.66666667,55,19,1,0.803465899,1.231607335,,,,
0_03032.mp4,0,2.641056423,64.58333333,40,0,0.754595781,-1.09476172,,,,
0_03033.mp4,0,8.679927667,98.96907216,1,1,0.549492477,0.116816366,,,,
0_03034.mp4,0,36.67820069,88.57142857,4,0,0.625275009,-0.535716034,,,,
0_03035.mp4,0,8.177172061,99.03846154,1,0,0.74634844,-1.054104057,,,,
0_03036.mp4,0,32.38095238,96.2962963,1,0,0.570832375,-0.324869019,,,,
0_03037.mp4,0,52.88461538,75,7,1,0.945723013,2.540822773,,,,
0_03038.mp4,0,52.71317829,68.62745098,17,0,0.564583907,-0.292356654,,,,
0_03039.mp4,0,38.20224719,96.875,1,0,0.597846268,-0.432455253,,,,
0_03040.mp4,0,33.48837209,93.75,2,0,0.596177726,-0.42134343,,,,
0_03041.mp4,0,45.01845018,77.14285714,8,1,0.961280327,2.875519695,,,,
0_03042.mp4,0,46.62921348,82,10,1,0.545185463,0.101667977,,,,
0_03043.mp4,0,26.43678161,100,0,0,0.5,-0.072661976,,,,
0_03044.mp4,0,56.47058824,80.64516129,10,1,0.863572538,1.620496277,,,,
0_03045.mp4,0,51.34328358,77.27272727,10,0,0.971698316,-3.339750594,,,,
0_03046.mp4,0,50.21645022,77.41935484,7,0,0.565915438,-0.316629238,,,,
0_03047.mp4,0,25.6,95.74468085,2,0,0.62032725,-0.516289393,,,,
0_03048.mp4,0,63.55140187,62.74509804,24,0,0.841366873,-1.604513299,,,,
0_03049.mp4,0,35.13513514,86.66666667,4,0,0.968832584,-3.252914314,,,,
0_03050.mp4,0,50.74626866,79.24528302,17,0,0.816076948,-1.427683592,,,,
0_03051.mp4,0,36.9047619,78.26086957,5,0,0.945820342,-2.71064789,,,,
0_03052.mp4,0,31.15577889,75.86206897,7,0,0.585861808,-0.385938649,,,,
0_03053.mp4,0,71.61290323,45,22,0,0.856242502,-1.70507296,,,,
0_03054.mp4,0,70.56074766,50.94339623,29,1,0.694950471,0.693249913,,,,
0_03055.mp4,0,28.26855124,94.44444444,2,1,0.599369834,0.300052154,,,,
0_03056.mp4,0,27.21893491,100,0,1,0.833448492,1.40376874,,,,
0_03057.mp4,0,40.65934066,77.77777778,6,1,0.71747942,0.802459259,,,,
0_03058.mp4,0,16.04010025,96.07843137,2,0,0.802820445,-1.34448639,,,,
0_03059.mp4,0,63.21525886,56,22,0,0.946016616,-2.741628783,,,,
0_03060.mp4,0,1.62601626,72,22,0,0.694529419,-0.821685285,,,,
0_03061.mp4,0,49.85507246,76.19047619,10,0,0.737462594,-1.005607306,,,,
0_03062.mp4,0,56.33802817,81.25,14,0,0.842573429,-1.593886281,,,,
0_03063.mp4,0,26.77824268,100,0,1,0.764780921,1.03644511,,,,
0_03064.mp4,0,12.22493888,95.83333333,2,0,0.942692411,-2.658078674,,,,
0_03065.mp4,0,60.60606061,60,14,0,0.706269067,-0.873220459,,,,
0_03066.mp4,0,62.22222222,53.84615385,24,0,0.677954948,-0.742951757,,,,
0_03067.mp4,0,33.83084577,76.66666667,7,0,0.832165094,-1.524167751,,,,
0_03068.mp4,0,8.8,100,0,1,0.567148714,0.196749703,,,,
0_03069.mp4,0,5.982905983,100,0,0,0.999076459,-6.507848533,,,,
0_03070.mp4,0,66.46341463,57.5,17,0,0.893632786,-2.017081988,,,,
0_03071.mp4,0,31.66666667,96.875,1,0,0.730145051,-0.981931859,,,,
0_03072.mp4,0,63.0806846,64.44444444,19,1,0.677176008,0.611457457,,,,
0_03073.mp4,0,45.87155963,88.88888889,3,1,0.565991165,0.177397521,,,,
0_03074.mp4,0,17.55319149,158.0645161,1,0,0.998755428,-6.22616195,,,,
0_03075.mp4,0,55.33596838,78.78787879,7,0,0.982665836,-3.794518244,,,,
0_03076.mp4,0,43.1372549,81.08108108,7,0,0.839035848,-1.569784046,,,,
0_03077.mp4,0,43.47826087,84.44444444,7,0,0.996878975,-5.378714512,,,,
0_03078.mp4,0,44.44444444,74.28571429,9,0,0.835494156,-1.564706122,,,,
0_03079.mp4,0,58.11138015,69.3877551,16,0,0.643986436,-0.613517421,,,,
0_03080.mp4,0,47.5177305,91.42857143,9,0,0.559130287,-0.281137277,,,,
0_03081.mp4,0,49.26686217,73.80952381,11,0,0.814452715,-1.430776408,,,,
0_03082.mp4,0,46.55737705,86.11111111,5,0,0.69100109,-0.800779048,,,,
0_03083.mp4,0,50,74.46808511,12,0,0.568945978,-0.314639467,,,,
0_03084.mp4,0,40.88050314,73.17073171,11,0,0.539425909,-0.198035888,,,,
0_03085.mp4,0,33.46007605,89.47368421,4,0,0.670535208,-0.723148946,,,,
0_03086.mp4,0,48.20143885,86.11111111,6,1,0.544017029,0.11078452,,,,
0_03087.mp4,0,52.45901639,76.47058824,9,1,0.777570346,1.097377377,,,,
0_03088.mp4,0,32.95019157,81.08108108,7,0,0.774725135,-1.198067949,,,,
0_03089.mp4,0,33.20158103,91.89189189,3,1,0.611402132,0.361257984,,,,
0_03090.mp4,0,61.04417671,57.14285714,16,0,0.649835246,-0.650075477,,,,
0_03091.mp4,0,33.33333333,91.42857143,3,1,0.836236021,1.423746515,,,,
0_03092.mp4,0,42.94871795,92.10526316,3,0,0.527580236,-0.15981984,,,,
0_03093.mp4,0,20.45454545,102.5,5,0,0.774296294,-1.200570797,,,,
0_03094.mp4,0,53.38983051,73.33333333,8,0,0.908904138,-2.184677587,,,,
0_03095.mp4,0,61.42857143,58.82352941,14,0,0.507404015,-0.037111733,,,,
0_03096.mp4,0,68.36363636,47.36842105,20,0,0.857190267,-1.706644343,,,,
0_03097.mp4,0,62.32294618,69.23076923,13,0,0.996632713,-5.300161965,,,,
0_03098.mp4,0,60.82474227,71.11111111,16,0,0.569856813,-0.32120658,,,,
0_03099.mp4,0,24.55242967,95.91836735,2,0,0.931802128,-2.448549363,,,,
0_03100.mp4,0,56.64739884,67.39130435,15,0,0.834422907,-1.550801893,,,,
0_03101.mp4,0,52.94117647,65.85365854,14,0,0.711954603,-0.903478202,,,,
0_03102.mp4,0,27.36842105,95.65217391,1,0,0.907446772,-2.167809676,,,,
0_03103.mp4,0,16.58536585,100,1,0,0.765342971,-1.142203866,,,,
0_03104.mp4,0,16.70886076,97.87234043,1,0,0.824150272,-1.490929736,,,,
0_03105.mp4,0,33.43653251,89.47368421,4,1,0.698430851,0.708420215,,,,
0_03106.mp4,0,44.59459459,82.05128205,7,0,0.894454109,-2.012977116,,,,
0_03107.mp4,0,10.08064516,100,0,0,0.621402756,-0.519935657,,,,
0_03108.mp4,0,52.25806452,80,10,0,0.691713264,-0.814643824,,,,
0_03109.mp4,0,61.26914661,58.92857143,26,0,0.6887677,-0.788525513,,,,
0_03110.mp4,0,8.665511265,99.13793103,1,0,0.542444207,-0.209279346,,,,
0_03111.mp4,0,15.60693642,94,3,1,0.741223795,0.913541021,,,,
0_03112.mp4,0,10.6557377,100,0,0,0.987182196,-4.073791496,,,,
0_03113.mp4,0,20.32085561,92.85714286,2,0,0.986366075,-4.016708233,,,,
0_03114.mp4,0,48.25396825,83.78378378,9,1,0.627290269,0.396769734,,,,
0_03115.mp4,0,34.48275862,90.625,3,1,0.597444427,0.309464601,,,,
0_03116.mp4,0,32.18390805,95,1,1,0.560393752,0.149799747,,,,
0_03117.mp4,0,50.38167939,81.81818182,6,1,0.570227039,0.208204239,,,,
0_03118.mp4,0,50.26737968,80,5,0,0.759434655,-1.119045894,,,,
0_03119.mp4,0,71.94244604,56.52173913,21,0,0.62854294,-0.549427963,,,,
0_03120.mp4,0,0.892857143,94.33962264,3,1,0.576105818,0.207937193,,,,
0_03121.mp4,0,57.72357724,69.6969697,10,1,0.755706816,0.964151947,,,,
0_03122.mp4,0,53.60824742,77.5,9,0,0.866212252,-1.76749346,,,,
0_03123.mp4,0,6.051873199,45.67901235,45,0,0.981788051,-3.748775235,,,,
0_03124.mp4,0,19.35483871,95.12195122,2,0,0.685749771,-0.775720873,,,,
0_03125.mp4,0,9.657947686,100,0,0,0.962455032,-3.081624449,,,,
0_03126.mp4,0,42.25352113,89.18918919,6,1,0.726492764,0.849832847,,,,
0_03127.mp4,0,0.772200772,74.11764706,26,0,0.63313949,-0.562374335,,,,
0_03128.mp4,0,50.17667845,88.23529412,8,1,0.846258833,1.490462749,,,,
0_03129.mp4,0,61.8556701,64.58333333,19,1,0.704173762,0.742699455,,,,
0_03130.mp4,0,60.58091286,67.1875,21,0,0.636445859,-0.576125424,,,,
0_03131.mp4,0,27.88844622,93.93939394,2,0,0.553305365,-0.249885775,,,,
0_03132.mp4,0,70.50847458,46.15384615,21,1,0.74616281,0.943391145,,,,
0_03133.mp4,0,42.07792208,81.48148148,12,0,0.605902684,-0.470396641,,,,
0_03134.mp4,0,14.20118343,55.93220339,27,1,0.830438123,1.384176091,,,,
0_03135.mp4,0,20.97378277,93.93939394,2,1,0.830711693,1.385945135,,,,
0_03136.mp4,0,48.92966361,82.92682927,7,0,0.693490628,-0.808701872,,,,
0_03137.mp4,0,71.17296223,38.18181818,34,0,0.582987793,-0.368295676,,,,
0_03138.mp4,0,38.33333333,76.47058824,8,0,0.831379731,-1.525035449,,,,
0_03139.mp4,0,12.84671533,102.0833333,22,0,0.771291062,-1.188762442,,,,
0_03140.mp4,0,47.87644788,68.42105263,13,0,0.684498523,-0.772827008,,,,
0_03141.mp4,0,54.71698113,57.57575758,14,0,0.628178867,-0.553812203,,,,
0_03142.mp4,0,43.73177843,85.36585366,6,0,0.559668843,-0.279565831,,,,
0_03143.mp4,0,74.39613527,48.14814815,29,1,0.754200666,0.956679123,,,,
0_03144.mp4,0,40,75.6097561,10,1,0.794789521,1.170505886,,,,
0_03145.mp4,0,44.19475655,78.94736842,8,0,0.966304328,-3.177279057,,,,
0_03146.mp4,0,63.02521008,58.06451613,13,0,0.706097216,-0.863430866,,,,
0_03147.mp4,0,55.4973822,69.23076923,8,0,0.581993321,-0.364469998,,,,
0_03148.mp4,0,1.595744681,50.53763441,48,0,0.530899002,-0.177000856,,,,
0_03149.mp4,0,57.85123967,59.375,13,0,0.895382134,-2.043843872,,,,
0_03150.mp4,0,38.18181818,59.70149254,27,0,0.719330875,-0.926636158,,,,
0_03151.mp4,0,21.56133829,69.64285714,17,0,0.730645103,-0.984270834,,,,
0_03152.mp4,0,62.47464503,53.84615385,30,0,0.951804428,-2.847337636,,,,
0_03153.mp4,0,3.125,54.23728814,31,0,0.517952681,-0.124182836,,,,
0_03154.mp4,0,46.2585034,79.06976744,9,1,0.78931391,1.161233661,,,,
0_03155.mp4,0,59.02439024,71.11111111,14,0,0.594594254,-0.41976313,,,,
0_03156.mp4,0,47.88732394,68.96551724,9,0,0.940530853,-2.607625951,,,,
0_03157.mp4,0,53.38983051,76.66666667,8,0,0.910363016,-2.192198681,,,,
0_03158.mp4,0,67.17557252,60,19,0,0.644711887,-0.610876014,,,,
0_03159.mp4,0,53.93939394,86.11111111,10,0,0.779592038,-1.218384822,,,,
0_03160.mp4,0,43.08943089,85.71428571,5,0,0.815193018,-1.417529141,,,,
0_03161.mp4,0,54.93562232,74.19354839,8,0,0.95197159,-2.845217637,,,,
0_03162.mp4,0,61.77370031,61.53846154,18,0,0.708898867,-0.875776801,,,,
0_03163.mp4,0,38.61386139,83.33333333,5,1,0.826620201,1.372989287,,,,
0_03164.mp4,0,57.60869565,70.21276596,14,0,0.912808554,-2.220213711,,,,
0_03165.mp4,0,46.04316547,88.23529412,4,0,0.768506394,-1.174330164,,,,
0_03166.mp4,0,19.58762887,100,0,1,0.692700965,0.698313375,,,,
0_03167.mp4,0,67.4351585,63.41463415,16,0,0.585394011,-0.384136652,,,,
0_03168.mp4,0,29.22374429,89.65517241,3,0,0.626700917,-0.535829955,,,,
0_03169.mp4,0,59.02578797,56.81818182,19,0,0.51973597,-0.145181921,,,,
0_03170.mp4,0,56.43153527,64.51612903,11,0,0.699056751,-0.835863029,,,,
0_03171.mp4,0,4.890604891,99.33774834,1,0,0.756176383,-1.102658042,,,,
0_03172.mp4,0,57.70308123,64.28571429,18,1,0.942424106,2.492565869,,,,
0_03173.mp4,0,15.26104418,100,0,0,0.5,-0.072812522,,,,
0_03174.mp4,0,31.83391003,93.93939394,2,0,0.677863438,-0.742569564,,,,
0_03175.mp4,0,17.85714286,97.82608696,1,0,0.770318032,-1.167654812,,,,
0_03176.mp4,0,40.88888889,75.75757576,8,1,0.709183476,0.770919617,,,,
0_03177.mp4,0,44.24778761,83.33333333,6,0,0.735682375,-1.007987599,,,,
0_03178.mp4,0,68.57142857,58.69565217,20,0,0.99012306,-4.274566479,,,,
0_03179.mp4,0,41.60401003,76,12,1,0.646902926,0.468318236,,,,
0_03180.mp4,0,48.34123223,76.66666667,7,0,0.619663193,-0.507152396,,,,
0_03181.mp4,0,57.6744186,65.51724138,10,0,0.780700073,-1.224349104,,,,
0_03182.mp4,0,69.64285714,57.69230769,24,0,0.936936511,-2.550628494,,,,
0_03183.mp4,0,0,151.3513514,3,0,0.954586812,-2.875111435,,,,
0_03184.mp4,0,58.97435897,65.95744681,16,0,0.550120987,-0.237954048,,,,
0_03185.mp4,0,48.59813084,77.5,9,0,0.657498866,-0.665739487,,,,
0_03186.mp4,0,24.66960352,100,0,1,0.585241518,0.25824548,,,,
0_03187.mp4,0,51.59574468,69.64285714,17,0,0.901791061,-2.107419211,,,,
0_03188.mp4,0,35.49488055,91.89189189,3,0,0.722035113,-0.944370678,,,,
0_03189.mp4,0,5.286343612,100,0,0,0.816263767,-1.434428735,,,,
0_03190.mp4,0,64.82213439,51.42857143,17,0,0.888184929,-1.970840763,,,,
0_03191.mp4,0,69.97635934,53.84615385,24,0,0.560028876,-0.275161505,,,,
0_03192.mp4,0,23.33333333,93.33333333,4,0,0.693208867,-0.80465799,,,,
0_03193.mp4,0,55.39358601,68.29268293,15,0,0.786264059,-1.264880404,,,,
0_03194.mp4,0,60.73619632,65.71428571,13,0,0.985458122,-3.960999561,,,,
0_03195.mp4,0,18.85245902,41.66666667,35,1,0.825794072,1.384122008,,,,
0_03196.mp4,0,68.9119171,50,25,0,0.910742218,-2.204542317,,,,
0_03197.mp4,0,25.10822511,96.77419355,1,0,0.706899889,-0.88096431,,,,
0_03198.mp4,0,3.966942149,53.08641975,39,0,0.519197996,-0.143202739,,,,
0_03199.mp4,0,20.71881607,94.91525424,3,0,0.911636328,-2.214719179,,,,
0_03200.mp4,0,60.30534351,59.45945946,15,1,0.963617211,2.972256592,,,,
0_03201.mp4,0,60.57692308,64.58333333,17,0,0.932729726,-2.479621026,,,,
0_03202.mp4,0,66.16541353,66.66666667,12,0,0.596313075,-0.432839396,,,,
0_03203.mp4,0,10.90909091,100,0,1,0.676527627,0.629147316,,,,
0_03204.mp4,0,54.16666667,75,11,0,0.76096835,-1.135859262,,,,
0_03205.mp4,0,47.01492537,80,8,0,0.564464281,-0.291904273,,,,
0_03206.mp4,0,53.81526104,69.6969697,11,0,0.680063786,-0.748249044,,,,
0_03207.mp4,0,57.72357724,71.875,10,1,0.724245741,0.824272631,,,,
0_03208.mp4,0,61.18721461,64.1509434,19,0,0.926349627,-2.373055797,,,,
0_03209.mp4,0,26.20087336,96.77419355,1,0,0.537175909,-0.200030628,,,,
0_03210.mp4,0,51.69491525,76.78571429,13,0,0.649036141,-0.629275154,,,,
0_03211.mp4,0,49.57264957,73.52941176,12,0,0.842018055,-1.606387835,,,,
0_03212.mp4,0,56.41025641,66.66666667,13,0,0.657292612,-0.676471579,,,,
0_03213.mp4,0,17.14285714,93.5483871,2,0,0.70651155,-0.879244119,,,,
0_03214.mp4,0,46.4516129,74.41860465,12,1,0.532519715,0.054634446,,,,
0_03215.mp4,0,67.56756757,52,24,0,0.65798506,-0.667853231,,,,
0_03216.mp4,0,45.79439252,70,10,1,0.874993289,1.712629355,,,,
0_03217.mp4,0,60.54421769,70.58823529,11,0,0.50953799,-0.098917706,,,,
0_03218.mp4,0,39.50617284,83.33333333,7,1,0.547036676,0.100442862,,,,
0_03219.mp4,0,60.8,63.63636364,17,0,0.746121808,-1.047349145,,,,
0_03220.mp4,0,56.33802817,61.29032258,12,0,0.980572164,-3.656423837,,,,
0_03221.mp4,0,8.695652174,98.94736842,1,1,0.843869273,1.50497714,,,,
0_03222.mp4,0,41.00946372,81.39534884,8,1,0.757777196,0.985351494,,,,
0_03223.mp4,0,14.36077058,56.25,33,1,0.645793195,0.464287635,,,,
0_03224.mp4,0,56,71.05263158,12,1,0.849564166,1.528595858,,,,
0_03225.mp4,0,50,67.64705882,11,0,0.753710191,-1.090352514,,,,
0_03226.mp4,0,48.22134387,78.125,10,0,0.549725585,-0.236474117,,,,
0_03227.mp4,0,57.53424658,63.23529412,25,0,0.635186541,-0.576576306,,,,
0_03228.mp4,0,37.11340206,95.83333333,1,0,0.811268815,-1.39396735,,,,
0_03229.mp4,0,62.66094421,64.28571429,23,1,0.658643285,0.530791386,,,,
0_03230.mp4,0,10.56751468,98.93617021,1,0,0.761559459,-1.124175452,,,,
0_03231.mp4,0,46.875,77.77777778,8,1,0.859896652,1.622065185,,,,
0_03232.mp4,0,62.10826211,61.9047619,17,0,0.863161028,-1.758031848,,,,
0_03233.mp4,0,58.97435897,60,14,1,0.539701381,0.081370252,,,,
0_03234.mp4,0,42.37623762,50,33,0,0.580387771,-0.358302299,,,,
0_03235.mp4,0,54.25867508,64.28571429,15,0,0.750070695,-1.066322246,,,,
0_03236.mp4,0,68.43657817,48.88888889,23,1,0.536024506,0.067770883,,,,
0_03237.mp4,0,61.73633441,69.76744186,13,0,0.5,-0.046461518,,,,
0_03238.mp4,0,38.4279476,82.85714286,6,0,0.929828572,-2.420600511,,,,
0_03239.mp4,0,50.72164948,76.27118644,16,0,0.747632629,-1.054727284,,,,
0_03240.mp4,0,6.479481641,98.87640449,1,0,0.768830114,-1.172004124,,,,
0_03241.mp4,0,8.985024958,51.94805195,38,1,0.705926572,0.750479973,,,,
0_03242.mp4,0,56.16438356,71.05263158,11,1,0.80493465,1.250329287,,,,
0_03243.mp4,0,53.21888412,67.64705882,11,1,0.622417641,0.384383236,,,,
0_03244.mp4,0,28.72928177,91.66666667,2,1,0.519409792,0.006411404,,,,
0_03245.mp4,0,33.6,93.5483871,2,0,0.645794858,-0.621181418,,,,
0_03246.mp4,0,64,66.66666667,12,1,0.706195136,0.735617026,,,,
0_03247.mp4,0,40.37558685,81.81818182,6,0,0.701527001,-0.843437748,,,,
0_03248.mp4,0,65.45454545,56.75675676,17,0,0.591673136,-0.408407872,,,,
0_03249.mp4,0,36.06557377,84.09090909,7,0,0.639617485,-0.607017374,,,,
0_03250.mp4,0,23.28767123,100,0,1,0.566150989,0.193037598,,,,
0_03251.mp4,0,18.70503597,100,0,1,0.556961221,0.137108239,,,,
0_03252.mp4,0,49.6350365,80,8,1,0.681781582,0.636700841,,,,
0_03253.mp4,0,45.55555556,84,5,0,0.513342705,-0.10135651,,,,
0_03254.mp4,0,44.29967427,84.21052632,6,1,0.64335367,0.460385356,,,,
0_03255.mp4,0,8.130081301,98.86363636,1,0,0.653812766,-0.64978117,,,,
0_03256.mp4,0,60.09389671,62.06896552,11,0,0.816882418,-1.427791767,,,,
0_03257.mp4,0,74.45255474,41.07142857,34,1,0.575197529,0.204575288,,,,
0_03258.mp4,0,30.70866142,91.17647059,4,1,0.819784153,1.329806693,,,,
0_03259.mp4,0,43.28358209,76.78571429,14,0,0.660499687,-0.678818942,,,,
0_03260.mp4,0,34.93150685,94.73684211,2,0,0.801962713,-1.356774341,,,,
0_03261.mp4,0,57.14285714,78.78787879,8,0,0.539070242,-0.202483914,,,,
0_03262.mp4,0,36.25730994,90.69767442,4,1,0.745064521,0.913870435,,,,
0_03263.mp4,0,40,86.66666667,6,0,0.656014818,-0.663915724,,,,
0_03264.mp4,0,21.46892655,90.90909091,2,1,0.695156666,0.687617015,,,,
0_03265.mp4,0,1.736972705,55.78947368,50,1,0.729156099,0.847044098,,,,
0_03266.mp4,0,48.9626556,78.37837838,8,0,0.830429253,-1.518789868,,,,
0_03267.mp4,0,36.42172524,82.92682927,7,0,0.5,-0.04108584,,,,
0_03268.mp4,0,1.500938086,65.625,29,0,0.680440948,-0.766586401,,,,
0_03269.mp4,0,17.4563591,100,4,0,0.985930043,-3.951449277,,,,
0_03270.mp4,0,52.54901961,71.05263158,12,0,0.996842719,-5.359292764,,,,
0_03271.mp4,0,33.4519573,94.87179487,2,1,0.626523172,0.399340414,,,,
0_03272.mp4,0,35.77235772,52.23880597,32,0,0.680195454,-0.765550025,,,,
0_03273.mp4,0,70,51.1627907,21,0,0.774424137,-1.190847034,,,,
0_03274.mp4,0,60.12269939,59.09090909,18,0,0.818324351,-1.447167121,,,,
0_03275.mp4,0,23.56164384,104.6511628,1,0,0.742708182,-1.045970032,,,,
0_03276.mp4,0,64.90566038,58.33333333,17,0,0.721773873,-0.937835945,,,,
0_03277.mp4,0,61.9047619,62.5,21,0,0.809644388,-1.388639845,,,,
0_03278.mp4,0,52.27272727,93.33333333,11,0,0.793277428,-1.299248131,,,,
0_03279.mp4,0,46.2745098,90,3,1,0.539249655,0.071710394,,,,
0_03280.mp4,0,3.351955307,100,0,0,0.596993514,-0.416913671,,,,
0_03281.mp4,0,32.43243243,100,0,0,0.657690837,-0.678197947,,,,
0_03282.mp4,0,30.28720627,90,5,0,0.800511481,-1.331243173,,,,
0_03283.mp4,0,41.86046512,78,14,0,0.934295809,-2.502917303,,,,
0_03284.mp4,0,41.4507772,77.41935484,7,0,0.819422906,-1.461291655,,,,
0_03285.mp4,0,40.8,80.55555556,7,0,0.687596128,-0.780414439,,,,
0_03286.mp4,0,69.527897,55.55555556,24,0,0.830452643,-1.528573412,,,,
0_03287.mp4,0,31.30434783,96.66666667,1,0,0.548658593,-0.23248224,,,,
0_03288.mp4,0,62.92134831,64.70588235,14,0,0.507709495,-0.100974455,,,,
0_03289.mp4,0,46.3878327,88.57142857,8,0,0.989224673,-4.239451516,,,,
0_03290.mp4,0,33.33333333,85.71428571,5,0,0.638367096,-0.601805466,,,,
0_03291.mp4,0,44.66019417,69.23076923,8,1,0.636815777,0.440740171,,,,
0_03292.mp4,0,59.59031657,66.07142857,23,0,0.646652967,-0.624223412,,,,
0_03293.mp4,0,36.92307692,89.65517241,3,0,0.666404068,-0.710488324,,,,
0_03294.mp4,0,60.56338028,58.18181818,23,0,0.600130786,-0.434963716,,,,
0_03295.mp4,0,41.12903226,81.81818182,6,0,0.694186123,-0.825314653,,,,
0_03296.mp4,0,70.13888889,47.36842105,20,0,0.545424586,-0.233065593,,,,
0_03297.mp4,0,40.43715847,88,3,0,0.666910354,-0.724003589,,,,
0_03298.mp4,0,48,76.31578947,11,0,0.8621385,-1.753617576,,,,
0_03299.mp4,0,60.84507042,58.69565217,20,0,0.645530269,-0.626092588,,,,
0_03300.mp4,0,16.78321678,83.60655738,10,0,0.98388126,-3.865962427,,,,
0_03301.mp4,0,28.33333333,107.4074074,2,0,0.996586188,-5.300963322,,,,
0_03302.mp4,0,41.66666667,85.10638298,7,0,0.791988122,-1.283327485,,,,
0_03303.mp4,0,57.80730897,68.57142857,12,0,0.763229828,-1.147311678,,,,
0_03304.mp4,0,42.51497006,80.85106383,9,0,0.577057358,-0.352179122,,,,
0_03305.mp4,0,36.900369,88.88888889,4,0,0.817866386,-1.448550026,,,,
0_03306.mp4,0,58.95522388,64.70588235,12,0,0.725197663,-0.953634399,,,,
0_03307.mp4,0,38.49372385,84.84848485,5,1,0.76373915,1.015513479,,,,
0_03308.mp4,0,18,106.6666667,2,0,0.879895636,-1.90107934,,,,
0_03309.mp4,0,48.58490566,74.54545455,14,0,0.931241457,-2.465377639,,,,
0_03310.mp4,0,48.52941176,82.35294118,13,0,0.783793124,-1.241113903,,,,
0_03311.mp4,0,47.36842105,86.20689655,4,0,0.839516759,-1.585264545,,,,
0_03312.mp4,0,55.79937304,73.17073171,12,0,0.884537848,-1.937414304,,,,
0_03313.mp4,0,50.77720207,88.88888889,10,0,0.989883991,-4.292611855,,,,
0_03314.mp4,0,7.843137255,99.15254237,1,0,0.62227599,-0.524107945,,,,
0_03315.mp4,0,20.35087719,88.88888889,5,0,0.871269035,-1.828348211,,,,
0_03316.mp4,0,10.34482759,100,0,0,0.910119068,-2.197503788,,,,
0_03317.mp4,0,62.06896552,55.55555556,17,0,0.865756598,-1.772934807,,,,
0_03318.mp4,0,47.9020979,48.57142857,37,1,0.749967486,0.946591738,,,,
0_03319.mp4,0,18.63013699,128.9473684,1,0,0.998139928,-5.845105302,,,,
0_03320.mp4,0,40.28268551,82.05128205,7,1,0.620446415,0.38060922,,,,
0_03321.mp4,0,39.56834532,93.75,2,1,0.622697989,0.385405336,,,,
0_03322.mp4,0,46.03174603,75,9,1,0.610442187,0.357701419,,,,
0_03323.mp4,0,61.25461255,56.41025641,17,1,0.543534028,0.108992279,,,,
0_03324.mp4,0,13.9275766,95.91836735,3,0,0.669042632,-0.720412341,,,,
0_03325.mp4,0,58.25242718,71.05263158,11,0,0.681879381,-0.772667424,,,,
0_03326.mp4,0,30.3030303,86.20689655,5,1,0.526391537,0.039661286,,,,
0_03327.mp4,0,66.89419795,47.61904762,22,0,0.563171562,-0.299530463,,,,
0_03328.mp4,0,28.35249042,87.87878788,4,1,0.807277371,1.242239801,,,,
0_03329.mp4,0,36.71497585,90.625,3,0,0.510507918,-0.090881271,,,,
0_03330.mp4,0,55.85585586,75,7,0,0.582998277,-0.370836654,,,,
0_03331.mp4,0,32.22748815,92.85714286,2,0,0.51472455,-0.106464043,,,,
0_03332.mp4,0,30.36144578,97.5,1,0,0.664548281,-0.713623012,,,,
0_03333.mp4,0,34.02777778,90,4,1,0.603016574,0.330160306,,,,
0_03334.mp4,0,40,85.29411765,5,1,0.664072997,0.557356656,,,,
0_03335.mp4,0,48.24561404,72.72727273,9,0,0.646333311,-0.635222551,,,,
0_03336.mp4,0,32.45033113,86.36363636,6,0,0.686802097,-0.780178102,,,,
0_03337.mp4,0,43.55555556,90.19607843,5,0,0.944560918,-2.715553089,,,,
0_03338.mp4,0,42.45283019,86.66666667,5,0,0.638049579,-0.588542055,,,,
0_03339.mp4,0,44.87534626,86.36363636,6,1,0.921711315,2.189718446,,,,
0_03340.mp4,0,30.43478261,91.66666667,3,0,0.628722611,-0.562004378,,,,
0_03341.mp4,0,52.81385281,66.66666667,10,1,0.69373114,0.696884903,,,,
0_03342.mp4,0,57.40740741,68.96551724,10,1,0.74944258,0.933271189,,,,
0_03343.mp4,0,53.28185328,64.86486486,13,0,0.801908356,-1.353039844,,,,
0_03344.mp4,0,50.78125,70.58823529,10,0,0.57165647,-0.338299002,,,,
0_03345.mp4,0,36.64122137,89.18918919,4,0,0.625608903,-0.537539716,,,,
0_03346.mp4,0,66.14173228,54.54545455,15,0,0.883574645,-1.93347409,,,,
0_03347.mp4,0,32.47232472,96.96969697,1,0,0.665384296,-0.705980984,,,,
0_03348.mp4,0,53.91304348,72.09302326,12,0,0.815087755,-1.41689211,,,,
0_03349.mp4,0,1.213960546,65.78947368,30,1,0.668645679,0.596101548,,,,
0_03350.mp4,0,59.74025974,65.78947368,14,1,0.67819663,0.615718514,,,,
0_03351.mp4,0,57.54385965,67.64705882,11,0,0.664084411,-0.706107302,,,,
0_03352.mp4,0,37.64705882,85.18518519,4,0,0.75725175,-1.102407887,,,,
0_03353.mp4,0,62.30529595,64.1025641,14,0,0.660196488,-0.68319688,,,,
0_03354.mp4,0,60.95238095,62.96296296,10,0,0.756825003,-1.099481336,,,,
0_03355.mp4,0,50.67567568,81.81818182,7,1,0.696043758,0.691437524,,,,
0_03356.mp4,0,71.95767196,53.65853659,19,0,0.722225338,-0.935494411,,,,
0_03357.mp4,0,70.32967033,51.85185185,29,0,0.55690269,-0.269156814,,,,
0_03358.mp4,0,54.33070866,68.57142857,11,0,0.556099,-0.260373574,,,,
0_03359.mp4,0,44.54976303,83.63636364,10,0,0.631353871,-0.566867398,,,,
0_03360.mp4,0,57.58754864,65.71428571,12,0,0.836810727,-1.55484248,,,,
0_03361.mp4,0,1.610305958,69.01408451,22,0,0.68055894,-0.767084671,,,,
0_03362.mp4,0,39.00414938,82.85714286,6,0,0.50850484,-0.103896219,,,,
0_03363.mp4,0,38.26086957,93.33333333,2,0,0.57800682,-0.355804451,,,,
0_03364.mp4,0,1.449275362,54.54545455,37,1,0.790145395,1.165851393,,,,
0_03365.mp4,0,62.84289277,67.44186047,18,1,0.727271517,0.830314224,,,,
0_03366.mp4,0,56.19047619,65.51724138,10,0,0.752260073,-1.088172581,,,,
0_03367.mp4,0,61.17647059,61.53846154,22,1,0.796997989,1.182842695,,,,
0_03368.mp4,0,48.11320755,74.19354839,8,0,0.952641558,-2.863838712,,,,
0_03369.mp4,0,49.76958525,76.92307692,6,1,0.886968928,1.842405837,,,,
0_03370.mp4,0,56.90376569,66.66666667,12,0,0.731396441,-0.987790352,,,,
0_03371.mp4,0,64,64,22,1,0.646216127,0.46582401,,,,
0_03372.mp4,0,38.7434555,85.18518519,4,0,0.793125451,-1.302937083,,,,
0_03373.mp4,0,35.13513514,81.25,9,0,0.877939046,-1.882466683,,,,
0_03374.mp4,0,33.33333333,89.18918919,5,1,0.559927161,0.148074295,,,,
0_03375.mp4,0,20.28985507,100,0,0,0.760827276,-1.119424987,,,,
0_03376.mp4,0,52.76595745,70,9,0,0.69323384,-0.804766407,,,,
0_03377.mp4,0,40.90909091,84.375,5,0,0.654147453,-0.668506185,,,,
0_03378.mp4,0,10.6557377,100,0,0,0.984607309,-3.908515033,,,,
0_03379.mp4,0,44.39140811,83.72093023,7,0,0.602246785,-0.437558729,,,,
0_03380.mp4,0,32.86908078,95.12195122,2,1,0.636931159,0.449546022,,,,
0_03381.mp4,0,44.68085106,72.97297297,10,0,0.783466602,-1.236848455,,,,
0_03382.mp4,0,50.82508251,78.94736842,9,0,0.515986643,-0.122457836,,,,
0_03383.mp4,0,18.77256318,96.875,1,1,0.595334243,0.279080903,,,,
0_03384.mp4,0,12.23776224,76.27118644,22,1,0.70322634,0.744411687,,,,
0_03385.mp4,0,12.22222222,93.02325581,4,0,0.995089694,-4.965352677,,,,
0_03386.mp4,0,51.30434783,77.41935484,7,0,0.57774592,-0.354807908,,,,
0_03387.mp4,0,58.93416928,71.05263158,15,0,0.903315206,-2.12064305,,,,
0_03388.mp4,0,41.17647059,86.48648649,6,0,0.598906156,-0.442946126,,,,
0_03389.mp4,0,32.41895262,86.79245283,8,0,0.804807778,-1.359943264,,,,
0_03390.mp4,0,8.503937008,100,0,1,0.636634651,0.43607098,,,,
0_03391.mp4,0,21.53846154,94.59459459,2,0,0.84737973,-1.644037032,,,,
0_03392.mp4,0,39.20265781,87.17948718,5,0,0.5,-0.055005117,,,,
0_03393.mp4,0,44.78764479,75,9,0,0.759212588,-1.122864807,,,,
0_03394.mp4,0,9.420289855,91.17647059,3,0,0.640328865,-0.604179942,,,,
0_03395.mp4,0,60.53639847,55.55555556,16,0,0.991548676,-4.416833377,,,,
1_00000.mp4,1,47.05882353,109.5238095,4,1,0.959089768,2.839623751,,,,
1_00001.mp4,1,31.2849162,117.6470588,1,0,0.78470804,-1.246106099,,,,
1_00002.mp4,1,50.25641026,88.88888889,3,1,0.528093065,0.030604185,,,,
1_00003.mp4,1,3.470031546,90.76923077,8,1,0.90115935,1.969003851,,,,
1_00004.mp4,1,33.63636364,122.2222222,0,1,0.88120925,1.79059543,,,,
1_00005.mp4,1,18.05555556,100,0,1,0.988494004,4.052897234,,,,
1_00006.mp4,1,8.609271523,91.80327869,8,1,0.860973663,1.613328769,,,,
1_00007.mp4,1,34.73684211,100,0,1,0.940509397,2.460622346,,,,
1_00008.mp4,1,30.27522936,100,0,0,0.779440795,-1.227907565,,,,
1_00009.mp4,1,33.33333333,200,1,1,0.873497423,1.730591388,,,,
1_00010.mp4,1,29.46708464,175,3,1,0.908865983,2.051585319,,,,
1_00011.mp4,1,4.535147392,90,7,1,0.569915107,0.201213755,,,,
1_00012.mp4,1,3.337969402,92.64705882,5,1,0.855592677,1.572673235,,,,
1_00013.mp4,1,24.24242424,100,2,0,0.656133865,-0.671456098,,,,
1_00014.mp4,1,11.328125,92.85714286,9,1,0.646942625,0.507065776,,,,
1_00015.mp4,1,30.64516129,116.6666667,1,1,0.783446003,1.107836671,,,,
1_00016.mp4,1,31.15577889,91.66666667,2,1,0.564691079,0.187606379,,,,
1_00017.mp4,1,27.19298246,166.6666667,1,1,0.540209143,0.090844503,,,,
1_00018.mp4,1,20.80924855,120,0,1,0.761084637,1.017584525,,,,
1_00019.mp4,1,44.58598726,170,1,1,0.674943593,0.622473104,,,,
1_00020.mp4,1,37.30569948,95.23809524,1,1,0.854573587,1.552391369,,,,
1_00021.mp4,1,32.78688525,100,2,1,0.925814563,2.258195199,,,,
1_00022.mp4,1,41.29032258,100,2,1,0.60366747,0.31861495,,,,
1_00023.mp4,1,23.35766423,100,0,1,0.622186368,0.383539977,,,,
1_00024.mp4,1,21.67832168,104,3,1,0.867027037,1.677785948,,,,
1_00025.mp4,1,39.64757709,116.6666667,3,1,0.920992552,2.173905813,,,,
1_00026.mp4,1,39.1959799,88.46153846,5,1,0.788540699,1.135622248,,,,
1_00027.mp4,1,35.92814371,88.23529412,2,1,0.760689053,1.000018765,,,,
1_00028.mp4,1,48.33836858,100,5,1,0.614822839,0.368070029,,,,
1_00029.mp4,1,27.89473684,100,2,1,0.681900642,0.64602141,,,,
1_00030.mp4,1,40.68965517,90.90909091,3,1,0.824502661,1.347403633,,,,
1_00031.mp4,1,39.77272727,94.59459459,2,1,0.931939055,2.356279369,,,,
1_00032.mp4,1,18.55670103,117.6470588,0,1,0.811759432,1.290936469,,,,
1_00033.mp4,1,28.73563218,105.8823529,0,1,0.956513005,2.794345846,,,,
1_00034.mp4,1,30.27027027,138.8888889,3,1,0.689573483,0.670001844,,,,
1_00035.mp4,1,25.38071066,166.6666667,1,1,0.770514124,1.040363935,,,,
1_00036.mp4,1,24.19354839,285.7142857,1,1,0.809269544,1.281977997,,,,
1_00037.mp4,1,38.70967742,125,0,1,0.611306988,0.343797136,,,,
1_00038.mp4,1,29.56521739,108.3333333,0,1,0.765770599,1.03558043,,,,
1_00039.mp4,1,6.389776358,230,1,1,0.810654517,1.26227335,,,,
1_00040.mp4,1,5.475504323,107.1428571,2,1,0.891625886,1.856232457,,,,
1_00041.mp4,1,28.48297214,103.030303,1,1,0.868131952,1.669516726,,,,
1_00042.mp4,1,34.56790123,128.5714286,0,1,0.781524582,1.12456374,,,,
1_00043.mp4,1,1.915708812,144.4444444,5,0,0.519722938,-0.145133973,,,,
1_00044.mp4,1,27.0531401,100,0,0,0.748580684,-1.065020528,,,,
1_00045.mp4,1,43.16546763,115.3846154,1,0,0.816007234,-1.422466165,,,,
1_00046.mp4,1,39.05325444,100,0,0,0.546506741,-0.230206977,,,,
1_00047.mp4,1,48.16753927,94.73684211,2,1,0.897852078,1.916473399,,,,
1_00048.mp4,1,1.25588697,144.2307692,3,1,0.924069293,2.2534775,,,,
1_00049.mp4,1,25.69832402,111.7647059,3,1,0.685423292,0.652209172,,,,
1_00050.mp4,1,25.22522523,166.6666667,1,1,0.734902636,0.88928864,,,,
1_00051.mp4,1,44.70588235,100,0,1,0.705752691,0.755615136,,,,
1_00052.mp4,1,35.58282209,208.3333333,2,0,0.711524974,-0.891241638,,,,
1_00053.mp4,1,34.20074349,119.2307692,0,0,0.700193434,-0.837637171,,,,
1_00054.mp4,1,13.95348837,93.10344828,2,1,0.57610952,0.224264059,,,,
1_00055.mp4,1,22.87581699,100,0,1,0.922255007,2.189853167,,,,
1_00056.mp4,1,44.15584416,130,3,1,0.692892911,0.67789567,,,,
1_00057.mp4,1,24.04371585,111.1111111,2,1,0.802442395,1.225657019,,,,
1_00058.mp4,1,4.057971014,172,7,1,0.909024257,2.033321279,,,,
1_00059.mp4,1,30.68181818,133.3333333,2,1,0.799440687,1.208337815,,,,
1_00060.mp4,1,43.11377246,115.3846154,2,1,0.689469587,0.66955484,,,,
1_00061.mp4,1,2.369668246,89.79591837,5,1,0.941792224,2.516684179,,,,
1_00062.mp4,1,13.21585903,211.7647059,0,1,0.888193927,1.853722772,,,,
1_00063.mp4,1,18.3745583,98.14814815,1,1,0.875454893,1.740972651,,,,
1_00064.mp4,1,4.514672686,94,7,1,0.755550179,0.989712868,,,,
1_00065.mp4,1,1.312910284,100,3,1,0.937107496,2.397947742,,,,
1_00066.mp4,1,10.43478261,250,0,1,0.583749967,0.252695932,,,,
1_00067.mp4,1,22.32142857,133.3333333,0,1,0.939122816,2.472611964,,,,
1_00068.mp4,1,1.538461538,94.11764706,3,1,0.759197723,0.983000382,,,,
1_00069.mp4,1,37.39837398,175,0,0,0.732978038,-0.984338735,,,,
1_00070.mp4,1,22.58064516,107.1428571,1,0,0.829928926,-1.515513411,,,,
1_00071.mp4,1,2.702702703,98.64864865,4,1,0.915705163,2.11581976,,,,
1_00072.mp4,1,1.354401806,145.9459459,5,1,0.917861299,2.17465784,,,,
1_00073.mp4,1,4.597701149,118.4210526,8,1,0.805578691,1.23226327,,,,
1_00074.mp4,1,43.67816092,100,3,1,0.859897326,1.605092464,,,,
1_00075.mp4,1,34.40860215,131.25,4,1,0.95711361,2.807780118,,,,
1_00076.mp4,1,21.47651007,156,0,0,0.535154922,-0.194908734,,,,
1_00077.mp4,1,14.51612903,100,0,1,0.775437594,1.065935644,,,,
1_00078.mp4,1,36.36363636,164.2857143,1,1,0.572297459,0.202220804,,,,
1_00079.mp4,1,28.45528455,142.8571429,2,1,0.607760611,0.341911581,,,,
1_00080.mp4,1,2.580645161,104.5454545,2,1,0.805185446,1.229691264,,,,
1_00081.mp4,1,31.81818182,95.45454545,1,0,0.940870062,-2.655423141,,,,
1_00082.mp4,1,11.65048544,100,0,1,0.767094286,1.032717399,,,,
1_00083.mp4,1,57.37704918,112.5,3,1,0.817893916,1.31809142,,,,
1_00084.mp4,1,36.56509695,105.4054054,5,1,0.985171514,3.799775823,,,,
1_00085.mp4,1,21.05263158,107.6923077,0,1,0.644583157,0.497543072,,,,
1_00086.mp4,1,2.127659574,135.483871,2,1,0.867393055,1.647443672,,,,
1_00087.mp4,1,29.56521739,97.05882353,1,0,0.790557181,-1.284009375,,,,
1_00088.mp4,1,7.258064516,96.22641509,2,1,0.743419561,0.924135933,,,,
1_00089.mp4,1,24.69135802,116.1290323,2,1,0.896017392,1.928694616,,,,
1_00090.mp4,1,36.68639053,132.2580645,2,1,0.766022466,1.036876569,,,,
1_00091.mp4,1,7.125890736,113.9534884,5,1,0.943381787,2.508919355,,,,
1_00092.mp4,1,23.61111111,100,0,0,0.687447082,-0.796345199,,,,
1_00093.mp4,1,28.36879433,141.6666667,2,1,0.834274595,1.410688535,,,,
1_00094.mp4,1,19.83471074,140,2,1,0.733575538,0.867761366,,,,
1_00095.mp4,1,51.31578947,88.23529412,6,1,0.812811298,1.287048492,,,,
1_00096.mp4,1,27.82608696,104.3478261,3,1,0.615917803,0.363907482,,,,
1_00097.mp4,1,27.16049383,100,1,1,0.968874205,3.121512239,,,,
1_00098.mp4,1,5.27306968,124.4897959,8,0,0.608086856,-0.460690078,,,,
1_00099.mp4,1,28.68852459,235.7142857,2,1,0.640340926,0.462044387,,,,
1_00100.mp4,1,11.62790698,80,10,1,0.801932835,1.232807112,,,,
1_00101.mp4,1,12.27436823,103.7037037,0,0,0.534186237,-0.184327016,,,,
1_00102.mp4,1,33.76623377,108.3333333,4,1,0.72240706,0.825018836,,,,
1_00103.mp4,1,34.72222222,153.8461538,0,1,0.735300643,0.885247842,,,,
1_00104.mp4,1,20.6185567,94.73684211,1,1,0.831495206,1.391024301,,,,
1_00105.mp4,1,35.55555556,88.88888889,2,1,0.816537074,1.30973978,,,,
1_00106.mp4,1,28.7037037,145,2,1,0.682532419,0.654605189,,,,
1_00107.mp4,1,19.89528796,100,0,1,0.613769393,0.352804398,,,,
1_00108.mp4,1,1.785714286,93.47826087,4,1,0.943360139,2.499628563,,,,
1_00109.mp4,1,2.739726027,162.0689655,1,1,0.894962601,1.888122199,,,,
1_00110.mp4,1,27.27272727,85.41666667,7,1,0.641193333,0.447556948,,,,
1_00111.mp4,1,36.25,153.8461538,3,0,0.618201013,-0.501236499,,,,
1_00112.mp4,1,7.85046729,99.03846154,1,1,0.824394374,1.346718067,,,,
1_00113.mp4,1,33.1838565,136.8421053,1,1,0.885613186,1.800896177,,,,
1_00114.mp4,1,27.86069652,91.30434783,2,1,0.983721019,3.728013583,,,,
1_00115.mp4,1,26.14379085,103.5714286,5,1,0.991124699,4.301440796,,,,
1_00116.mp4,1,34.45945946,96.77419355,2,0,0.5,-0.070414879,,,,
1_00117.mp4,1,27.82608696,210,0,0,0.510221307,-0.089822342,,,,
1_00118.mp4,1,3.878116343,115.1515152,5,1,0.949093306,2.647719614,,,,
1_00119.mp4,1,31.03448276,160,0,0,0.712728548,-0.89666121,,,,
1_00120.mp4,1,31.71806167,85.71428571,4,1,0.889993067,1.870543274,,,,
1_00121.mp4,1,10.16949153,98.91304348,1,1,0.574257464,0.20778176,,,,
1_00122.mp4,1,20.59620596,96,2,0,0.717396361,-0.912140103,,,,
1_00123.mp4,1,27.46478873,100,0,0,0.605188009,-0.456372215,,,,
1_00124.mp4,1,43.66812227,125,3,1,0.910387885,2.048458808,,,,
1_00125.mp4,1,13.00813008,180,1,1,0.924438998,2.252233052,,,,
1_00126.mp4,1,26.85185185,88.46153846,3,1,0.537121429,0.085209918,,,,
1_00127.mp4,1,28.36879433,93.33333333,1,1,0.860214489,1.594653678,,,,
1_00128.mp4,1,13.46633416,98.41269841,1,1,0.958581734,2.841390634,,,,
1_00129.mp4,1,27.92207792,158.3333333,6,0,0.508011102,-0.035614003,,,,
1_00130.mp4,1,12.5,111.5384615,2,1,0.835117008,1.445135218,,,,
1_00131.mp4,1,30.90909091,130,2,1,0.919131885,2.150823227,,,,
1_00132.mp4,1,32.48730964,133.3333333,0,1,0.847561114,1.501710053,,,,
1_00133.mp4,1,27.47252747,192.8571429,1,1,0.609267474,0.336332038,,,,
1_00134.mp4,1,71.79487179,42.85714286,8,1,0.69593151,0.687557514,,,,
1_00135.mp4,1,38.97058824,88.88888889,5,1,0.616517909,0.37434046,,,,
1_00136.mp4,1,21.08843537,113.7931034,2,0,0.512914837,-0.025218456,,,,
1_00137.mp4,1,35.8490566,142.1052632,5,1,0.873515116,1.730738923,,,,
1_00138.mp4,1,35.29411765,106.6666667,2,1,0.566621169,0.172835681,,,,
1_00139.mp4,1,41.8079096,80.76923077,5,0,0.554066286,-0.258504363,,,,
1_00140.mp4,1,31.81818182,128.5714286,2,1,0.595813498,0.286999077,,,,
1_00141.mp4,1,20,150,0,1,0.931543079,2.337967374,,,,
1_00142.mp4,1,52.20588235,111.1111111,6,0,0.599165291,-0.425430679,,,,
1_00143.mp4,1,10.37037037,170,0,0,0.562338639,-0.303181972,,,,
1_00144.mp4,1,30.90909091,84.61538462,4,1,0.900376382,1.941833362,,,,
1_00145.mp4,1,9.506398537,98.92473118,1,1,0.808698702,1.250638593,,,,
1_00146.mp4,1,39.02439024,100,0,1,0.816130134,1.307244253,,,,
1_00147.mp4,1,34.60410557,86.48648649,7,1,0.896520584,1.922042769,,,,
1_00148.mp4,1,32.35294118,91.17647059,3,0,0.5,-0.070309059,,,,
1_00149.mp4,1,36.94779116,89.65517241,6,1,0.717732505,0.786925944,,,,
1_00150.mp4,1,1.829268293,154.1666667,2,1,0.565256381,0.183882162,,,,
1_00151.mp4,1,27.47252747,133.3333333,2,1,0.92694769,2.251299773,,,,
1_00152.mp4,1,14.56953642,100,0,0,0.51237283,-0.00636938,,,,
1_00153.mp4,1,24.8,96.96969697,1,1,0.849324329,1.543667134,,,,
1_00154.mp4,1,30.1369863,100,1,1,0.539448699,0.080000358,,,,
1_00155.mp4,1,20.54794521,100,0,1,0.78690021,1.127050042,,,,
1_00156.mp4,1,1.382488479,145.7142857,0,1,0.943211315,2.540892057,,,,
1_00157.mp4,1,45.66210046,95.45454545,2,0,0.704235053,-0.853019786,,,,
1_00158.mp4,1,28.95622896,159.0909091,7,1,0.62157484,0.398883353,,,,
1_00159.mp4,1,4.871794872,99.31034483,1,1,0.942388717,2.52679127,,,,
1_00160.mp4,1,39.51612903,90.32258065,3,1,0.72522973,0.818438196,,,,
1_00161.mp4,1,5.295315682,116.6666667,0,1,0.620044144,0.37018324,,,,
1_00162.mp4,1,6.690561529,99.41176471,1,0,0.507999575,-0.102040067,,,,
1_00163.mp4,1,41.93548387,105.2631579,1,1,0.958537787,2.799028708,,,,
1_00164.mp4,1,2.308802309,101.3513514,7,0,0.513616496,-0.113803744,,,,
1_00165.mp4,1,45.58823529,127.2727273,1,0,0.602946707,-0.44032074,,,,
1_00166.mp4,1,9.456264775,98.75,1,1,0.551520444,0.124256452,,,,
1_00167.mp4,1,6.690561529,99.41176471,1,0,0.507999575,-0.102040067,,,,
1_00168.mp4,1,48.21428571,137.5,1,0,0.591852429,-0.41553373,,,,
1_00169.mp4,1,0.772200772,140.9090909,4,1,0.893801888,1.876928388,,,,
1_00170.mp4,1,18.86792453,100,0,1,0.860686049,1.611122668,,,,
1_00171.mp4,1,39.74358974,89.47368421,2,1,0.531271871,0.050069129,,,,
1_00172.mp4,1,10.83743842,105,2,1,0.707546464,0.757694557,,,,
1_00173.mp4,1,2.424242424,128.5714286,7,1,0.844673684,1.48139722,,,,
1_00174.mp4,1,1.221995927,108.6956522,6,0,0.669113149,-0.716811174,,,,
1_00175.mp4,1,14.66666667,121.4285714,0,1,0.603811858,0.3191496,,,,
1_00176.mp4,1,6.14334471,143.4782609,10,1,0.768975837,1.058099022,,,,
1_00177.mp4,1,26.80412371,100,2,1,0.987351854,3.964445309,,,,
1_00178.mp4,1,48.12030075,108.3333333,7,1,0.720810636,0.823601471,,,,
1_00179.mp4,1,8.154506438,158.974359,8,0,0.684827527,-0.771821261,,,,
1_00180.mp4,1,4.745762712,91.66666667,7,1,0.908591999,2.048543182,,,,
1_00181.mp4,1,23.56321839,132.2580645,2,1,0.834802118,1.412670635,,,,
1_00182.mp4,1,30.07915567,88.0952381,6,0,0.854029409,-1.69226862,,,,
1_00183.mp4,1,22.96650718,105,1,1,0.909120783,2.040136652,,,,
1_00184.mp4,1,36.47058824,129.6296296,2,1,0.868464051,1.689320932,,,,
1_00185.mp4,1,35.61643836,233.3333333,3,1,0.884848745,1.798159354,,,,
1_00186.mp4,1,40,96.66666667,4,1,0.546486805,0.106486957,,,,
1_00187.mp4,1,35.75418994,157.1428571,3,0,0.507933855,-0.094364979,,,,
1_00188.mp4,1,33.48017621,130,2,1,0.836497367,1.454400614,,,,
1_00189.mp4,1,18.33333333,131.5789474,1,1,0.887721195,1.837884548,,,,
1_00190.mp4,1,47.27272727,94.44444444,3,1,0.713020764,0.765823747,,,,
1_00191.mp4,1,30.04694836,120,6,1,0.811372957,1.294592723,,,,
1_00192.mp4,1,3.76344086,113.8888889,6,1,0.563548035,0.168420235,,,,
1_00193.mp4,1,33.19502075,150,2,0,0.962458275,-3.080238719,,,,
1_00194.mp4,1,40.75829384,135,5,1,0.99077444,4.220952714,,,,
1_00195.mp4,1,44.85981308,110.7142857,10,1,0.848809005,1.508416932,,,,
1_00196.mp4,1,34.50479233,96.875,1,1,0.53222578,0.061259525,,,,
1_00197.mp4,1,34.43708609,172.7272727,2,0,0.977779269,-3.533435912,,,,
1_00198.mp4,1,40.45801527,120.8333333,3,0,0.58793423,-0.387388436,,,,
1_00199.mp4,1,1.93236715,100,7,1,0.951187457,2.669117854,,,,
1_00200.mp4,1,25.37313433,115.3846154,0,1,0.928892276,2.285245162,,,,
1_00201.mp4,1,21.13207547,100,0,0,0.584167985,-0.372841298,,,,
1_00202.mp4,1,2.846975089,101.1494253,7,1,0.917360594,2.168541152,,,,
1_00203.mp4,1,21.42857143,117.3913043,2,1,0.756651378,0.989281728,,,,
1_00204.mp4,1,2.156334232,141.3793103,4,1,0.877090117,1.730323805,,,,
1_00205.mp4,1,35.61643836,154.5454545,1,0,0.51856527,-0.120665421,,,,
1_00206.mp4,1,28,163.6363636,1,1,0.63805322,0.441210862,,,,
1_00207.mp4,1,22.74881517,200,0,1,0.873707955,1.69844558,,,,
1_00208.mp4,1,5.424954792,90.47619048,6,1,0.931870373,2.355279272,,,,
1_00209.mp4,1,32,116.6666667,1,0,0.556982849,-0.263695843,,,,
1_00210.mp4,1,44.14715719,93.33333333,4,0,0.585560084,-0.378210905,,,,
1_00211.mp4,1,3.950617284,100,10,1,0.548041576,0.112245601,,,,
1_00212.mp4,1,1.481481481,105.8823529,10,1,0.860752861,1.598761427,,,,
1_00213.mp4,1,25.59241706,96.15384615,1,1,0.807206586,1.241470753,,,,
1_00214.mp4,1,15.55555556,96.42857143,1,1,0.844969698,1.495969964,,,,
1_00215.mp4,1,43.11377246,94.11764706,1,1,0.61106037,0.342894678,,,,
1_00216.mp4,1,6.516290727,86.36363636,10,1,0.935249803,2.369559924,,,,
1_00217.mp4,1,36.50793651,262.5,1,0,0.581652519,-0.365723191,,,,
1_00218.mp4,1,27.69230769,94.59459459,2,1,0.89638531,1.938419622,,,,
1_00219.mp4,1,40.95238095,115,4,1,0.843726796,1.497966201,,,,
1_00220.mp4,1,4.266666667,155.5555556,4,1,0.872050444,1.701381484,,,,
1_00221.mp4,1,10.6741573,98.30508475,1,1,0.647908193,0.495579181,,,,
1_00222.mp4,1,34.26294821,127.2727273,2,1,0.74666306,0.945830687,,,,
1_00223.mp4,1,20.40816327,119.2307692,1,0,0.778905619,-1.225042672,,,,
1_00224.mp4,1,38.6440678,106.8965517,0,1,0.682430611,0.629684242,,,,
1_00225.mp4,1,4.081632653,135.483871,2,1,0.923523962,2.227882674,,,,
1_00226.mp4,1,44.27480916,187.5,3,1,0.942946175,2.530163182,,,,
1_00227.mp4,1,26.31578947,90.90909091,2,1,0.612814811,0.366490163,,,,
1_00228.mp4,1,36.68639053,125,1,1,0.695739247,0.690125358,,,,
1_00229.mp4,1,25.80645161,115.7894737,0,1,0.927144648,2.261203252,,,,
1_00230.mp4,1,16.73003802,165,3,1,0.744994871,0.913536134,,,,
1_00231.mp4,1,31.85840708,96.15384615,2,1,0.657115785,0.548463951,,,,
1_00232.mp4,1,33.23442136,109.375,5,1,0.610944988,0.353712884,,,,
1_00233.mp4,1,31.28834356,110,2,1,0.924206547,2.236827085,,,,
1_00234.mp4,1,25.71428571,115.3846154,1,1,0.856457756,1.59001143,,,,
1_00235.mp4,1,43.43434343,91.30434783,2,1,0.878689132,1.740245667,,,,
1_00236.mp4,1,22.70742358,152.9411765,2,1,0.835888958,1.450309098,,,,
1_00237.mp4,1,56.25,84.61538462,5,1,0.965786194,3.024910069,,,,
1_00238.mp4,1,2.133333333,142.4242424,5,1,0.915487764,2.145958761,,,,
1_00239.mp4,1,21.65605096,158.3333333,0,1,0.924528789,2.219186247,,,,
1_00240.mp4,1,37.76824034,95.83333333,2,1,0.873294025,1.695036362,,,,
1_00241.mp4,1,10.02277904,100,0,1,0.89557363,1.924310417,,,,
1_00242.mp4,1,35.9223301,86.36363636,4,1,0.580154795,0.222923908,,,,
1_00243.mp4,1,40,150,0,1,0.738641885,0.891781794,,,,
1_00244.mp4,1,14.45783133,100,0,1,0.760738452,1.015828345,,,,
1_00245.mp4,1,6.51465798,118.1818182,4,1,0.924660944,2.255172128,,,,
1_00246.mp4,1,47.43589744,133.3333333,5,1,0.856147911,1.564046812,,,,
1_00247.mp4,1,38.02816901,100,4,0,0.738843776,-1.017859871,,,,
1_00248.mp4,1,39.79591837,131.25,5,0,0.5,-0.067746117,,,,
1_00249.mp4,1,39.08045977,94.11764706,2,1,0.969818316,3.150875897,,,,
1_00250.mp4,1,27.02702703,95,1,1,0.687764984,0.652386475,,,,
1_00251.mp4,1,38.0952381,92.30769231,2,1,0.911126336,2.095088157,,,,
1_00252.mp4,1,30.22222222,150,5,1,0.662951016,0.557950463,,,,
1_00253.mp4,1,32.72727273,172.7272727,3,1,0.743984661,0.93280574,,,,
1_00254.mp4,1,25.22522523,152.9411765,2,0,0.759490041,-1.113685102,,,,
1_00255.mp4,1,31.5270936,105.2631579,3,1,0.747220214,0.922439164,,,,
1_00256.mp4,1,22.4137931,150,1,0,0.787702685,-1.262554825,,,,
1_00257.mp4,1,26.5625,166.6666667,0,1,0.834443191,1.440634864,,,,
1_00258.mp4,1,35.91331269,89.47368421,4,1,0.878889671,1.759062449,,,,
1_00259.mp4,1,25.35211268,144.4444444,0,1,0.747064086,0.941852931,,,,
1_00260.mp4,1,36.68639053,120,2,1,0.877216398,1.762000597,,,,
1_00261.mp4,1,29.12087912,118.75,2,0,0.532861764,-0.186411084,,,,
1_00262.mp4,1,36.02484472,100,0,1,0.864397902,1.656953043,,,,
1_00263.mp4,1,24.07407407,214.2857143,0,0,0.6276358,-0.545745883,,,,
1_00264.mp4,1,31.95266272,126.6666667,1,0,0.5,-0.060820086,,,,
1_00265.mp4,1,31.05022831,100,0,1,0.791565338,1.152601554,,,,
1_00266.mp4,1,9.039548023,100,0,1,0.837300906,1.430888409,,,,
1_00267.mp4,1,23.93822394,115.3846154,1,1,0.804317942,1.252692366,,,,
1_00268.mp4,1,18.27956989,100,0,1,0.950019992,2.620274418,,,,
1_00269.mp4,1,39.81042654,86.95652174,3,1,0.768725197,1.050846311,,,,
1_00270.mp4,1,12.94117647,94.44444444,1,1,0.539043329,0.0789358,,,,
1_00271.mp4,1,47.61904762,105.2631579,8,1,0.890109052,1.842022258,,,,
1_00272.mp4,1,29.67032967,95,1,0,0.762350414,-1.142849305,,,,
1_00273.mp4,1,31.78807947,190,2,1,0.904516287,2.004235971,,,,
1_00274.mp4,1,29.10798122,95.45454545,2,1,0.766767879,1.046668068,,,,
1_00275.mp4,1,35.58282209,146.6666667,2,1,0.821855225,1.353120762,,,,
1_00276.mp4,1,32.14285714,89.47368421,2,0,0.66222866,-0.697968978,,,,
1_00277.mp4,1,24.74226804,137.5,2,1,0.623368112,0.399644464,,,,
1_00278.mp4,1,11.76470588,257.1428571,0,1,0.999986295,5.543553932,,,,
1_00279.mp4,1,36.30573248,110.7142857,2,1,0.741413737,0.914455205,,,,
1_00280.mp4,1,38.78787879,100,2,1,0.957707472,2.790961523,,,,
1_00281.mp4,1,30.42071197,103.2258065,5,1,0.889726644,1.874105489,,,,
1_00282.mp4,1,41.37931034,100,2,1,0.819102351,1.313608891,,,,
1_00283.mp4,1,2.888086643,131.9148936,8,1,0.913779163,2.087031544,,,,
1_00284.mp4,1,22.22222222,100,0,1,0.930645987,2.309927386,,,,
1_00285.mp4,1,40.51724138,87.5,5,1,0.919761532,2.165175513,,,,
1_00286.mp4,1,29.41176471,216.6666667,1,1,0.781944623,1.100347158,,,,
1_00287.mp4,1,25.65789474,138.7096774,3,1,0.740585871,0.916405107,,,,
1_00288.mp4,1,44.8,225,3,1,0.748953816,0.941620448,,,,
1_00289.mp4,1,51.51515152,75,7,1,0.85620261,1.588101605,,,,
1_00290.mp4,1,28.97196262,96,4,1,0.7126217,0.77134151,,,,
1_00291.mp4,1,42.96296296,121.4285714,1,0,0.878154323,-1.875522379,,,,
1_00292.mp4,1,3.418803419,106,8,1,0.968702015,3.065400629,,,,
1_00293.mp4,1,23.45679012,135.7142857,0,1,0.679121603,0.625433029,,,,
1_00294.mp4,1,29.29292929,100,0,0,0.971174856,-3.328027926,,,,
1_00295.mp4,1,0.361663653,125,12,1,0.710155607,0.769364489,,,,
1_00296.mp4,1,26.73796791,150,1,1,0.651942049,0.527339679,,,,
1_00297.mp4,1,6.694560669,113.0434783,2,1,0.807974634,1.246354125,,,,
1_00298.mp4,1,22.72727273,95.83333333,1,1,0.64691234,0.468352417,,,,
1_00299.mp4,1,27.90697674,162.5,0,1,0.739780374,0.886625225,,,,
1_00300.mp4,1,22.03389831,117.3913043,2,1,0.812084729,1.282663788,,,,
1_00301.mp4,1,37.39130435,92.85714286,2,0,0.58135866,-0.362030673,,,,
1_00302.mp4,1,40.10840108,96.55172414,4,1,0.60479756,0.33092202,,,,
1_00303.mp4,1,27.16049383,153.3333333,1,1,0.9318112,2.354418392,,,,
1_00304.mp4,1,20.88353414,160,3,1,0.974755959,3.314359819,,,,
1_00305.mp4,1,2.463054187,133.3333333,1,1,0.71149365,0.775373238,,,,
1_00306.mp4,1,33.33333333,94.73684211,1,1,0.744265993,0.934169634,,,,
1_00307.mp4,1,2.580645161,91.13924051,7,1,0.698344987,0.708044764,,,,
1_00308.mp4,1,2.426343154,138,1,1,0.531782417,0.059617552,,,,
1_00309.mp4,1,38.37209302,112.9032258,8,1,0.779005071,1.084712588,,,,
1_00310.mp4,1,47.80487805,105,4,1,0.973226832,3.212179,,,,
1_00311.mp4,1,10.81081081,98.82352941,1,0,0.769985416,-1.167549734,,,,
1_00312.mp4,1,13.08411215,100,0,1,0.956176773,2.786902135,,,,
1_00313.mp4,1,23.41772152,111.7647059,1,1,0.677001879,0.606788745,,,,
1_00314.mp4,1,35.7615894,83.78378378,7,1,0.691184278,0.685845257,,,,
1_00315.mp4,1,34.61538462,114.2857143,3,1,0.557245942,0.146362033,,,,
1_00316.mp4,1,30,104,0,1,0.730886402,0.847002314,,,,
1_00317.mp4,1,25.84269663,135.7142857,2,1,0.525872178,0.037739508,,,,
1_00318.mp4,1,0.961538462,126.3157895,4,1,0.879760301,1.777907254,,,,
1_00319.mp4,1,25.88235294,133.3333333,1,1,0.796529863,1.207734632,,,,
1_00320.mp4,1,28.57142857,152.6315789,0,1,0.803304037,1.219006166,,,,
1_00321.mp4,1,41.41414141,94.73684211,4,1,0.884881015,1.829424781,,,,
1_00322.mp4,1,5.092592593,116.6666667,10,1,0.947882397,2.624807134,,,,
1_00323.mp4,1,44.80874317,105.2631579,2,1,0.967270697,3.053185331,,,,
1_00324.mp4,1,29.7029703,114.2857143,0,1,0.95296228,2.724552921,,,,
1_00325.mp4,1,21.21212121,94.28571429,3,0,0.858874287,-1.728569089,,,,
1_00326.mp4,1,42.73504274,185.7142857,2,1,0.929265126,2.318018595,,,,
1_00327.mp4,1,1.123595506,121.2121212,2,1,0.54967295,0.131781015,,,,
1_00328.mp4,1,0.879120879,88.67924528,6,1,0.554703848,0.144649452,,,,
1_00329.mp4,1,32.59911894,142.8571429,0,0,0.833075669,-1.536249522,,,,
1_00330.mp4,1,30.09708738,105.5555556,2,0,0.511339473,-0.010187444,,,,
1_00331.mp4,1,39.62264151,84,4,0,0.888364233,-1.975572089,,,,
1_00332.mp4,1,40.81632653,96.66666667,1,1,0.875263342,1.714893808,,,,
1_00333.mp4,1,14.63414634,125,1,1,0.761975232,1.022110474,,,,
1_00334.mp4,1,29.09090909,205.8823529,1,1,0.833446783,1.40521448,,,,
1_00335.mp4,1,43.51851852,84,4,1,0.645632774,0.495903874,,,,
1_00336.mp4,1,4.357298475,140.4761905,5,1,0.573635986,0.215059222,,,,
1_00337.mp4,1,32.17391304,131.5789474,4,1,0.866899604,1.670728124,,,,
1_00338.mp4,1,6.094182825,130.7692308,2,1,0.752381711,0.95848591,,,,
1_00339.mp4,1,30,181.8181818,0,1,0.552310367,0.119920123,,,,
1_00340.mp4,1,4.662004662,127.027027,9,1,0.727805857,0.855942643,,,,
1_00341.mp4,1,39.14893617,161.1111111,1,1,0.805906823,1.245892462,,,,
1_00342.mp4,1,25.38071066,254.5454545,1,1,0.754187928,0.976977336,,,,
1_00343.mp4,1,38.62068966,85.71428571,6,1,0.825181101,1.351706386,,,,
1_00344.mp4,1,33.06451613,131.8181818,5,1,0.9372668,2.443023558,,,,
1_00345.mp4,1,17.79661017,95.65217391,1,1,0.909136703,2.040313549,,,,
1_00346.mp4,1,21.09090909,130.7692308,1,1,0.882251723,1.805866271,,,,
1_00347.mp4,1,37.96296296,150,1,0,0.628773903,-0.550065444,,,,
1_00348.mp4,1,41.42011834,105.5555556,4,1,0.973699377,3.281749764,,,,
1_00349.mp4,1,32.17391304,126.3157895,4,1,0.730157949,0.843628145,,,,
1_00350.mp4,1,26.73267327,136.8421053,1,1,0.58453653,0.255622521,,,,
1_00351.mp4,1,0.806451613,134.0909091,1,1,0.938935578,2.435080016,,,,
1_00352.mp4,1,28.93081761,190.9090909,1,0,0.706510924,-0.874294546,,,,
1_00353.mp4,1,4,89.70588235,8,1,0.875566268,1.747964313,,,,
1_00354.mp4,1,37.87878788,92.30769231,2,0,0.5,-0.064424061,,,,
1_00355.mp4,1,20.87912088,90,3,1,0.885943775,1.821595408,,,,
1_00356.mp4,1,16.88311688,161.5384615,0,1,0.793266241,1.189273626,,,,
1_00357.mp4,1,8.219178082,88.63636364,7,1,0.847538705,1.501551203,,,,
1_00358.mp4,1,14.81481481,100,0,1,0.902655069,1.970504503,,,,
1_00359.mp4,1,34.9112426,134.4827586,4,1,0.892238268,1.866596376,,,,
1_00360.mp4,1,21.59383033,93.61702128,5,1,0.775593798,1.065915793,,,,
1_00361.mp4,1,38.88888889,92.85714286,2,1,0.679109102,0.625380192,,,,
1_00362.mp4,1,25.92592593,100,0,0,0.93405267,-2.5063459,,,,
1_00363.mp4,1,34.14634146,103.8461538,3,1,0.680318616,0.62460055,,,,
1_00364.mp4,1,2.805611222,104.3478261,9,1,0.851832593,1.530029435,,,,
1_00365.mp4,1,49.04214559,103.8461538,9,1,0.549891899,0.132594163,,,,
1_00366.mp4,1,24.3902439,139.2857143,3,1,0.964499323,2.958373263,,,,
1_00367.mp4,1,39.43661972,163.6363636,1,1,0.856054746,1.576114229,,,,
1_00368.mp4,1,30.03952569,96.77419355,1,1,0.639578626,0.450847128,,,,
1_00369.mp4,1,26.95035461,115.3846154,1,1,0.684585557,0.657473351,,,,
1_00370.mp4,1,17.15976331,121.875,2,1,0.758684052,0.989906504,,,,
1_00371.mp4,1,65.45454545,100,5,1,0.942946175,2.530163182,,,,
1_00372.mp4,1,39.73509934,113.3333333,2,0,0.599247612,-0.425754006,,,,
1_00373.mp4,1,32,100,0,1,0.600212153,0.313901174,,,,
1_00374.mp4,1,20.83333333,110.5263158,0,0,0.813599847,-1.407917337,,,,
1_00375.mp4,1,12.72727273,175,0,1,0.879489264,1.750892567,,,,
1_00376.mp4,1,30.3030303,100,0,1,0.791815306,1.165188548,,,,
1_00377.mp4,1,23.52941176,137.037037,2,1,0.644804374,0.49256329,,,,
1_00378.mp4,1,18.09045226,100,2,1,0.942270642,2.489969093,,,,
1_00379.mp4,1,17.1875,145,1,0,0.545866715,-0.227816872,,,,
1_00380.mp4,1,3.298969072,85.71428571,8,1,0.803680017,1.248960149,,,,
1_00381.mp4,1,38.26086957,133.3333333,1,1,0.693446223,0.69564737,,,,
1_00382.mp4,1,49.62406015,100,10,1,0.87458155,1.709184922,,,,
1_00383.mp4,1,58.92857143,100,3,0,0.704315078,-0.855613342,,,,
1_00384.mp4,1,25.92592593,118.1818182,0,1,0.869260188,1.689715094,,,,
1_00385.mp4,1,49.35064935,84.21052632,3,1,0.943703223,2.54325136,,,,
1_00386.mp4,1,1.884253028,93.58974359,14,1,0.693189663,0.67916774,,,,
1_00387.mp4,1,17.91044776,93.10344828,2,1,0.908381996,2.031957973,,,,
1_00388.mp4,1,47.2361809,100,0,1,0.704404228,0.727759751,,,,
1_00389.mp4,1,28.14814815,90.32258065,3,0,0.543887224,-0.22734173,,,,
1_00390.mp4,1,22.34042553,95.83333333,1,1,0.521022856,0.012362504,,,,
1_00391.mp4,1,28.49740933,97.2972973,2,1,0.992382094,4.37656676,,,,
1_00392.mp4,1,15.78947368,105.4054054,0,0,0.753565707,-1.083989254,,,,
1_00393.mp4,1,30.04694836,100,0,1,0.954919664,2.765741406,,,,
1_00394.mp4,1,21.42857143,100,0,1,0.967040868,3.029065882,,,,
1_00395.mp4,1,4.016064257,127.9069767,7,1,0.60153975,0.324677316,,,,
1_00396.mp4,1,34.88372093,100,0,0,0.571847792,-0.32868457,,,,
1_00397.mp4,1,41.83673469,85.71428571,7,1,0.677316874,0.612045146,,,,
1_00398.mp4,1,12.63157895,133.3333333,1,1,0.7944369,1.195870748,,,,
1_00399.mp4,1,33.13609467,123.5294118,1,1,0.579595308,0.220853086,,,,
1_00400.mp4,1,32.78688525,209.0909091,1,1,0.55836252,0.150503306,,,,
1_00401.mp4,1,20.99447514,94.11764706,1,1,0.726944731,0.828812457,,,,
1_00402.mp4,1,32.94117647,113.0434783,1,1,0.808474808,1.249312455,,,,
1_00403.mp4,1,19.35483871,170,2,0,0.795120048,-1.300761543,,,,
1_00404.mp4,1,30.05780347,184.6153846,0,1,0.716355182,0.777950664,,,,
1_00405.mp4,1,28.87700535,95.83333333,1,0,0.75655791,-1.098926474,,,,
1_00406.mp4,1,30.85714286,78.26086957,5,1,0.953262836,2.730770246,,,,
1_00407.mp4,1,21.42857143,115,1,1,0.918630187,2.151184343,,,,
1_00408.mp4,1,12.61261261,161.1111111,1,1,0.789859601,1.154309349,,,,
1_00409.mp4,1,43.00341297,96.2962963,1,1,0.771531167,1.045614543,,,,
1_00410.mp4,1,69.51219512,42.10526316,11,1,0.580182685,0.231499844,,,,
1_00411.mp4,1,2.754820937,150,6,1,0.799827528,1.21055892,,,,
1_00412.mp4,1,43.47826087,93.33333333,3,0,0.595965946,-0.420525256,,,,
1_00413.mp4,1,43.29004329,135,4,1,0.754083719,0.966917818,,,,
1_00414.mp4,1,25.80645161,143.75,1,1,0.734141542,0.885685599,,,,
1_00415.mp4,1,49.30232558,92.30769231,4,1,0.857553038,1.571937677,,,,
1_00416.mp4,1,11.98156682,221.4285714,0,1,0.94695563,2.588325235,,,,
1_00417.mp4,1,17.1875,191.3043478,0,1,0.804369937,1.225204015,,,,
1_00418.mp4,1,43,79.16666667,6,1,0.834943119,1.415125214,,,,
1_00419.mp4,1,33.1838565,109.0909091,2,1,0.677166432,0.611417508,,,,
1_00420.mp4,1,13.48314607,100,0,1,0.956539311,2.801131487,,,,
1_00421.mp4,1,2.739726027,100,0,1,0.905805245,2.029915418,,,,
1_00422.mp4,1,25.40983607,108,0,1,0.90642745,2.036664835,,,,
1_00423.mp4,1,34.51327434,250,2,1,0.666040227,0.579382188,,,,
1_00424.mp4,1,39.17525773,118.1818182,0,0,0.543343989,-0.222719309,,,,
1_00425.mp4,1,29.6819788,130.7692308,1,0,0.778048565,-1.22430805,,,,
1_00426.mp4,1,26.92307692,106.6666667,1,0,0.558550663,-0.288981807,,,,
1_00427.mp4,1,49.03846154,90,4,0,0.746559363,-1.049482968,,,,
1_00428.mp4,1,1.252609603,113.3333333,4,1,0.830670591,1.387013059,,,,
1_00429.mp4,1,34.66666667,88.23529412,2,0,0.589081809,-0.394049982,,,,
1_00430.mp4,1,35.19313305,131.5789474,4,1,0.829652886,1.392574887,,,,
1_00431.mp4,1,28.08988764,207.6923077,1,0,0.557788275,-0.286128626,,,,
1_00432.mp4,1,29.14572864,105.8823529,1,1,0.741157094,0.893201698,,,,
1_00433.mp4,1,38.17427386,135,5,1,0.904755288,2.024706376,,,,
1_00434.mp4,1,30.67484663,100,0,0,0.85957343,-1.716312566,,,,
1_00435.mp4,1,32.95454545,91.66666667,2,1,0.767353976,1.023024398,,,,
1_00436.mp4,1,2.402402402,144.4444444,4,1,0.72620418,0.842571031,,,,
1_00437.mp4,1,22.78481013,120,1,0,0.609820383,-0.479684173,,,,
1_00438.mp4,1,11.41439206,98.61111111,1,1,0.580631369,0.231214232,,,,
1_00439.mp4,1,45.19774011,94.73684211,1,1,0.910970638,2.060882601,,,,
1_00440.mp4,1,7.824726135,99.17355372,1,1,0.845873552,1.513044688,,,,
1_00441.mp4,1,38.0952381,111.7647059,0,1,0.556134655,0.134052797,,,,
1_00442.mp4,1,31.27272727,122.2222222,2,1,0.908507022,2.065616792,,,,
1_00443.mp4,1,1.820546164,107.6923077,5,1,0.703709562,0.731620521,,,,
1_00444.mp4,1,27.90697674,91.30434783,2,1,0.987246773,3.94062075,,,,
1_00445.mp4,1,36.04651163,142.8571429,2,1,0.733780403,0.883978258,,,,
1_00446.mp4,1,36.36363636,90.47619048,2,1,0.542260486,0.090301552,,,,
1_00447.mp4,1,16.86746988,200,0,0,0.679846305,-0.747326384,,,,
1_00448.mp4,1,11.32897603,98.82352941,1,1,0.600957198,0.316667823,,,,
1_00449.mp4,1,12.27621483,98.5915493,1,1,0.911239789,2.090282309,,,,
1_00450.mp4,1,26.36363636,105.5555556,2,1,0.521164411,0.013120473,,,,
1_00451.mp4,1,8.126410835,98.91304348,1,0,0.52333936,-0.138331955,,,,
1_00452.mp4,1,20.66115702,136.3636364,1,1,0.864570409,1.641246775,,,,
1_00453.mp4,1,18.75,127.2727273,4,0,0.809369843,-1.400215291,,,,
1_00454.mp4,1,27.80748663,102.7027027,0,1,0.67824315,0.615912904,,,,
1_00455.mp4,1,29.7029703,110,0,1,0.95268703,2.712702934,,,,
1_00456.mp4,1,37.33333333,106.6666667,2,1,0.832092437,1.40853093,,,,
1_00457.mp4,1,24.03433476,104,0,0,0.774068021,-1.2032784,,,,
1_00458.mp4,1,28.57142857,94.11764706,3,1,0.815995019,1.322694164,,,,
1_00459.mp4,1,36.92307692,190,2,1,0.83349926,1.434354972,,,,
1_00460.mp4,1,12.09302326,100,0,1,0.594377227,0.298064251,,,,
1_00461.mp4,1,38.53211009,100,0,0,0.925195033,-2.379577198,,,,
1_00462.mp4,1,24.8447205,89.47368421,2,1,0.940680007,2.463429205,,,,
1_00463.mp4,1,2.276422764,122.0338983,5,0,0.5,-0.056454055,,,,
1_00464.mp4,1,28.57142857,115.7894737,0,0,0.849188026,-1.656978867,,,,
1_00465.mp4,1,50.54945055,135.7142857,4,1,0.753859839,0.956580063,,,,
1_00466.mp4,1,49.09090909,113.3333333,10,1,0.966819972,3.010321409,,,,
1_00467.mp4,1,29.54545455,90.90909091,2,1,0.669560964,0.579882957,,,,
1_00468.mp4,1,20.89552239,240,0,1,0.940313993,2.473036835,,,,
1_00469.mp4,1,34.12322275,123.8095238,2,1,0.687643429,0.651866826,,,,
1_00470.mp4,1,31.79916318,136.3636364,1,1,0.739557037,0.887617719,,,,
1_00471.mp4,1,7.692307692,195.8333333,0,1,0.744539261,0.911350801,,,,
1_00472.mp4,1,26.37362637,100,0,1,0.858259919,1.609612689,,,,
1_00473.mp4,1,22.51655629,100,0,1,0.613510309,0.355018553,,,,
1_00474.mp4,1,29.87012987,105.5555556,1,1,0.855045651,1.553399429,,,,
1_00475.mp4,1,7.052896725,100,0,1,0.896644521,1.934918885,,,,
1_00476.mp4,1,34.96932515,138.4615385,4,1,0.92099599,2.173948917,,,,
1_00477.mp4,1,33.54037267,157.1428571,1,1,0.644127469,0.475899889,,,,
1_00478.mp4,1,39.28571429,109.0909091,0,1,0.905207901,1.997484025,,,,
1_00479.mp4,1,9.809264305,92.5,4,1,0.896351306,1.90166014,,,,
1_00480.mp4,1,25.28735632,100,0,0,0.683464574,-0.774119679,,,,
1_00481.mp4,1,3.980099502,179.1666667,10,1,0.664748267,0.565368701,,,,
1_00482.mp4,1,18.3745583,98.14814815,1,1,0.87006105,1.66873266,,,,
1_00483.mp4,1,17.16738197,122.7272727,0,1,0.899387503,1.950838378,,,,
1_00484.mp4,1,34.54545455,100,0,1,0.578010575,0.214987433,,,,
1_00485.mp4,1,1.587301587,125,5,0,0.721891203,-0.932708785,,,,
1_00486.mp4,1,2.481389578,97.36842105,8,1,0.963792783,2.970669845,,,,
1_00487.mp4,1,6.756756757,215.1515152,3,0,0.552927719,-0.254233999,,,,
1_00488.mp4,1,8.830022075,98.8372093,1,1,0.847045442,1.510610648,,,,
1_00489.mp4,1,33.96226415,135.7142857,1,1,0.56594563,0.19227358,,,,
1_00490.mp4,1,15.71428571,172.7272727,0,1,0.875486705,1.716769956,,,,
1_00491.mp4,1,17.41573034,128.5714286,8,1,0.679294678,0.616433548,,,,
1_00492.mp4,1,21.62162162,100,0,1,0.611995713,0.35760463,,,,
1_00493.mp4,1,34.63687151,111.1111111,3,0,0.60036672,-0.435891576,,,,
1_00494.mp4,1,50.26737968,73.68421053,6,1,0.902588299,1.969807427,,,,
1_00495.mp4,1,19.04761905,125,0,1,0.746797762,0.931090617,,,,
1_00496.mp4,1,43.75,85.71428571,4,0,0.578780228,-0.352137548,,,,
1_00497.mp4,1,24.19354839,205.5555556,3,1,0.646497663,0.505267732,,,,
1_00498.mp4,1,15.51020408,173.6842105,1,1,0.77295575,1.063190078,,,,
1_00499.mp4,1,14.28571429,162.5,0,1,0.663723575,0.575666891,,,,
1_00500.mp4,1,33.04347826,131.5789474,1,1,0.873981591,1.717393908,,,,
1_00501.mp4,1,4.511278195,135.2941176,4,0,0.670389221,-0.733990744,,,,
1_00502.mp4,1,32.51231527,95.45454545,1,1,0.801669334,1.221177961,,,,
1_00503.mp4,1,22.30215827,156.5217391,0,0,0.840641447,-1.59299239,,,,
1_00504.mp4,1,30.90909091,250,0,1,0.697958754,0.69636983,,,,
1_00505.mp4,1,30.55555556,130.7692308,1,1,0.885272823,1.797840845,,,,
1_00506.mp4,1,40.625,85.71428571,3,1,0.780228815,1.10177972,,,,
1_00507.mp4,1,56.57894737,72.22222222,7,1,0.88876043,1.865060217,,,,
1_00508.mp4,1,50.37593985,81.48148148,6,1,0.967298541,3.074371786,,,,
1_00509.mp4,1,29.16666667,225,4,1,0.800813463,1.21623429,,,,
1_00510.mp4,1,12.71676301,100,0,0,0.89623681,-2.052251364,,,,
1_00511.mp4,1,36.28318584,133.3333333,3,1,0.957940564,2.826574246,,,,
1_00512.mp4,1,6.767794632,99.3902439,1,1,0.968570565,3.074194547,,,,
1_00513.mp4,1,47.85276074,117.6470588,3,1,0.852529866,1.560917785,,,,
1_00514.mp4,1,29.77346278,135.7142857,1,1,0.96510462,3.006030059,,,,
1_00515.mp4,1,2.90275762,103.125,13,1,0.848137448,1.529132946,,,,
1_00516.mp4,1,33.56164384,112,7,1,0.849616308,1.514152428,,,,
1_00517.mp4,1,17.35159817,340,1,1,0.836915826,1.426688399,,,,
1_00518.mp4,1,41.22807018,121.0526316,1,1,0.801267485,1.228950273,,,,
1_00519.mp4,1,29.11392405,116.6666667,0,1,0.88876043,1.865060217,,,,
1_00520.mp4,1,42.15686275,137.5,3,1,0.92303964,2.206762502,,,,
1_00521.mp4,1,30.35714286,123.8095238,0,0,0.73590857,-0.998210998,,,,
1_00522.mp4,1,1.298701299,111.1111111,1,1,0.66674107,0.573617178,,,,
1_00523.mp4,1,13.39285714,125,2,1,0.705173787,0.738098006,,,,
1_00524.mp4,1,34.83870968,94.44444444,1,0,0.64409006,-0.613955854,,,,
1_00525.mp4,1,31,105.5555556,2,1,0.68660375,0.672012375,,,,
1_00526.mp4,1,25.48476454,97.6744186,6,0,0.641278706,-0.601762886,,,,
1_00527.mp4,1,39.70588235,160,2,1,0.637810682,0.458637489,,,,
1_00528.mp4,1,37.17948718,100,0,1,0.695739247,0.690125358,,,,
1_00529.mp4,1,1.317957166,96.875,3,1,0.950301272,2.651664401,,,,
1_00530.mp4,1,32.46753247,100,1,1,0.902674129,1.965422492,,,,
1_00531.mp4,1,34.07407407,94.11764706,2,1,0.861124708,1.601606399,,,,
1_00532.mp4,1,38.31775701,109.5238095,4,1,0.775735612,1.093576482,,,,
1_00533.mp4,1,4.356435644,108.1632653,6,1,0.70049932,0.717483343,,,,
1_00534.mp4,1,18.42105263,100,0,1,0.653813051,0.529085126,,,,
1_00535.mp4,1,46.85714286,100,6,1,0.530439516,0.047128734,,,,
1_00536.mp4,1,22.44897959,100,0,1,0.633628757,0.429065552,,,,
1_00537.mp4,1,2.157164869,100,13,1,0.734809265,0.888846265,,,,
1_00538.mp4,1,17.58241758,185.7142857,0,0,0.664138207,-0.698966399,,,,
1_00539.mp4,1,23.85321101,104.5454545,2,0,0.509364032,-0.02328305,,,,
1_00540.mp4,1,26.45502646,162.5,2,1,0.981445523,3.570553704,,,,
1_00541.mp4,1,31.95266272,130.7692308,2,1,0.893671516,1.911777604,,,,
1_00542.mp4,1,29.78723404,122.2222222,2,1,0.877678464,1.765960227,,,,
1_00543.mp4,1,8.146639511,124.4897959,3,1,0.959492394,2.869026562,,,,
1_00544.mp4,1,21.78217822,122.2222222,0,1,0.738745588,0.881696932,,,,
1_00545.mp4,1,35.2,115.3846154,0,1,0.815011268,1.287855923,,,,
1_00546.mp4,1,21.59090909,100,0,1,0.545227942,0.109461786,,,,
1_00547.mp4,1,42.79069767,175,3,1,0.747553783,0.934776143,,,,
1_00548.mp4,1,34.30962343,92.30769231,7,1,0.884640516,1.821188891,,,,
1_00549.mp4,1,31.63265306,156.25,1,1,0.900096363,1.958071177,,,,
1_00550.mp4,1,19.29824561,116,1,1,0.868687906,1.673988063,,,,
1_00551.mp4,1,24.79338843,300,0,1,0.702493539,0.741172319,,,,
1_00552.mp4,1,7.052896725,100,0,1,0.896644521,1.934918885,,,,
1_00553.mp4,1,11.39896373,98.63013699,1,1,0.783889981,1.110777017,,,,
1_00554.mp4,1,31.86813187,123.5294118,2,0,0.712426661,-0.891422718,,,,
1_00555.mp4,1,19.21708185,289.4736842,1,1,0.686407935,0.656418909,,,,
1_00556.mp4,1,21.90812721,93.93939394,2,1,0.741257569,0.90430053,,,,
1_00557.mp4,1,51.3368984,100,4,0,0.515525017,-0.120772078,,,,
1_00558.mp4,1,30.39215686,100,0,1,0.750954465,0.940676702,,,,
1_00559.mp4,1,16.30094044,100,0,1,0.856640098,1.591378034,,,,
1_00560.mp4,1,5.128205128,111.627907,6,1,0.939909377,2.466409313,,,,
1_00561.mp4,1,46.32768362,100,1,1,0.982546729,3.66258869,,,,
1_00562.mp4,1,17.64705882,94.44444444,3,1,0.693119452,0.70012909,,,,
1_00563.mp4,1,47.27272727,122.2222222,2,1,0.864966076,1.644356055,,,,
1_00564.mp4,1,34.33476395,100,2,1,0.750309491,0.963709823,,,,
1_00565.mp4,1,5.089058524,113.8888889,4,1,0.827300781,1.377360958,,,,
1_00566.mp4,1,24.43181818,102.8571429,2,1,0.806782041,1.238988747,,,,
1_00567.mp4,1,38.88888889,112.5,1,1,0.95411591,2.702278876,,,,
1_00568.mp4,1,3.780068729,100,16,1,0.846855282,1.526015853,,,,
1_00569.mp4,1,30.15075377,90.90909091,2,1,0.755316849,0.962214144,,,,
1_00570.mp4,1,37.5,83.67346939,10,0,0.604594731,-0.454052113,,,,
1_00571.mp4,1,26.81564246,85,3,0,0.877586072,-1.860411041,,,,
1_00572.mp4,1,27.35042735,100,0,0,0.5,-0.064567756,,,,
1_00573.mp4,1,8.495575221,99.14529915,1,1,0.883799264,1.819675905,,,,
1_00574.mp4,1,6.930693069,2100,0,1,0.901875576,1.988192803,,,,
1_00575.mp4,1,40.69264069,88,7,1,0.821752248,1.342106142,,,,
1_00576.mp4,1,38.32335329,94.11764706,2,0,0.5,-0.054620556,,,,
1_00577.mp4,1,30.06535948,161.5384615,0,1,0.619083924,0.375586981,,,,
1_00578.mp4,1,30.86419753,125,0,1,0.79805049,1.200381957,,,,
1_00579.mp4,1,25.1497006,94.73684211,1,1,0.692858112,0.684176486,,,,
1_00580.mp4,1,31.49606299,100,0,1,0.938818281,2.44874367,,,,
1_00581.mp4,1,49.75124378,105.2631579,3,1,0.885328904,1.833484698,,,,
1_00582.mp4,1,12.56281407,98.7012987,1,1,0.758450231,0.979276917,,,,
1_00583.mp4,1,34.25414365,131.5789474,1,1,0.884698493,1.827774262,,,,
1_00584.mp4,1,29.57746479,130.7692308,0,1,0.933397431,2.365120885,,,,
1_00585.mp4,1,5.555555556,666.6666667,0,1,0.852293044,1.535691875,,,,
1_00586.mp4,1,26.86567164,100,0,1,0.888024609,1.85215208,,,,
1_00587.mp4,1,7.547169811,99.07407407,1,1,0.593785462,0.273354956,,,,
1_00588.mp4,1,24.61538462,162.5,1,1,0.543697275,0.096158227,,,,
1_00589.mp4,1,34.43223443,100,3,1,0.82599787,1.385427858,,,,
1_00590.mp4,1,28.57142857,121.4285714,0,1,0.645745671,0.464114975,,,,
1_00591.mp4,1,31.14754098,104.1666667,0,0,0.893484195,-2.00364584,,,,
1_00592.mp4,1,35.80246914,105.8823529,1,1,0.539941909,0.074263294,,,,
1_00593.mp4,1,27.42857143,111.1111111,1,0,0.834412304,-1.554721007,,,,
1_00594.mp4,1,29.62962963,172.7272727,2,1,0.635605245,0.427182012,,,,
1_00595.mp4,1,16.35687732,131.8181818,0,0,0.533725391,-0.196740509,,,,
1_00596.mp4,1,27.74566474,122.5806452,2,1,0.949002494,2.600893016,,,,
1_00597.mp4,1,28.82882883,178.5714286,2,1,0.552209488,0.141202838,,,,
1_00598.mp4,1,2.58302583,94.64285714,5,1,0.851146723,1.527378276,,,,
1_00599.mp4,1,28.04878049,126.6666667,0,1,0.976042092,3.316206314,,,,
1_00600.mp4,1,2.420574887,112.3076923,6,1,0.989112578,4.067314611,,,,
1_00601.mp4,1,29.13907285,106.6666667,0,1,0.888922208,1.860502672,,,,
1_00602.mp4,1,27.77777778,96.96969697,1,1,0.919076399,2.150142398,,,,
1_00603.mp4,1,22.12765957,130.4347826,2,1,0.552064248,0.119010824,,,,
1_00604.mp4,1,27.65957447,233.3333333,0,1,0.836103743,1.422861969,,,,
1_00605.mp4,1,44.8,100,1,1,0.61729168,0.360066011,,,,
1_00606.mp4,1,34.41860465,150,3,1,0.929779721,2.290171713,,,,
1_00607.mp4,1,34.43708609,106.25,0,1,0.966498437,3.045030875,,,,
1_00608.mp4,1,24.24242424,146.1538462,0,1,0.61220823,0.358391627,,,,
1_00609.mp4,1,29.95594714,100,0,1,0.87172478,1.709853379,,,,
1_00610.mp4,1,23.93162393,183.3333333,0,1,0.760593417,0.999535115,,,,
1_00611.mp4,1,2.346041056,142.8571429,6,1,0.733292348,0.858187741,,,,
1_00612.mp4,1,34.63687151,117.6470588,4,0,0.510331522,-0.034710468,,,,
1_00613.mp4,1,23.44827586,138.4615385,1,0,0.512390067,-0.109326743,,,,
1_00614.mp4,1,21.85430464,150,5,1,0.566722662,0.17321121,,,,
1_00615.mp4,1,16.41025641,100,0,1,0.719309935,0.794038183,,,,
1_00616.mp4,1,39.42307692,88,3,1,0.822399343,1.334146242,,,,
1_00617.mp4,1,30.10752688,96,1,1,0.812379471,1.300666961,,,,
1_00618.mp4,1,20.65217391,105.2631579,3,1,0.902388986,1.993557626,,,,
1_00619.mp4,1,20,131.5789474,1,1,0.601689002,0.308559978,,,,
1_00620.mp4,1,28.98550725,131.5789474,0,0,0.644956007,-0.629408559,,,,
1_00621.mp4,1,47.61904762,114.2857143,2,1,0.683323292,0.633468949,,,,
1_00622.mp4,1,34.67741935,90,3,0,0.541594816,-0.225851772,,,,
1_00623.mp4,1,4.580152672,134.2105263,8,1,0.685320456,0.65176992,,,,
1_00624.mp4,1,10.57692308,115.7894737,2,1,0.824390577,1.375161384,,,,
1_00625.mp4,1,20.73170732,161.5384615,1,1,0.732031806,0.869806813,,,,
1_00626.mp4,1,11.11111111,126.6666667,2,1,0.541523116,0.088111001,,,,
1_00627.mp4,1,31.13772455,92.68292683,3,1,0.683191755,0.642694745,,,,
1_00628.mp4,1,41.25560538,122.2222222,4,1,0.557633624,0.146695876,,,,
1_00629.mp4,1,15.23809524,100,0,1,0.950164079,2.668414342,,,,
1_00630.mp4,1,25.09505703,100,0,1,0.608662643,0.334117434,,,,
1_00631.mp4,1,27.70562771,150,0,1,0.827874631,1.368919452,,,,
1_00632.mp4,1,28.50574713,92,4,0,0.631565453,-0.561577415,,,,
1_00633.mp4,1,29.71428571,90.90909091,2,1,0.926173064,2.281537902,,,,
1_00634.mp4,1,45.38461538,85.18518519,4,1,0.888530578,1.827417217,,,,
1_00635.mp4,1,21.62162162,129.4117647,0,1,0.979564683,3.514103756,,,,
1_00636.mp4,1,27.17391304,178.5714286,1,1,0.635375709,0.43150666,,,,
1_00637.mp4,1,29.23976608,208.3333333,3,1,0.824832485,1.361569811,,,,
1_00638.mp4,1,34.72222222,123.0769231,0,0,0.756480837,-1.098540168,,,,
1_00639.mp4,1,36.19047619,120,3,0,0.71237046,-0.900477515,,,,
1_00640.mp4,1,29.45205479,134.6153846,2,1,0.965835842,3.032533551,,,,
1_00641.mp4,1,23.07692308,133.3333333,1,1,0.937816879,2.445555586,,,,
1_00642.mp4,1,30.92783505,115.3846154,3,0,0.562936931,-0.298646299,,,,
1_00643.mp4,1,26.59574468,91.66666667,2,1,0.89084114,1.848858916,,,,
1_00644.mp4,1,19.68503937,124,4,1,0.91077461,2.052789812,,,,
1_00645.mp4,1,43.24324324,117.6470588,2,1,0.651771915,0.502864318,,,,
1_00646.mp4,1,31.39931741,88.57142857,6,1,0.846940506,1.497317755,,,,
1_00647.mp4,1,7.594936709,99,1,1,0.525213119,0.041106937,,,,
1_00648.mp4,1,32.5443787,97.61904762,1,1,0.893940569,1.882947712,,,,
1_00649.mp4,1,14.81481481,100,0,0,0.614987289,-0.50032436,,,,
1_00650.mp4,1,9.456264775,98.75,1,1,0.594284913,0.291878389,,,,
1_00651.mp4,1,20.40816327,94.44444444,1,0,0.925206235,-2.382035426,,,,
1_00652.mp4,1,35.29411765,92.85714286,1,1,0.532353903,0.054202353,,,,
1_00653.mp4,1,8.88030888,97.6744186,2,1,0.880543561,1.784749503,,,,
1_00654.mp4,1,34.17721519,111.1111111,1,1,0.733395812,0.882161654,,,,
1_00655.mp4,1,35.75757576,84.21052632,7,1,0.664381667,0.558618756,,,,
1_00656.mp4,1,33.02180685,114.2857143,4,1,0.743872088,0.908155299,,,,
1_00657.mp4,1,12.20657277,110,1,1,0.64023717,0.444074459,,,,
1_00658.mp4,1,38.80597015,103.7037037,3,1,0.939404024,2.477168426,,,,
1_00659.mp4,1,40.13157895,154.1666667,5,1,0.830161377,1.395885702,,,,
1_00660.mp4,1,46.06741573,90,3,1,0.636300647,0.453097633,,,,
1_00661.mp4,1,4.347826087,92.20779221,7,1,0.805778128,1.245135933,,,,
1_00662.mp4,1,23.4939759,100,0,1,0.889537626,1.8547672,,,,
1_00663.mp4,1,29.94011976,96.15384615,1,1,0.666465567,0.56715457,,,,
1_00664.mp4,1,23.01369863,125,1,1,0.680462405,0.625203536,,,,
1_00665.mp4,1,40.87591241,145.4545455,3,1,0.908220062,2.062434633,,,,
1_00666.mp4,1,19.20529801,114.8148148,0,1,0.986495417,3.867049619,,,,
1_00667.mp4,1,22.59136213,119.2307692,1,1,0.810102311,1.286959618,,,,
1_00668.mp4,1,31.43812709,128,2,0,0.5,-0.07071367,,,,
1_00669.mp4,1,15.15151515,96.61016949,2,1,0.957455487,2.801927346,,,,
1_00670.mp4,1,42.92682927,76,6,1,0.927426767,2.292484095,,,,
1_00671.mp4,1,39.38618926,97.22222222,4,0,0.687115277,-0.781506178,,,,
1_00672.mp4,1,50.24630542,117.6470588,3,1,0.880989885,1.794722789,,,,
1_00673.mp4,1,31.91489362,160,2,1,0.991468219,4.272396531,,,,
1_00674.mp4,1,40,85.71428571,3,1,0.887547291,1.8538008,,,,
1_00675.mp4,1,5.176470588,126.4705882,6,1,0.671982595,0.59543166,,,,
1_00676.mp4,1,43.58974359,91.66666667,2,1,0.874750487,1.741084383,,,,
1_00677.mp4,1,27.13567839,141.1764706,1,1,0.942268627,2.481142653,,,,
1_00678.mp4,1,17.69436997,95.34883721,2,1,0.81008938,1.286882136,,,,
1_00679.mp4,1,6.52173913,102.3255814,3,1,0.873180506,1.694103063,,,,
1_00680.mp4,1,2.358490566,128.9473684,7,1,0.757666556,0.994376769,,,,
1_00681.mp4,1,33.33333333,123.5294118,2,0,0.532022924,-0.176295527,,,,
1_00682.mp4,1,4.824561404,93.18181818,5,1,0.738153022,0.889451069,,,,
1_00683.mp4,1,39.26380368,130.7692308,2,1,0.753508051,0.979536352,,,,
1_00684.mp4,1,22.6993865,126.6666667,7,1,0.601266182,0.323661465,,,,
1_00685.mp4,1,26.58227848,176.9230769,1,1,0.810858225,1.285510996,,,,
1_00686.mp4,1,17.99307958,94.73684211,2,1,0.659955124,0.545627789,,,,
1_00687.mp4,1,29.44785276,95,2,1,0.707470728,0.741230495,,,,
1_00688.mp4,1,34.59459459,111.1111111,3,1,0.636189854,0.446826169,,,,
1_00689.mp4,1,19.27710843,160,0,1,0.919229933,2.185439371,,,,
1_00690.mp4,1,34.40860215,106.25,2,1,0.751665483,0.964463739,,,,
1_00691.mp4,1,2.770083102,134.4827586,3,1,0.790170199,1.156032198,,,,
1_00692.mp4,1,40.625,103.8461538,6,0,0.5,-0.070405814,,,,
1_00693.mp4,1,30.68181818,95.23809524,1,1,0.818657981,1.310863102,,,,
1_00694.mp4,1,29.59183673,184.6153846,3,0,0.853518012,-1.67924043,,,,
1_00695.mp4,1,26.08695652,88.46153846,3,1,0.777492771,1.087158125,,,,
1_00696.mp4,1,33.49282297,95,2,1,0.827319136,1.393923226,,,,
1_00697.mp4,1,34.06593407,110,1,0,0.813172525,-1.40992652,,,,
1_00698.mp4,1,38.67403315,100,0,0,0.543141614,-0.221973852,,,,
1_00699.mp4,1,43.09392265,86.48648649,5,1,0.943614883,2.5417156,,,,
1_00700.mp4,1,47.65957447,89.47368421,5,1,0.598530356,0.299582759,,,,
1_00701.mp4,1,38.46153846,100,4,1,0.895692528,1.925483453,,,,
1_00702.mp4,1,4.219409283,130.952381,2,1,0.858553813,1.594885837,,,,
1_00703.mp4,1,22.34042553,100,0,0,0.65031435,-0.652115451,,,,
1_00704.mp4,1,47.69874477,100,4,0,0.586655922,-0.376697681,,,,
1_00705.mp4,1,8.23798627,98.7012987,1,1,0.585699235,0.265786486,,,,
1_00706.mp4,1,3.053435115,92.5,8,1,0.86537984,1.647615808,,,,
1_00707.mp4,1,32.0754717,150,0,1,0.626562107,0.394101406,,,,
1_00708.mp4,1,30.27027027,100,0,1,0.941126902,2.470817556,,,,
1_00709.mp4,1,42.05607477,90.90909091,5,1,0.570427101,0.195276539,,,,
1_00710.mp4,1,7.235142119,131.4285714,6,1,0.859347638,1.58537398,,,,
1_00711.mp4,1,45.92592593,93.33333333,1,0,0.89501826,-2.036126134,,,,
1_00712.mp4,1,26.17801047,95.45454545,2,1,0.890372183,1.848932483,,,,
1_00713.mp4,1,18.86792453,100,0,1,0.685284324,0.645508974,,,,
1_00714.mp4,1,18.90547264,100,0,1,0.607822717,0.342141837,,,,
1_00715.mp4,1,37.69633508,110,3,1,0.794718753,1.170110694,,,,
1_00716.mp4,1,24.83660131,158.3333333,1,1,0.872630091,1.717333968,,,,
1_00717.mp4,1,30.70866142,119.2307692,2,1,0.746996262,0.932057582,,,,
1_00718.mp4,1,34.40860215,93.75,3,1,0.785293639,1.145055346,,,,
1_00719.mp4,1,7.587253414,99.2481203,1,1,0.628574544,0.401474008,,,,
1_00720.mp4,1,28.40909091,141.1764706,1,1,0.689587554,0.663772595,,,,
1_00721.mp4,1,6.41025641,146.1538462,1,0,0.789949586,-1.288845387,,,,
1_00722.mp4,1,47.42268041,84.21052632,3,1,0.96566621,2.978027712,,,,
1_00723.mp4,1,43.11926606,100,5,1,0.849318567,1.5268313,,,,
1_00724.mp4,1,22.22222222,185.7142857,0,1,0.884343676,1.79362397,,,,
1_00725.mp4,1,1.587301587,113.0434783,8,1,0.947014312,2.602515693,,,,
1_00726.mp4,1,24.72727273,96.42857143,1,1,0.847419677,1.530030043,,,,
1_00727.mp4,1,36.73469388,121.4285714,2,1,0.535826921,0.066738244,,,,
1_00728.mp4,1,10.23454158,98.9010989,1,1,0.795851304,1.203878429,,,,
1_00729.mp4,1,30.85106383,131.25,2,1,0.831788461,1.394313384,,,,
1_00730.mp4,1,0.464037123,85.71428571,8,1,0.947229659,2.567981648,,,,
1_00731.mp4,1,4.739336493,99.14529915,1,1,0.975175938,3.330255551,,,,
1_00732.mp4,1,30.33707865,112.5,2,1,0.519225243,0.00603733,,,,
1_00733.mp4,1,47.45762712,94.44444444,4,0,0.885195642,-1.948030027,,,,
1_00734.mp4,1,28.98550725,94.44444444,1,0,0.514248645,-0.020316763,,,,
1_00735.mp4,1,31.13207547,100,2,1,0.653792731,0.529002254,,,,
1_00736.mp4,1,1.049868766,143.75,2,1,0.586167029,0.261688741,,,,
1_00737.mp4,1,40.51724138,131.8181818,3,1,0.826912298,1.385302762,,,,
1_00738.mp4,1,47.47474747,95,6,1,0.691860446,0.679862277,,,,
1_00739.mp4,1,20.16806723,130,2,1,0.775836039,1.078366356,,,,
1_00740.mp4,1,1.351351351,123.255814,5,0,0.734895169,-0.99392688,,,,
1_00741.mp4,1,22.80701754,100,0,1,0.799407891,1.208149659,,,,
1_00742.mp4,1,14.47963801,135.2941176,0,1,0.899671205,1.953727618,,,,
1_00743.mp4,1,47.05882353,172.7272727,5,1,0.661214686,0.545696529,,,,
1_00744.mp4,1,2.783300199,98.14814815,9,1,0.582977893,0.239840197,,,,
1_00745.mp4,1,51.92307692,133.3333333,0,1,0.693550962,0.687177168,,,,
1_00746.mp4,1,29.66507177,96.55172414,1,0,0.520779881,-0.134640046,,,,
1_00747.mp4,1,20,236.3636364,1,1,0.879424045,1.750328744,,,,
1_00748.mp4,1,34.57943925,183.3333333,0,1,0.793575439,1.163562626,,,,
1_00749.mp4,1,33.06451613,142.8571429,2,1,0.911264023,2.090558911,,,,
1_00750.mp4,1,35.68075117,142.1052632,3,1,0.661566158,0.552247661,,,,
1_00751.mp4,1,31.05590062,158.3333333,2,1,0.99204287,4.336520934,,,,
1_00752.mp4,1,32.38095238,166.6666667,2,1,0.76837243,1.039316324,,,,
1_00753.mp4,1,19.63190184,209.0909091,1,0,0.757958803,-1.105962565,,,,
1_00754.mp4,1,22.44389027,97.36842105,10,1,0.976923074,3.399322949,,,,
1_00755.mp4,1,35.83333333,88.46153846,4,0,0.642092799,-0.599806492,,,,
1_00756.mp4,1,38.53211009,110,9,1,0.595911851,0.297925353,,,,
1_00757.mp4,1,35.15850144,111.1111111,3,1,0.764021376,1.016954122,,,,
1_00758.mp4,1,32.53588517,115.7894737,0,1,0.538081525,0.067403168,,,,
1_00759.mp4,1,38.05309735,226.6666667,3,1,0.79207917,1.166662076,,,,
1_00760.mp4,1,39.3442623,114.2857143,5,1,0.943696184,2.514344809,,,,
1_00761.mp4,1,1.904761905,128.5714286,0,1,0.807677252,1.244227221,,,,
1_00762.mp4,1,4.444444444,155,2,0,0.690074927,-0.796778288,,,,
1_00763.mp4,1,27.16049383,117.6470588,1,1,0.655060612,0.520752628,,,,
1_00764.mp4,1,33.33333333,100,0,1,0.818291058,1.33086428,,,,
1_00765.mp4,1,37.08609272,100,0,0,0.52201901,-0.144499002,,,,
1_00766.mp4,1,15.73033708,143.3333333,0,1,0.880169829,1.770170824,,,,
1_00767.mp4,1,28.57142857,114.2857143,2,0,0.763688039,-1.145559429,,,,
1_00768.mp4,1,25.6,115.3846154,0,1,0.65018341,0.520192758,,,,
1_00769.mp4,1,29.60893855,97.22222222,1,1,0.863235,1.647847284,,,,
1_00770.mp4,1,25.97402597,120,0,0,0.746552648,-1.049450199,,,,
1_00771.mp4,1,41.11675127,87.75510204,7,1,0.874853027,1.707926984,,,,
1_00772.mp4,1,1.891252955,140,0,1,0.806515539,1.237432804,,,,
1_00773.mp4,1,30.48780488,266.6666667,1,1,0.796859716,1.18205914,,,,
1_00774.mp4,1,40,118.1818182,1,1,0.656976849,0.547894714,,,,
1_00775.mp4,1,21.36752137,92.85714286,2,0,0.777455729,-1.217306012,,,,
1_00776.mp4,1,30.68181818,105.5555556,2,1,0.939688785,2.438722671,,,,
1_00777.mp4,1,10.40189125,98.71794872,1,1,0.788232753,1.161215381,,,,
1_00778.mp4,1,4.675324675,117.9487179,6,0,0.552175789,-0.245650588,,,,
1_00779.mp4,1,26.93602694,164,4,0,0.67123201,-0.743127975,,,,
1_00780.mp4,1,0.824742268,251.6129032,0,0,0.516933214,-0.002723303,,,,
1_00781.mp4,1,30.40935673,114.2857143,1,1,0.831155649,1.38882081,,,,
1_00782.mp4,1,39.53488372,128.5714286,4,1,0.829057048,1.375279686,,,,
1_00783.mp4,1,31.91489362,141.1764706,0,1,0.852053234,1.56345508,,,,
1_00784.mp4,1,38.27751196,146.6666667,2,1,0.880017785,1.768846108,,,,
1_00785.mp4,1,35.83815029,94.11764706,3,0,0.717367914,-0.917680096,,,,
1_00786.mp4,1,41.19601329,87.87878788,11,1,0.783453557,1.12905669,,,,
1_00787.mp4,1,21.81818182,164.7058824,1,1,0.558953934,0.152697009,,,,
1_00788.mp4,1,20.62780269,170.5882353,1,1,0.921135818,2.209405846,,,,
1_00789.mp4,1,33.19838057,116,2,1,0.838984529,1.471254813,,,,
1_00790.mp4,1,43.63636364,100,3,1,0.693069259,0.678651527,,,,
1_00791.mp4,1,29.44785276,118.1818182,5,1,0.917048057,2.125542924,,,,
1_00792.mp4,1,32.59259259,133.3333333,1,1,0.663350636,0.568242444,,,,
1_00793.mp4,1,28.34645669,100,0,1,0.700225122,0.731173699,,,,
1_00794.mp4,1,36.82008368,100,0,1,0.807053038,1.24091848,,,,
1_00795.mp4,1,19.45525292,100,0,1,0.956901478,2.762127507,,,,
1_00796.mp4,1,29.57746479,145.4545455,0,1,0.962943152,2.905772496,,,,
1_00797.mp4,1,25.87064677,95.65217391,1,1,0.599526599,0.300627359,,,,
1_00798.mp4,1,34.66666667,130,3,1,0.639502539,0.450568966,,,,
1_00799.mp4,1,27.33333333,118.5185185,3,1,0.926686792,2.254992796,,,,
1_00800.mp4,1,36.36363636,169.2307692,3,1,0.987284357,3.943374999,,,,
1_00801.mp4,1,16.21621622,109.0909091,0,1,0.955668203,2.745710777,,,,
1_00802.mp4,1,35.1758794,110.5263158,1,1,0.57229627,0.21590486,,,,
1_00803.mp4,1,39.77272727,210,2,1,0.783178132,1.117687227,,,,
1_00804.mp4,1,14.46808511,161.1111111,3,1,0.684888633,0.658769343,,,,
1_00805.mp4,1,19.76744186,129.4117647,1,0,0.720765734,-0.933206921,,,,
1_00806.mp4,1,0.706713781,103.9215686,10,0,0.633595972,-0.582028851,,,,
1_00807.mp4,1,27.04918033,152.6315789,2,0,0.826827924,-1.495375042,,,,
1_00808.mp4,1,4.056795132,110.2040816,7,1,0.742314639,0.924729571,,,,
1_00809.mp4,1,25.1572327,158.3333333,2,1,0.624168892,0.385326145,,,,
1_00810.mp4,1,4.04040404,170.9677419,3,1,0.839390419,1.474025165,,,,
1_00811.mp4,1,40.17857143,100,0,1,0.575130694,0.212740803,,,,
1_00812.mp4,1,33.61344538,121.7391304,3,1,0.571769946,0.200262206,,,,
1_00813.mp4,1,40.68965517,162.5,2,1,0.739713894,0.906289346,,,,
1_00814.mp4,1,37.80487805,266.6666667,1,1,0.838944428,1.441985101,,,,
1_00815.mp4,1,65.96858639,75,7,1,0.931049822,2.315693021,,,,
1_00816.mp4,1,43.2748538,135.7142857,5,1,0.925432338,2.238158914,,,,
1_00817.mp4,1,27.08333333,110.5263158,1,1,0.685304794,0.666445435,,,,
1_00818.mp4,1,28.96174863,115.1515152,2,0,0.565586962,-0.296151606,,,,
1_00819.mp4,1,7.323232323,98.63013699,2,1,0.777128433,1.095022006,,,,
1_00820.mp4,1,41.4893617,100,0,1,0.6703991,0.583339747,,,,
1_00821.mp4,1,28.79377432,131.8181818,2,1,0.957212685,2.796445271,,,,
1_00822.mp4,1,31.75675676,122.2222222,3,1,0.91828355,2.179842692,,,,
1_00823.mp4,1,33.84615385,100,0,1,0.563789141,0.17842483,,,,
1_00824.mp4,1,30.92783505,123.5294118,1,0,0.5,-0.062133298,,,,
1_00825.mp4,1,14.16430595,100,0,1,0.860145575,1.617937219,,,,
1_00826.mp4,1,44.44444444,90,6,1,0.682532419,0.654605189,,,,
1_00827.mp4,1,29.86425339,96,1,0,0.596756507,-0.415985706,,,,
1_00828.mp4,1,39.56043956,111.1111111,2,0,0.53822844,-0.20631002,,,,
1_00829.mp4,1,20.48192771,115.3846154,0,1,0.961795693,2.876842767,,,,
1_00830.mp4,1,4.774535809,105.8823529,5,1,0.829028326,1.376357067,,,,
1_00831.mp4,1,24.24242424,94.44444444,1,1,0.940182663,2.470881069,,,,
1_00832.mp4,1,32.89473684,113.3333333,4,1,0.947529356,2.612046945,,,,
1_00833.mp4,1,17.03470032,111.1111111,1,1,0.859824003,1.588964657,,,,
1_00834.mp4,1,29.54545455,103.3333333,1,0,0.603309685,-0.449033537,,,,
1_00835.mp4,1,25.27472527,192.3076923,1,1,0.691384437,0.686711033,,,,
1_00836.mp4,1,1.869158879,195.4545455,5,1,0.954043145,2.71105002,,,,
1_00837.mp4,1,30.67484663,90.47619048,2,0,0.610006905,-0.468338579,,,,
1_00838.mp4,1,54.94505495,84.21052632,3,0,0.505052529,-0.091214911,,,,
1_00839.mp4,1,29.5202952,160.8695652,3,1,0.619531782,0.373855893,,,,
1_00840.mp4,1,26.17449664,96.875,1,1,0.908134168,2.029227784,,,,
1_00841.mp4,1,9.090909091,187.5,6,1,0.932166306,2.347016241,,,,
1_00842.mp4,1,28.71794872,91.66666667,2,1,0.794938473,1.182718251,,,,
1_00843.mp4,1,16.09195402,121.4285714,1,1,0.945455005,2.561133565,,,,
1_00844.mp4,1,32.98969072,133.3333333,1,1,0.88555905,1.818098961,,,,
1_00845.mp4,1,18.40193705,93.02325581,3,1,0.925812732,2.270553919,,,,
1_00846.mp4,1,6.934306569,99.01960784,1,1,0.872451004,1.691515592,,,,
1_00847.mp4,1,22.4,100,0,0,0.507459856,-0.045259932,,,,
1_00848.mp4,1,28.05429864,150,2,1,0.73849152,0.882580361,,,,
1_00849.mp4,1,37.17948718,100,2,0,0.656938782,-0.663307078,,,,
1_00850.mp4,1,11.00478469,100,0,1,0.712653715,0.761291011,,,,
1_00851.mp4,1,1.581027668,88.88888889,7,0,0.534064336,-0.188607668,,,,
1_00852.mp4,1,28.87700535,105.2631579,0,1,0.854433795,1.548916243,,,,
1_00853.mp4,1,28.14814815,93.33333333,2,1,0.950383159,2.637070054,,,,
1_00854.mp4,1,12.6984127,766.6666667,0,1,0.740935123,0.902752881,,,,
1_00855.mp4,1,42.34234234,127.7777778,4,1,0.792185332,1.183206569,,,,
1_00856.mp4,1,35.12195122,105.2631579,3,1,0.943655741,2.529445172,,,,
1_00857.mp4,1,2.257336343,225.8064516,2,1,0.879584808,1.765081678,,,,
1_00858.mp4,1,45.66210046,100,6,1,0.744874612,0.931189401,,,,
1_00859.mp4,1,36.92307692,107.1428571,4,1,0.898621484,1.95476308,,,,
1_00860.mp4,1,18.12080537,138.4615385,1,1,0.971916254,3.21318391,,,,
1_00861.mp4,1,11.32897603,98.82352941,1,1,0.604432263,0.31861848,,,,
1_00862.mp4,1,39.2,84.61538462,4,1,0.903705858,1.981531762,,,,
1_00863.mp4,1,51.5625,61.53846154,6,1,0.889913562,1.875863392,,,,
1_00864.mp4,1,4.904632153,150,2,1,0.970641665,3.170963807,,,,
1_00865.mp4,1,13.28903654,125,0,1,0.704082702,0.748203122,,,,
1_00866.mp4,1,29.05982906,150,1,1,0.641494111,0.448652095,,,,
1_00867.mp4,1,0.622083981,109.8360656,1,1,0.879743039,1.766456016,,,,
1_00868.mp4,1,18.47133758,125,5,1,0.620322347,0.388401198,,,,
1_00869.mp4,1,28.57142857,94.11764706,4,0,0.608864062,-0.475881902,,,,
1_00870.mp4,1,35.35911602,100,0,1,0.796480436,1.207453421,,,,
1_00871.mp4,1,27.4368231,111.1111111,0,1,0.946666241,2.557740777,,,,
1_00872.mp4,1,6.564551422,141.4634146,2,1,0.670851437,0.59942177,,,,
1_00873.mp4,1,27.18446602,133.3333333,1,1,0.771520778,1.044578961,,,,
1_00874.mp4,1,44.87179487,105.8823529,2,1,0.808467149,1.277193639,,,,
1_00875.mp4,1,53.21888412,96,6,0,0.980350726,-3.678976333,,,,
1_00876.mp4,1,27.45098039,176.4705882,2,1,0.765649126,1.01428257,,,,
1_00877.mp4,1,2.424242424,119.2982456,6,1,0.969817541,3.099578511,,,,
1_00878.mp4,1,44.44444444,66.66666667,6,1,0.615623942,0.353931406,,,,
1_00879.mp4,1,36.70886076,133.3333333,2,1,0.939663128,2.438309421,,,,
1_00880.mp4,1,32.89473684,116.1290323,4,1,0.8079388,1.257887828,,,,
1_00881.mp4,1,33.97683398,119.047619,1,1,0.961095088,2.907883977,,,,
1_00882.mp4,1,39.08045977,96.2962963,5,1,0.925838121,2.236449042,,,,
1_00883.mp4,1,40.7523511,89.47368421,4,1,0.828760866,1.40325171,,,,
1_00884.mp4,1,9.42408377,1266.666667,0,1,0.866698458,1.658061251,,,,
1_00885.mp4,1,19.8757764,121.4285714,0,1,0.870502525,1.675576534,,,,
1_00886.mp4,1,18.49710983,90,2,1,0.923069157,2.200264285,,,,
1_00887.mp4,1,25,125,0,1,0.970961572,3.181391073,,,,
1_00888.mp4,1,37.95620438,128.5714286,0,0,0.781317424,-1.237993081,,,,
1_00889.mp4,1,12.46612466,98.46153846,1,1,0.914937072,2.121217418,,,,
1_00890.mp4,1,33.33333333,172.7272727,5,1,0.962106268,2.884589794,,,,
1_00891.mp4,1,29.37062937,100,0,1,0.889093348,1.832603286,,,,
1_00892.mp4,1,39.24050633,200,4,1,0.857327218,1.596540873,,,,
1_00893.mp4,1,30.34482759,161.5384615,0,1,0.555865939,0.148967757,,,,
1_00894.mp4,1,33.05785124,112.5,2,1,0.722432655,0.808189997,,,,
1_00895.mp4,1,37.99283154,94.28571429,2,1,0.766536013,1.045472019,,,,
1_00896.mp4,1,39.16666667,152.6315789,3,1,0.53399884,0.06028199,,,,
1_00897.mp4,1,4.295942721,196.6666667,4,1,0.968417421,3.107613209,,,,
1_00898.mp4,1,4.962779156,132.4324324,3,1,0.840379685,1.464153609,,,,
1_00899.mp4,1,20.99447514,100,0,1,0.908688541,2.067634353,,,,
1_00900.mp4,1,22.22222222,94.44444444,1,1,0.528093065,0.030604185,,,,
1_00901.mp4,1,33.33333333,105.2631579,2,1,0.949544276,2.61116688,,,,
1_00902.mp4,1,27.87456446,127.2727273,3,1,0.882506734,1.802072106,,,,
1_00903.mp4,1,46.73913043,100,4,1,0.674266264,0.6049915,,,,
1_00904.mp4,1,25.80645161,100,0,1,0.792157743,1.177082643,,,,
1_00905.mp4,1,32.58426966,141.6666667,1,1,0.891667829,1.861168229,,,,
1_00906.mp4,1,39.00414938,92,2,1,0.692515376,0.682693515,,,,
1_00907.mp4,1,2.597402597,118.6046512,8,1,0.943427577,2.544631053,,,,
1_00908.mp4,1,44.68085106,106.8965517,3,1,0.760302951,1.013621525,,,,
1_00909.mp4,1,7.770961145,98.98989899,1,0,0.821180742,-1.459421262,,,,
1_00910.mp4,1,20.39215686,250,0,1,0.890172777,1.872236717,,,,
1_00911.mp4,1,42.91187739,142.8571429,3,1,0.835543446,1.431420296,,,,
1_00912.mp4,1,3.773584906,111.9047619,3,1,0.623737517,0.392730351,,,,
1_00913.mp4,1,21.31979695,95.45454545,2,1,0.92916578,2.322755562,,,,
1_00914.mp4,1,35.22727273,171.4285714,1,1,0.933940987,2.350012277,,,,
1_00915.mp4,1,24.67532468,100,0,1,0.885742093,1.806224202,,,,
1_00916.mp4,1,42.55319149,100,8,1,0.896032822,1.903366874,,,,
1_00917.mp4,1,19.58041958,107.4074074,0,1,0.91249295,2.10467681,,,,
1_00918.mp4,1,2.277039848,129.5454545,4,1,0.550905313,0.121999477,,,,
1_00919.mp4,1,29.41176471,237.5,1,1,0.798327766,1.217998146,,,,
1_00920.mp4,1,25,120,2,0,0.64991126,-0.650399008,,,,
1_00921.mp4,1,47.36842105,100,0,1,0.890302753,1.848280409,,,,
1_00922.mp4,1,6.396588486,126.6666667,9,0,0.728635708,-0.963960036,,,,
1_00923.mp4,1,10.97046414,93.33333333,12,1,0.682593119,0.630372802,,,,
1_00924.mp4,1,8.979591837,104.4444444,8,1,0.80491326,1.228373008,,,,
1_00925.mp4,1,26.92307692,152.3809524,0,1,0.787744666,1.131249147,,,,
1_00926.mp4,1,53.55191257,89.47368421,2,0,0.718926131,-0.919117881,,,,
1_00927.mp4,1,5.955334988,175.7575758,3,1,0.823305163,1.338825747,,,,
1_00928.mp4,1,33.33333333,103.125,5,1,0.928649156,2.315526575,,,,
1_00929.mp4,1,41.91616766,118.75,6,1,0.754755608,0.97025719,,,,
1_00930.mp4,1,51.2195122,95.83333333,6,1,0.857148309,1.584294722,,,,
1_00931.mp4,1,17.39130435,147.0588235,4,0,0.871986719,-1.813787232,,,,
1_00932.mp4,1,36.73469388,100,0,1,0.636189854,0.446826169,,,,
1_00933.mp4,1,5.905511811,98.14814815,4,1,0.80686356,1.239803357,,,,
1_00934.mp4,1,28.95927602,207.1428571,3,1,0.861637955,1.62941386,,,,
1_00935.mp4,1,21.95121951,200,1,1,0.709133344,0.764784863,,,,
1_00936.mp4,1,23.12138728,110.5263158,0,0,0.563808725,-0.301932336,,,,
1_00937.mp4,1,53.17919075,120,6,1,0.784662098,1.14160385,,,,
1_00938.mp4,1,25.56390977,116.6666667,3,1,0.897182996,1.914748152,,,,
1_00939.mp4,1,35.8974359,113.3333333,1,1,0.840088439,1.448004955,,,,
1_00940.mp4,1,10.85972851,156.5217391,1,1,0.749551139,0.933801942,,,,
1_00941.mp4,1,21.48760331,92.85714286,1,1,0.757675467,0.994421554,,,,
1_00942.mp4,1,39.79057592,86.95652174,3,1,0.870127017,1.70280447,,,,
1_00943.mp4,1,25.92592593,100,0,1,0.723521904,0.830156738,,,,
1_00944.mp4,1,27.77777778,141.6666667,0,1,0.797387568,1.212622521,,,,
1_00945.mp4,1,25.88235294,183.3333333,1,1,0.789715453,1.163462006,,,,
1_00946.mp4,1,19.23076923,161.5384615,2,0,0.658664724,-0.676515623,,,,
1_00947.mp4,1,2.218700475,96.82539683,5,1,0.98018549,3.509019305,,,,
1_00948.mp4,1,8.388520971,100,0,1,0.80700057,1.262506481,,,,
1_00949.mp4,1,38.35616438,79.31034483,6,1,0.748071813,0.946781356,,,,
1_00950.mp4,1,29.41176471,122.2222222,2,1,0.960744094,2.899244649,,,,
1_00951.mp4,1,30.68493151,108.3333333,2,1,0.932776405,2.374688109,,,,
1_00952.mp4,1,19.8757764,100,0,1,0.81432303,1.296213352,,,,
1_00953.mp4,1,33.33333333,78.94736842,4,1,0.803175387,1.229916039,,,,
1_00954.mp4,1,29.37853107,121.4285714,1,0,0.631037133,-0.559394304,,,,
1_00955.mp4,1,34.5276873,132.1428571,5,1,0.983346699,3.671626917,,,,
1_00956.mp4,1,41.29554656,96.2962963,4,1,0.840549079,1.452907709,,,,
1_00957.mp4,1,22.47191011,106.25,1,1,0.91525626,2.104265487,,,,
1_00958.mp4,1,21.59090909,82.60869565,4,1,0.964992483,2.988965852,,,,
1_00959.mp4,1,2.688172043,140,7,1,0.891147072,1.869931838,,,,
1_00960.mp4,1,45.49763033,86.36363636,5,1,0.801669334,1.221177961,,,,
1_00961.mp4,1,47.89473684,100,2,1,0.704137096,0.733509936,,,,
1_00962.mp4,1,31.34328358,212.5,1,1,0.840227064,1.45070871,,,,
1_00963.mp4,1,30.6122449,106.9767442,2,1,0.846329281,1.490955447,,,,
1_00964.mp4,1,39.49579832,135,1,1,0.867668763,1.649626664,,,,
1_00965.mp4,1,1.694915254,171.0526316,6,1,0.936405716,2.395285127,,,,
1_00966.mp4,1,29.85074627,114.2857143,0,1,0.963606218,2.922884473,,,,
1_00967.mp4,1,34.39490446,183.3333333,2,1,0.834028858,1.421327845,,,,
1_00968.mp4,1,4.87012987,135.7142857,15,1,0.563486658,0.16123925,,,,
1_00969.mp4,1,33.49753695,162.5,1,1,0.521691308,0.007047139,,,,
1_00970.mp4,1,3.017241379,286.9565217,1,1,0.821745257,1.329099818,,,,
1_00971.mp4,1,3.765690377,109.3023256,3,1,0.756478861,0.96799451,,,,
1_00972.mp4,1,41.46341463,113.3333333,1,1,0.952471614,2.694950324,,,,
1_00973.mp4,1,33.51351351,141.1764706,1,0,0.694553786,-0.810503657,,,,
1_00974.mp4,1,33.01886792,119.047619,2,1,0.668899617,0.591274389,,,,
1_00975.mp4,1,51.38888889,81.25,5,1,0.580901154,0.24793096,,,,
1_00976.mp4,1,14.39393939,94.11764706,2,0,0.869985206,-1.797543797,,,,
1_00977.mp4,1,17.51824818,115.3846154,0,1,0.58885351,0.277521943,,,,
1_00978.mp4,1,35.43307087,166.6666667,3,1,0.939299061,2.475465381,,,,
1_00979.mp4,1,44.51219512,109.6774194,6,0,0.539499375,-0.211028878,,,,
1_00980.mp4,1,23.11111111,126.3157895,3,1,0.900156761,1.976496535,,,,
1_00981.mp4,1,24.21875,91.66666667,2,1,0.76285597,1.000054596,,,,
1_00982.mp4,1,31.63265306,105.8823529,1,1,0.853422069,1.543932356,,,,
1_00983.mp4,1,5.326231691,98.55072464,2,1,0.573585717,0.205312266,,,,
1_00984.mp4,1,7.142857143,155.1724138,3,0,0.519571766,-0.000747977,,,,
1_00985.mp4,1,8.928571429,99.03846154,1,1,0.683888417,0.654494832,,,,
1_00986.mp4,1,26.5060241,112.5,0,1,0.943587788,2.503526233,,,,
1_00987.mp4,1,45.45454545,111.1111111,6,1,0.575165562,0.212870274,,,,
1_00988.mp4,1,34.22459893,105.2631579,1,1,0.560908611,0.167712816,,,,
1_00989.mp4,1,39.13043478,114.2857143,0,1,0.993818738,4.568475959,,,,
1_00990.mp4,1,32.0441989,176.9230769,2,1,0.974124368,3.244139676,,,,
1_00991.mp4,1,27.97202797,96.2962963,2,1,0.897356616,1.94202737,,,,
1_00992.mp4,1,5.689277899,120.4545455,6,1,0.760572001,0.989866596,,,,
1_00993.mp4,1,40.08714597,90.90909091,4,0,0.534725357,-0.200434512,,,,
1_00994.mp4,1,27.14285714,94.44444444,1,1,0.519937516,0.021592134,,,,
1_00995.mp4,1,16.32653061,100,0,1,0.807316151,1.264375254,,,,
1_00996.mp4,1,1.748251748,96.72131148,6,1,0.886911139,1.83043292,,,,
1_00997.mp4,1,31.57894737,106.25,0,1,0.875872555,1.744506849,,,,
1_00998.mp4,1,45.78313253,88.23529412,6,1,0.904686972,2.006056959,,,,
1_00999.mp4,1,44.75524476,107.1428571,3,1,0.716650391,0.804602606,,,,
1_01000.mp4,1,31.27962085,142.8571429,3,1,0.90107485,1.98596005,,,,
1_01001.mp4,1,29.8136646,100,0,1,0.721006132,0.801713128,,,,
1_01002.mp4,1,32.25806452,100,0,1,0.698860353,0.703609857,,,,
1_01003.mp4,1,8.983451537,97.46835443,2,1,0.878425078,1.772385704,,,,
1_01004.mp4,1,26.19047619,200,0,1,0.904326783,1.982700156,,,,
1_01005.mp4,1,29.20353982,211.7647059,3,1,0.785560733,1.140553127,,,,
1_01006.mp4,1,39.38461538,123.3333333,3,1,0.539607484,0.081022867,,,,
1_01007.mp4,1,23.39181287,90.47619048,2,1,0.87755528,1.734284474,,,,
1_01008.mp4,1,36.69724771,86.20689655,4,1,0.911434987,2.080520041,,,,
1_01009.mp4,1,21.75732218,157.8947368,1,1,0.876970863,1.753849825,,,,
1_01010.mp4,1,22.58064516,117.6470588,0,0,0.791947743,-1.296339654,,,,
1_01011.mp4,1,45.03816794,92.30769231,2,1,0.993069292,4.507816258,,,,
1_01012.mp4,1,3.501094092,87.71929825,7,1,0.925873222,2.277493829,,,,
1_01013.mp4,1,22.02643172,142.1052632,5,1,0.720943999,0.818295336,,,,
1_01014.mp4,1,37.77777778,121.0526316,1,1,0.777314423,1.075011458,,,,
1_01015.mp4,1,18.55670103,221.0526316,3,0,0.672338294,-0.731211943,,,,
1_01016.mp4,1,2.183406114,97.87234043,1,1,0.679051268,0.639815869,,,,
1_01017.mp4,1,31.13207547,173.3333333,1,1,0.666572269,0.581591075,,,,
1_01018.mp4,1,18.18181818,95.83333333,1,0,0.707906491,-0.885429399,,,,
1_01019.mp4,1,45.96273292,120,1,1,0.826310596,1.357755173,,,,
1_01020.mp4,1,29.58579882,270,1,1,0.719324593,0.801701297,,,,
1_01021.mp4,1,25.45454545,100,0,0,0.607215495,-0.469340092,,,,
1_01022.mp4,1,6.984126984,190.4761905,2,1,0.870166772,1.672850753,,,,
1_01023.mp4,1,27.2,108,1,0,0.514690836,-0.018691596,,,,
1_01024.mp4,1,28.15884477,87.5,4,1,0.753723264,0.974665748,,,,
1_01025.mp4,1,22.04081633,152.6315789,1,1,0.775420954,1.091908506,,,,
1_01026.mp4,1,31.25,107.1428571,0,1,0.956176773,2.786902135,,,,
1_01027.mp4,1,33.16582915,105.8823529,0,1,0.842834375,1.468617804,,,,
1_01028.mp4,1,3.382663848,97.95918367,2,1,0.925712313,2.241893185,,,,
1_01029.mp4,1,30.33707865,100,1,1,0.852605048,1.56146859,,,,
1_01030.mp4,1,31.39534884,129.4117647,3,1,0.963826323,2.940470243,,,,
1_01031.mp4,1,13.64829396,110.2564103,1,0,0.786002816,-1.263449197,,,,
1_01032.mp4,1,35.8490566,105.5555556,1,1,0.868823071,1.692219554,,,,
1_01033.mp4,1,4.98960499,100,7,1,0.837674689,1.456343495,,,,
1_01034.mp4,1,18.18181818,129.4117647,0,0,0.591626863,-0.403811198,,,,
1_01035.mp4,1,27.6119403,96.42857143,2,1,0.86023035,1.607635123,,,,
1_01036.mp4,1,32.78688525,100,1,0,0.589645538,-0.407007735,,,,
1_01037.mp4,1,30.08849558,116.6666667,4,1,0.904188574,2.018653492,,,,
1_01038.mp4,1,21.91780822,100,0,1,0.642022313,0.4597755,,,,
1_01039.mp4,1,4.545454545,190.3225806,3,1,0.927398164,2.257388585,,,,
1_01040.mp4,1,22.07792208,97.14285714,1,1,0.96589726,3.028020949,,,,
1_01041.mp4,1,50.46728972,141.1764706,4,1,0.98855771,4.064464807,,,,
1_01042.mp4,1,68.08510638,69.23076923,5,1,0.623305175,0.382157146,,,,
1_01043.mp4,1,15,139.2857143,0,1,0.917625468,2.165661774,,,,
1_01044.mp4,1,32.87671233,87.09677419,4,1,0.780427203,1.102844948,,,,
1_01045.mp4,1,14.28571429,162.5,4,1,0.580287544,0.229950256,,,,
1_01046.mp4,1,49.33333333,86.11111111,8,1,0.884636698,1.792151764,,,,
1_01047.mp4,1,14.52145215,148,0,1,0.55594778,0.149271899,,,,
1_01048.mp4,1,31.34796238,172,4,1,0.70044167,0.732126312,,,,
1_01049.mp4,1,27.41116751,131.25,1,1,0.640487008,0.45416726,,,,
1_01050.mp4,1,17.61658031,140,0,1,0.631299528,0.428860772,,,,
1_01051.mp4,1,45.93301435,117.6470588,3,1,0.923463082,2.22708849,,,,
1_01052.mp4,1,1.462522852,88.23529412,8,0,0.801124091,-1.351933907,,,,
1_01053.mp4,1,32.95019157,122.7272727,3,0,0.618075563,-0.518841299,,,,
1_01054.mp4,1,26.27118644,104.3478261,2,1,0.921996452,2.186567806,,,,
1_01055.mp4,1,39.44636678,81.25,9,1,0.775947604,1.068607021,,,,
1_01056.mp4,1,18.82352941,150,2,0,0.800186212,-1.333021588,,,,
1_01057.mp4,1,3.95480226,151.8518519,4,1,0.571650513,0.199818767,,,,
1_01058.mp4,1,27.09677419,100,0,0,0.519647939,-0.130452559,,,,
1_01059.mp4,1,20.62780269,100,0,1,0.973133311,3.208908886,,,,
1_01060.mp4,1,1.219512195,208.3333333,1,1,0.967895472,3.071550777,,,,
1_01061.mp4,1,19,100,0,1,0.863311484,1.631404583,,,,
1_01062.mp4,1,30.58103976,142.3076923,2,1,0.745065359,0.911995998,,,,
1_01063.mp4,1,47.05882353,166.6666667,2,1,0.696457163,0.708758098,,,,
1_01064.mp4,1,41.8079096,112.5,0,1,0.91525626,2.104265487,,,,
1_01065.mp4,1,7.214428858,104,15,1,0.799428462,1.22431509,,,,
1_01066.mp4,1,26.17801047,115,0,0,0.698660163,-0.844744623,,,,
1_01067.mp4,1,23.00884956,138.0952381,2,1,0.980821705,3.573921859,,,,
1_01068.mp4,1,31.89655172,152.6315789,2,1,0.808017207,1.246221356,,,,
1_01069.mp4,1,39.7515528,125,0,1,0.911883074,2.071259914,,,,
1_01070.mp4,1,35.05154639,91.17647059,5,1,0.909596795,2.071686913,,,,
1_01071.mp4,1,28.98550725,95.65217391,1,1,0.817199199,1.313809322,,,,
1_01072.mp4,1,31.15264798,96.55172414,6,1,0.630312514,0.413124049,,,,
1_01073.mp4,1,27.52293578,110,4,0,0.770984531,-1.178398147,,,,
1_01074.mp4,1,15.71428571,100,0,1,0.592974053,0.278978749,,,,
1_01075.mp4,1,1.93236715,102.5,5,1,0.822744115,1.348344796,,,,
1_01076.mp4,1,26.66666667,161.1111111,1,1,0.840463642,1.4505484,,,,
1_01077.mp4,1,24.37275986,90.90909091,3,1,0.872148677,1.702190973,,,,
1_01078.mp4,1,27.97202797,250,1,1,0.584334361,0.244826274,,,,
1_01079.mp4,1,43.16546763,92.85714286,4,1,0.834604586,1.425155504,,,,
1_01080.mp4,1,15.97222222,156.5217391,0,1,0.582518552,0.231672518,,,,
1_01081.mp4,1,33.33333333,140,2,0,0.547536399,-0.234053874,,,,
1_01082.mp4,1,7.444168734,175,7,1,0.915320772,2.137860537,,,,
1_01083.mp4,1,36.20689655,108.6956522,0,1,0.975487384,3.348492674,,,,
1_01084.mp4,1,17.07317073,100,0,0,0.627316442,-0.544451001,,,,
1_01085.mp4,1,2.06185567,100,2,1,0.655633364,0.527943715,,,,
1_01086.mp4,1,19.76284585,100,4,1,0.821654516,1.34149289,,,,
1_01087.mp4,1,44.95412844,80,5,0,0.917932178,-2.281292533,,,,
1_01088.mp4,1,47.78761062,100,4,0,0.558185501,-0.277624153,,,,
1_01089.mp4,1,42.59259259,120,8,1,0.66993145,0.577268364,,,,
1_01090.mp4,1,32.7176781,110,2,1,0.867810762,1.678022643,,,,
1_01091.mp4,1,32,93.33333333,2,1,0.698410066,0.708329327,,,,
1_01092.mp4,1,40.75829384,141.1764706,8,0,0.576268413,-0.345338655,,,,
1_01093.mp4,1,33.7254902,116.6666667,2,1,0.979813952,3.491605735,,,,
1_01094.mp4,1,39.85507246,93.33333333,5,1,0.963245462,2.913537509,,,,
1_01095.mp4,1,3.99113082,85.10638298,7,1,0.88776346,1.855799265,,,,
1_01096.mp4,1,29.7029703,105,1,1,0.885943775,1.821595408,,,,
1_01097.mp4,1,21.63588391,100,0,1,0.817318304,1.330839178,,,,
1_01098.mp4,1,12.03703704,116.6666667,0,1,0.638218505,0.460133003,,,,
1_01099.mp4,1,5.513784461,171.4285714,5,1,0.899641584,1.971220247,,,,
1_01100.mp4,1,22.87822878,100,0,1,0.665962316,0.560837608,,,,
1_01101.mp4,1,42.98245614,111.1111111,3,0,0.73582361,-0.998277596,,,,
1_01102.mp4,1,35.71428571,300,2,1,0.829595664,1.4086815,,,,
1_01103.mp4,1,26.04651163,150,2,1,0.905378511,1.999310342,,,,
1_01104.mp4,1,18.91891892,141.6666667,0,1,0.953679989,2.71987101,,,,
1_01105.mp4,1,37.55868545,100,0,1,0.961095088,2.907883977,,,,
1_01106.mp4,1,29.21348315,94.73684211,2,0,0.567106965,-0.314385625,,,,
1_01107.mp4,1,2.008032129,109.5238095,2,1,0.914074801,2.123116896,,,,
1_01108.mp4,1,15.05376344,153.3333333,0,1,0.840092354,1.478829497,,,,
1_01109.mp4,1,11.70212766,146.6666667,4,1,0.758651274,0.980277597,,,,
1_01110.mp4,1,34.23423423,133.3333333,1,1,0.774154632,1.069490441,,,,
1_01111.mp4,1,8.75,98.9010989,1,1,0.936439259,2.411225937,,,,
1_01112.mp4,1,31.06060606,100,4,1,0.719592341,0.792628356,,,,
1_01113.mp4,1,25.77319588,116.6666667,0,1,0.537804391,0.074353045,,,,
1_01114.mp4,1,39.55223881,87.5,4,1,0.964544788,2.959594471,,,,
1_01115.mp4,1,45.41484716,80,6,1,0.867282634,1.66271687,,,,
1_01116.mp4,1,4.255319149,86,8,1,0.832248533,1.42007337,,,,
1_01117.mp4,1,23.88059701,115.3846154,0,1,0.888477309,1.862422876,,,,
1_01118.mp4,1,13.73390558,223.5294118,0,1,0.727270186,0.847525761,,,,
1_01119.mp4,1,9.356725146,100,0,1,0.69772846,0.720218887,,,,
1_01120.mp4,1,26.29482072,100,0,1,0.821015782,1.347847963,,,,
1_01121.mp4,1,1.807228916,209.0909091,5,1,0.931591196,2.338663267,,,,
1_01122.mp4,1,31.11111111,93.93939394,2,1,0.766039135,1.036962387,,,,
1_01123.mp4,1,2.578268877,89.23076923,8,1,0.704777004,0.751281725,,,,
1_01124.mp4,1,13.74045802,160,0,1,0.871981422,1.687655311,,,,
1_01125.mp4,1,41.73913043,109.5238095,3,1,0.88189267,1.785284489,,,,
1_01126.mp4,1,1.351351351,100,1,1,0.887427395,1.821590316,,,,
1_01127.mp4,1,35.48387097,155.5555556,2,1,0.81491707,1.287287254,,,,
1_01128.mp4,1,26.60098522,111.7647059,1,1,0.689354964,0.683844887,,,,
1_01129.mp4,1,27.84810127,100,0,1,0.634427741,0.428068062,,,,
1_01130.mp4,1,17.58241758,141.1764706,0,1,0.983565712,3.703534551,,,,
1_01131.mp4,1,38.84057971,106.6666667,4,0,0.76274323,-1.144841148,,,,
1_01132.mp4,1,28.78787879,225,2,1,0.936189416,2.383821929,,,,
1_01133.mp4,1,17.01030928,96.07843137,2,1,0.694107942,0.683108434,,,,
1_01134.mp4,1,34.28571429,152.9411765,1,1,0.768294269,1.028959757,,,,
1_01135.mp4,1,32.35294118,115,2,1,0.628034886,0.399497553,,,,
1_01136.mp4,1,20.37735849,96.66666667,1,1,0.924206547,2.236827085,,,,
1_01137.mp4,1,47.76119403,157.1428571,5,1,0.967717676,3.048777883,,,,
1_01138.mp4,1,38.62928349,123.0769231,2,0,0.614888486,-0.494600436,,,,
1_01139.mp4,1,22.79792746,175,0,1,0.882015027,1.803768067,,,,
1_01140.mp4,1,6.338028169,140.8163265,6,0,0.513776861,-0.014361856,,,,
1_01141.mp4,1,27.71535581,90.32258065,3,0,0.756737496,-1.114631378,,,,
1_01142.mp4,1,21.05263158,121.0526316,1,1,0.972930783,3.23360952,,,,
1_01143.mp4,1,27.77777778,200,2,0,0.835408415,-1.564133482,,,,
1_01144.mp4,1,9.266409266,98.93617021,1,0,0.553902469,-0.257889749,,,,
1_01145.mp4,1,15.95744681,95.45454545,1,1,0.840618531,1.476429817,,,,
1_01146.mp4,1,32.8042328,100,0,1,0.901292308,1.956361466,,,,
1_01147.mp4,1,1.809954751,163.8888889,4,1,0.843844785,1.475622924,,,,
1_01148.mp4,1,36.25730994,106.25,2,1,0.95711361,2.807780118,,,,
1_01149.mp4,1,39.3442623,96.55172414,1,1,0.933502428,2.351398433,,,,
1_01150.mp4,1,2.012072435,144.1860465,0,0,0.512196856,-0.027856771,,,,
1_01151.mp4,1,51.17845118,81.81818182,9,1,0.909673685,2.060601911,,,,
1_01152.mp4,1,37.42690058,114.2857143,0,1,0.67347626,0.616305629,,,,
1_01153.mp4,1,31.96347032,173.3333333,2,1,0.931869746,2.361408163,,,,
1_01154.mp4,1,43.40425532,100,2,1,0.878113708,1.763648528,,,,
1_01155.mp4,1,27.52293578,200,0,1,0.591717197,0.288173397,,,,
1_01156.mp4,1,37.83783784,78.57142857,3,1,0.733819652,0.858406888,,,,
1_01157.mp4,1,30.94339623,90.32258065,3,1,0.696678363,0.690800172,,,,
1_01158.mp4,1,2.658788774,108.6956522,9,1,0.786820954,1.12661947,,,,
1_01159.mp4,1,29.66507177,110,2,0,0.599395397,-0.438520639,,,,
1_01160.mp4,1,20.11173184,100,0,1,0.778260374,1.080775322,,,,
1_01161.mp4,1,30.76923077,155.5555556,1,1,0.538114683,0.075500715,,,,
1_01162.mp4,1,16.82242991,175,1,1,0.55452016,0.143966927,,,,
1_01163.mp4,1,3.20855615,128.5714286,4,1,0.538693019,0.077232621,,,,
1_01164.mp4,1,38.80597015,106.6666667,1,1,0.633491114,0.419459913,,,,
1_01165.mp4,1,21.79487179,105.8823529,0,1,0.858235733,1.60942958,,,,
1_01166.mp4,1,20.91503268,300,0,1,0.900937036,1.966708703,,,,
1_01167.mp4,1,32.53968254,112.5,2,1,0.794999492,1.171555852,,,,
1_01168.mp4,1,30.55555556,222.2222222,2,0,0.52230809,-0.134514222,,,,
1_01169.mp4,1,38.27751196,175,2,0,0.750659826,-1.075246318,,,,
1_01170.mp4,1,23.10756972,163.1578947,1,1,0.755098914,0.987459179,,,,
1_01171.mp4,1,26.60550459,171.4285714,1,1,0.894106034,1.879851002,,,,
1_01172.mp4,1,34.44444444,176.9230769,0,1,0.902327135,1.992909986,,,,
1_01173.mp4,1,37.27272727,158.3333333,1,1,0.963466201,2.948156415,,,,
1_01174.mp4,1,15.68627451,180,0,1,0.870749272,1.701843225,,,,
1_01175.mp4,1,32.54237288,109.6774194,3,1,0.961344713,2.894073577,,,,
1_01176.mp4,1,2.868852459,150,9,1,0.81138922,1.266667553,,,,
1_01177.mp4,1,37.1257485,181.8181818,3,1,0.933037619,2.378545063,,,,
1_01178.mp4,1,1.602564103,86.76470588,14,1,0.718912261,0.789536288,,,,
1_01179.mp4,1,12.6984127,135,0,1,0.534315651,0.061206502,,,,
1_01180.mp4,1,36.8627451,106.8965517,3,0,0.5802064,-0.364216856,,,,
1_01181.mp4,1,49.03225806,141.6666667,4,1,0.951095204,2.651047584,,,,
1_01182.mp4,1,36.7816092,90.90909091,1,1,0.927699621,2.296235894,,,,
1_01183.mp4,1,25.47169811,95.65217391,1,1,0.888607191,1.857565242,,,,
1_01184.mp4,1,38.02281369,108,4,0,0.65949479,-0.686035832,,,,
1_01185.mp4,1,42.25352113,100,2,1,0.647522819,0.488301905,,,,
1_01186.mp4,1,29.2834891,92.85714286,3,1,0.881676969,1.794719915,,,,
1_01187.mp4,1,25.10460251,96.2962963,1,1,0.825404328,1.375630233,,,,
1_01188.mp4,1,25,90.90909091,2,0,0.621036842,-0.512723115,,,,
1_01189.mp4,1,26,241.6666667,0,1,0.864844487,1.660467448,,,,
1_01190.mp4,1,25.22522523,250,0,1,0.613953463,0.356655255,,,,
1_01191.mp4,1,32.43243243,112.5,1,1,0.808089676,1.25878231,,,,
1_01192.mp4,1,33.83685801,115.625,3,1,0.811194287,1.287531864,,,,
1_01193.mp4,1,36,100,0,1,0.861729071,1.619141334,,,,
1_01194.mp4,1,22.90748899,135,1,1,0.842772797,1.491319509,,,,
1_01195.mp4,1,14.37908497,96.55172414,1,1,0.915748798,2.116339036,,,,
1_01196.mp4,1,4.265402844,118.4210526,3,1,0.714611148,0.770084928,,,,
1_01197.mp4,1,29.26829268,165.3846154,5,1,0.746440753,0.929352757,,,,
1_01198.mp4,1,25.53191489,138.4615385,0,1,0.767183243,1.042862566,,,,
1_01199.mp4,1,23.83419689,100,0,1,0.660985715,0.564364417,,,,
1_01200.mp4,1,26.4957265,96.42857143,1,0,0.514961914,-0.009992584,,,,
1_01201.mp4,1,12.40310078,575,2,1,0.900811177,1.951409979,,,,
1_01202.mp4,1,31.29251701,107.1428571,0,1,0.709174107,0.745746213,,,,
1_01203.mp4,1,40.50632911,118.5185185,9,1,0.856256387,1.562317306,,,,
1_01204.mp4,1,32.0441989,100,0,0,0.604899004,-0.460174705,,,,
1_01205.mp4,1,32.82442748,100,7,1,0.913704129,2.086163281,,,,
1_01206.mp4,1,38.65546218,147.3684211,3,1,0.786244757,1.123492657,,,,
1_01207.mp4,1,42.37918216,88.88888889,5,1,0.937684987,2.415219327,,,,
1_01208.mp4,1,25.60553633,100,1,1,0.529551905,0.043777918,,,,
1_01209.mp4,1,24.16107383,91.42857143,3,1,0.617868065,0.379332534,,,,
1_01210.mp4,1,35.74144487,96.77419355,1,0,0.817485922,-1.446199388,,,,
1_01211.mp4,1,36.8,150,3,1,0.852680654,1.562022733,,,,
1_01212.mp4,1,41.90981432,87.80487805,5,1,0.546339864,0.105942777,,,,
1_01213.mp4,1,16.84210526,100,0,1,0.766848289,1.047083046,,,,
1_01214.mp4,1,41.37931034,120,2,0,0.556395236,-0.274058577,,,,
1_01215.mp4,1,37.01067616,100,1,1,0.653977203,0.529754668,,,,
1_01216.mp4,1,48.12834225,70.83333333,7,1,0.900987597,1.985057282,,,,
1_01217.mp4,1,9.929078014,262.5,0,1,0.851597644,1.543297682,,,,
1_01218.mp4,1,48.52071006,109.6774194,10,1,0.729815509,0.850121658,,,,
1_01219.mp4,1,16.14035088,175,0,1,0.612322483,0.364666954,,,,
1_01220.mp4,1,29.26829268,92.85714286,1,0,0.5,-0.053278338,,,,
1_01221.mp4,1,33.13609467,114.2857143,1,1,0.634185238,0.421996083,,,,
1_01222.mp4,1,22.22222222,110,0,0,0.76420121,-1.136416008,,,,
1_01223.mp4,1,2.369668246,97.61904762,4,1,0.602170944,0.310327494,,,,
1_01224.mp4,1,40.57142857,89.47368421,4,1,0.791718741,1.153448808,,,,
1_01225.mp4,1,5.128205128,433.3333333,0,1,0.628494262,0.41022259,,,,
1_01226.mp4,1,1.446654611,92.06349206,5,1,0.905834667,2.030233667,,,,
1_01227.mp4,1,8.737864078,660,0,1,0.590213373,0.282580329,,,,
1_01228.mp4,1,40.35087719,109.0909091,1,1,0.919952478,2.194463688,,,,
1_01229.mp4,1,2.469135802,127.7777778,6,0,0.678467831,-0.745094864,,,,
1_01230.mp4,1,4.184100418,99.43820225,1,1,0.747462222,0.925415558,,,,
1_01231.mp4,1,25.98870056,95.12195122,2,1,0.798623475,1.213718102,,,,
1_01232.mp4,1,20.54794521,88.23529412,5,0,0.651527213,-0.639945137,,,,
1_01233.mp4,1,31.05590062,107.1428571,0,1,0.760654159,0.999842283,,,,
1_01234.mp4,1,24.7706422,150,4,1,0.828001778,1.381877978,,,,
1_01235.mp4,1,5.128205128,223.8095238,2,1,0.670215701,0.578448876,,,,
1_01236.mp4,1,18.18181818,471.4285714,2,0,0.89416984,-2.022309915,,,,
1_01237.mp4,1,44.44444444,105.8823529,3,1,0.942242059,2.524297175,,,,
1_01238.mp4,1,1.142857143,118.3673469,5,1,0.682478264,0.639660291,,,,
1_01239.mp4,1,27.2,125,0,1,0.877280753,1.728278949,,,,
1_01240.mp4,1,14.93333333,102.7027027,0,1,0.735985165,0.888496684,,,,
1_01241.mp4,1,9.433962264,700,0,1,0.839824181,1.470980563,,,,
1_01242.mp4,1,35.66878981,169.2307692,2,0,0.512000192,-0.028579408,,,,
1_01243.mp4,1,17.58241758,129.4117647,0,1,0.69299657,0.678339942,,,,
1_01244.mp4,1,23.95209581,126.6666667,1,1,0.946725551,2.568135228,,,,
1_01245.mp4,1,49.55752212,115.7894737,5,0,0.627051417,-0.54299039,,,,
1_01246.mp4,1,16,113.3333333,1,1,0.91345287,2.12193404,,,,
1_01247.mp4,1,4.347826087,103.3898305,7,1,0.754036821,0.955868055,,,,
1_01248.mp4,1,23.59550562,120,0,1,0.73772372,0.876842498,,,,
1_01249.mp4,1,37.03703704,94.44444444,1,0,0.707270113,-0.866513064,,,,
1_01250.mp4,1,37.5,130,2,1,0.844524607,1.492851491,,,,
1_01251.mp4,1,28.23529412,200,1,1,0.885308714,1.83330139,,,,
1_01252.mp4,1,10.25641026,138.8888889,0,1,0.836398895,1.453737571,,,,
1_01253.mp4,1,37.22943723,127.2727273,3,1,0.690646965,0.664739595,,,,
1_01254.mp4,1,14.6179402,98.03921569,1,1,0.654390606,0.537318483,,,,
1_01255.mp4,1,11.0817942,97.26027397,2,0,0.734267118,-0.990428817,,,,
1_01256.mp4,1,41.33333333,100,0,1,0.749208757,0.9523574,,,,
1_01257.mp4,1,19.90049751,153.3333333,0,1,0.894223751,1.917149677,,,,
1_01258.mp4,1,20.40816327,100,0,1,0.800468057,1.202550375,,,,
1_01259.mp4,1,18.79699248,243.75,0,1,0.760798607,0.991001346,,,,
1_01260.mp4,1,29.96515679,130.7692308,2,1,0.598678745,0.314050832,,,,
1_01261.mp4,1,20.45454545,100,0,0,0.856107567,-1.710003989,,,,
1_01262.mp4,1,46.07843137,82.60869565,4,1,0.907940035,2.027093764,,,,
1_01263.mp4,1,30.67484663,90.90909091,2,1,0.763089339,1.002513879,,,,
1_01264.mp4,1,2.631578947,94.44444444,6,1,0.721255424,0.825642898,,,,
1_01265.mp4,1,23.27044025,100,0,1,0.777499318,1.096998578,,,,
1_01266.mp4,1,30.89430894,250,0,1,0.953685791,2.71999215,,,,
1_01267.mp4,1,29.7752809,100,1,1,0.622386103,0.396020802,,,,
1_01268.mp4,1,39.39393939,100,3,0,0.597408123,-0.426101367,,,,
1_01269.mp4,1,16,126.6666667,0,1,0.696646314,0.694036178,,,,
1_01270.mp4,1,18.36734694,100,0,1,0.609433826,0.348113754,,,,
1_01271.mp4,1,43.78109453,110.5263158,4,1,0.755098914,0.987459179,,,,
1_01272.mp4,1,36.36363636,105,1,1,0.562970161,0.181204946,,,,
1_01273.mp4,1,30.12048193,100,0,1,0.992617306,4.449201271,,,,
1_01274.mp4,1,37.5,87.5,2,0,0.964316377,-3.12913128,,,,
1_01275.mp4,1,35.10638298,107.5,5,1,0.641961506,0.459553461,,,,
1_01276.mp4,1,1.971830986,116.9230769,8,1,0.544768092,0.092068811,,,,
1_01277.mp4,1,19.60784314,121.4285714,0,1,0.710752004,0.772040696,,,,
1_01278.mp4,1,27.18446602,144.4444444,1,1,0.951001565,2.665431924,,,,
1_01279.mp4,1,54.76190476,85.71428571,5,1,0.908559351,2.060102277,,,,
1_01280.mp4,1,30.18867925,112.5,0,1,0.94927594,2.631834705,,,,
1_01281.mp4,1,24.51612903,158.3333333,2,1,0.905310958,2.024582197,,,,
1_01282.mp4,1,47.86324786,104.1666667,3,1,0.751863898,0.945145708,,,,
1_01283.mp4,1,13.40206186,92,2,0,0.554517287,-0.267021365,,,,
1_01284.mp4,1,12.37113402,171.4285714,0,1,0.969449839,3.133061869,,,,
1_01285.mp4,1,1.746724891,207.4074074,6,1,0.770401176,1.039781831,,,,
1_01286.mp4,1,2.739726027,138.8888889,4,1,0.896939103,1.937854238,,,,
1_01287.mp4,1,8.067940552,98.71794872,1,1,0.624951595,0.405484774,,,,
1_01288.mp4,1,7.894736842,933.3333333,0,1,0.94632744,2.551631696,,,,
1_01289.mp4,1,37.46031746,96.875,4,1,0.789552609,1.14152707,,,,
1_01290.mp4,1,21.52777778,106.8965517,0,0,0.522789496,-0.156419782,,,,
1_01291.mp4,1,28.86597938,89.47368421,3,1,0.617754201,0.361766755,,,,
1_01292.mp4,1,18.69158879,200,2,1,0.526693022,0.033324321,,,,
1_01293.mp4,1,37.76223776,107.1428571,3,1,0.922458986,2.232479046,,,,
1_01294.mp4,1,11.94029851,100,3,1,0.623796462,0.407082996,,,,
1_01295.mp4,1,37.45318352,117.3913043,6,0,0.813415308,-1.411402654,,,,
1_01296.mp4,1,29.49852507,129.0322581,4,1,0.970040622,3.119610375,,,,
1_01297.mp4,1,9.7799511,125,2,0,0.622093945,-0.522744851,,,,
1_01298.mp4,1,33.09352518,172.7272727,1,1,0.905894311,2.004849892,,,,
1_01299.mp4,1,19,263.6363636,1,0,0.573730488,-0.346155412,,,,
1_01300.mp4,1,22.95081967,140,0,0,0.887673053,-1.960572953,,,,
1_01301.mp4,1,35.8490566,150,3,0,0.50915715,-0.024047186,,,,
1_01302.mp4,1,9.523809524,98.61111111,1,1,0.772766819,1.051077886,,,,
1_01303.mp4,1,57.47126437,76.47058824,4,1,0.719229904,0.793676759,,,,
1_01304.mp4,1,12.43523316,122.2222222,0,1,0.794816009,1.17065383,,,,
1_01305.mp4,1,27.94117647,100,0,1,0.895191368,1.895111257,,,,
1_01306.mp4,1,52.83018868,91.66666667,4,1,0.68554682,0.642921057,,,,
1_01307.mp4,1,47.84688995,88,3,1,0.647778378,0.480763831,,,,
1_01308.mp4,1,28.57142857,100,2,1,0.717700576,0.784038454,,,,
1_01309.mp4,1,30.85106383,110.5263158,1,0,0.558662951,-0.282568607,,,,
1_01310.mp4,1,24.56140351,140,4,1,0.617135157,0.359490395,,,,
1_01311.mp4,1,39.08045977,89.47368421,2,1,0.918256726,2.140134297,,,,
1_01312.mp4,1,12.44019139,92,2,0,0.604219541,-0.457492206,,,,
1_01313.mp4,1,29.41176471,133.3333333,3,1,0.790184013,1.156108864,,,,
1_01314.mp4,1,14.12639405,142.8571429,2,1,0.700991928,0.719647,,,,
1_01315.mp4,1,35,175,0,1,0.804222721,1.252134688,,,,
1_01316.mp4,1,43.85026738,90,6,1,0.82827292,1.370253843,,,,
1_01317.mp4,1,37.5,155.5555556,2,0,0.853312939,-1.677726964,,,,
1_01318.mp4,1,43,111.7647059,4,1,0.666294154,0.566451451,,,,
1_01319.mp4,1,23.71134021,100,0,1,0.925757948,2.257435639,,,,
1_01320.mp4,1,32.2147651,150,1,1,0.728543696,0.853460825,,,,
1_01321.mp4,1,31.78807947,115.3846154,0,1,0.721727197,0.821891827,,,,
1_01322.mp4,1,27.83505155,235.7142857,3,1,0.771259792,1.06405046,,,,
1_01323.mp4,1,32.75862069,100,1,1,0.56597829,0.177350206,,,,
1_01324.mp4,1,43.78698225,114.2857143,2,1,0.534234339,0.060908907,,,,
1_01325.mp4,1,30.65693431,163.6363636,0,1,0.881729765,1.80124422,,,,
1_01326.mp4,1,37.87878788,172.7272727,0,0,0.865162096,-1.779335734,,,,
1_01327.mp4,1,15.7480315,190.9090909,0,1,0.864901542,1.654879383,,,,
1_01328.mp4,1,14.81481481,111.1111111,0,1,0.761902435,0.996539398,,,,
1_01329.mp4,1,20,92,2,1,0.536547355,0.061747422,,,,
1_01330.mp4,1,27.17391304,116.6666667,2,0,0.710647233,-0.897632876,,,,
1_01331.mp4,1,36.73469388,100,1,1,0.758326049,0.978659088,,,,
1_01332.mp4,1,34.56790123,100,0,1,0.817181547,1.313700682,,,,
1_01333.mp4,1,36.30136986,100,1,1,0.700456842,0.707275158,,,,
1_01334.mp4,1,4.739336493,99.14529915,1,1,0.975175938,3.330255551,,,,
1_01335.mp4,1,35.53299492,135.2941176,2,1,0.722154416,0.806925101,,,,
1_01336.mp4,1,38.0952381,135.7142857,1,1,0.746479341,0.938999091,,,,
1_01337.mp4,1,36.75213675,164.7058824,2,1,0.926354565,2.24333553,,,,
1_01338.mp4,1,2.404809619,113.3333333,4,1,0.830669878,1.399204437,,,,
1_01339.mp4,1,29.16666667,147.0588235,1,0,0.570654436,-0.315373809,,,,
1_01340.mp4,1,27.95698925,100,0,0,0.620664876,-0.523200925,,,,
1_01341.mp4,1,2.603036876,94.44444444,4,1,0.78526968,1.129062571,,,,
1_01342.mp4,1,35.58282209,140,1,1,0.779209304,1.085086098,,,,
1_01343.mp4,1,28.31858407,109.0909091,1,0,0.717478805,-0.914030174,,,,
1_01344.mp4,1,42.47787611,80.76923077,5,1,0.980220026,3.529643235,,,,
1_01345.mp4,1,36.30363036,94.28571429,2,0,0.972283333,-3.364499606,,,,
1_01346.mp4,1,1.685393258,107.4074074,0,1,0.677318728,0.608119443,,,,
1_01347.mp4,1,35.68773234,120,6,1,0.804044171,1.223080324,,,,
1_01348.mp4,1,37.91469194,109.5238095,5,0,0.806321544,-1.382185274,,,,
1_01349.mp4,1,42.17687075,111.1111111,2,1,0.8606475,1.597956481,,,,
1_01350.mp4,1,40,100,0,1,0.911976231,2.066356587,,,,
1_01351.mp4,1,28.57142857,140,0,1,0.667394728,0.590893785,,,,
1_01352.mp4,1,33.77777778,110,2,0,0.668823897,-0.727033941,,,,
1_01353.mp4,1,30.69767442,104,1,1,0.857104598,1.594865898,,,,
1_01354.mp4,1,37.42690058,157.1428571,2,1,0.677516443,0.627431566,,,,
1_01355.mp4,1,32.8358209,94.73684211,2,1,0.764045664,1.007342656,,,,
1_01356.mp4,1,28.94736842,100,0,1,0.787950509,1.132766942,,,,
1_01357.mp4,1,2.013422819,95.23809524,4,1,0.917330222,2.162060856,,,,
1_01358.mp4,1,36.10315186,116.1290323,3,1,0.691617995,0.668916012,,,,
1_01359.mp4,1,35.96214511,113.7931034,4,0,0.516683484,-0.119490063,,,,
1_01360.mp4,1,1.831501832,102,4,1,0.962484141,2.922756102,,,,
1_01361.mp4,1,24.27184466,131.5789474,0,1,0.872144883,1.688997686,,,,
1_01362.mp4,1,13.48837209,105,2,0,0.5,-0.072457862,,,,
1_01363.mp4,1,47.84313725,89.28571429,3,1,0.949129777,2.612921479,,,,
1_01364.mp4,1,29.62962963,125,1,0,0.909639119,-2.192112642,,,,
1_01365.mp4,1,30.92105263,112.1212121,1,1,0.918926817,2.154835391,,,,
1_01366.mp4,1,26.66666667,100,0,1,0.725970207,0.824340606,,,,
1_01367.mp4,1,9.174311927,98.82352941,1,1,0.879076917,1.778023556,,,,
1_01368.mp4,1,41.40969163,90.90909091,3,1,0.924606129,2.227213954,,,,
1_01369.mp4,1,36.44444444,140,3,1,0.898250356,1.957091776,,,,
1_01370.mp4,1,25.80645161,90.90909091,2,0,0.54838463,-0.231457678,,,,
1_01371.mp4,1,41.37931034,123.0769231,1,1,0.590942302,0.27945061,,,,
1_01372.mp4,1,39.7260274,160,1,1,0.658317685,0.538914975,,,,
1_01373.mp4,1,4.845814978,94.23076923,4,0,0.670922601,-0.736366441,,,,
1_01374.mp4,1,1.526717557,120,0,1,0.806515539,1.237432804,,,,
1_01375.mp4,1,8.783783784,117.3076923,8,1,0.93050629,2.3003785,,,,
1_01376.mp4,1,27.27272727,105.8823529,0,0,0.623031293,-0.538834933,,,,
1_01377.mp4,1,46.32768362,65,7,0,0.505494794,-0.072362887,,,,
1_01378.mp4,1,40.81632653,118.1818182,0,0,0.594229937,-0.418344612,,,,
1_01379.mp4,1,25.18518519,180,2,1,0.869262067,1.678622797,,,,
1_01380.mp4,1,55.55555556,83.33333333,5,0,0.579352307,-0.357000362,,,,
1_01381.mp4,1,36.86635945,100,0,1,0.598344441,0.298893634,,,,
1_01382.mp4,1,16.66666667,162.5,0,1,0.866814577,1.658985283,,,,
1_01383.mp4,1,56.07476636,82.35294118,8,1,0.922219588,2.223272489,,,,
1_01384.mp4,1,42.85714286,154.5454545,0,1,0.57686689,0.210754213,,,,
1_01385.mp4,1,32.82442748,286.6666667,3,1,0.76112276,1.01777803,,,,
1_01386.mp4,1,48.30508475,88.88888889,3,1,0.757818491,0.995140552,,,,
1_01387.mp4,1,25.85034014,420,1,1,0.841608223,1.460165887,,,,
1_01388.mp4,1,13.15789474,200,0,1,0.862308049,1.607856328,,,,
1_01389.mp4,1,19.16167665,129.4117647,0,1,0.64003968,0.466807859,,,,
1_01390.mp4,1,38.55421687,184.2105263,5,1,0.608254948,0.349594325,,,,
1_01391.mp4,1,16.79389313,181.8181818,0,0,0.977779269,-3.533435912,,,,
1_01392.mp4,1,28.69565217,111.1111111,2,1,0.977598064,3.427381332,,,,
1_01393.mp4,1,15.90214067,166.6666667,0,1,0.89725819,1.915496161,,,,
1_01394.mp4,1,27.22513089,146.6666667,1,1,0.60756479,0.347035274,,,,
1_01395.mp4,1,23.39832869,105.2631579,3,1,0.895556421,1.912518331,,,,
1_01396.mp4,1,24.75570033,103.5714286,3,1,0.749221305,0.942930989,,,,
1_01397.mp4,1,30.35714286,188.8888889,1,1,0.768671218,1.029809156,,,,
1_01398.mp4,1,51.23966942,76.92307692,7,1,0.939478092,2.459390861,,,,
1_01399.mp4,1,40.96385542,140,2,1,0.865431815,1.648025888,,,,
1_01400.mp4,1,12.61261261,300,0,1,0.600536825,0.298305142,,,,
1_01401.mp4,1,37.88819876,100,6,1,0.90373939,2.01387874,,,,
1_01402.mp4,1,37.93103448,136.3636364,0,1,0.552310367,0.119920123,,,,
1_01403.mp4,1,21.3740458,118.1818182,1,1,0.586272096,0.267918018,,,,
1_01404.mp4,1,8.333333333,131.1111111,7,1,0.919277432,2.152611164,,,,
1_01405.mp4,1,38.91402715,120,3,1,0.90460015,2.023046184,,,,
1_01406.mp4,1,30.4,100,0,1,0.924427933,2.217867994,,,,
1_01407.mp4,1,2.259887006,122.4489796,7,1,0.965667004,2.9902252,,,,
1_01408.mp4,1,21.76870748,277.7777778,1,0,0.621905662,-0.534279129,,,,
1_01409.mp4,1,40.75829384,104.3478261,2,1,0.646979255,0.488313818,,,,
1_01410.mp4,1,1.541425819,140,8,1,0.779394713,1.097308573,,,,
1_01411.mp4,1,41.21212121,100,5,1,0.602366113,0.311043225,,,,
1_01412.mp4,1,39.57219251,100,0,1,0.832640831,1.412143043,,,,
1_01413.mp4,1,44.79166667,91.30434783,3,1,0.962616904,2.897460611,,,,
1_01414.mp4,1,13.15789474,766.6666667,0,1,0.551904698,0.118421373,,,,
1_01415.mp4,1,34.30656934,103.7037037,1,1,0.893571996,1.893158802,,,,
1_01416.mp4,1,30.57324841,200,1,1,0.951210361,2.653326235,,,,
1_01417.mp4,1,33.04347826,114.2857143,1,1,0.938909961,2.426250723,,,,
1_01418.mp4,1,1.731601732,101.4492754,9,0,0.593344738,-0.408401679,,,,
1_01419.mp4,1,32.09876543,96.15384615,4,1,0.864716222,1.653419504,,,,
1_01420.mp4,1,22.79792746,129.4117647,2,1,0.63479575,0.429403129,,,,
1_01421.mp4,1,29.62962963,100,0,1,0.719323159,0.794097909,,,,
1_01422.mp4,1,25.29644269,114.8148148,1,1,0.914336014,2.126191619,,,,
1_01423.mp4,1,19.375,120.6896552,1,0,0.621880629,-0.521877527,,,,
1_01424.mp4,1,42.76315789,86.20689655,8,1,0.932310011,2.3261517,,,,
1_01425.mp4,1,34.18803419,96.55172414,1,1,0.898767517,1.962323484,,,,
1_01426.mp4,1,19.65811966,123.8095238,2,1,0.968301493,3.083671878,,,,
1_01427.mp4,1,51.90839695,83.33333333,4,1,0.855899053,1.559678818,,,,
1_01428.mp4,1,10.48387097,233.3333333,1,1,0.862522706,1.636267002,,,,
1_01429.mp4,1,9.689922481,98.91304348,1,1,0.816862899,1.299823807,,,,
1_01430.mp4,1,35.68773234,100,4,0,0.7266277,-0.954605729,,,,
1_01431.mp4,1,40.85106383,79.31034483,7,0,0.54998269,-0.250064361,,,,
1_01432.mp4,1,19.64285714,100,0,1,0.602463314,0.305419216,,,,
1_01433.mp4,1,1.713062099,181.25,4,1,0.886075001,1.834215271,,,,
1_01434.mp4,1,24.18604651,104.5454545,1,1,0.87402033,1.704505648,,,,
1_01435.mp4,1,28.7037037,142.1052632,0,1,0.870451098,1.67515864,,,,
1_01436.mp4,1,25.1572327,141.6666667,0,0,0.5,-0.060517741,,,,
1_01437.mp4,1,30.63063063,100,0,1,0.805031758,1.250899489,,,,
1_01438.mp4,1,17.35159817,131.5789474,1,1,0.87796553,1.762373578,,,,
1_01439.mp4,1,18.18181818,200,0,1,0.667539151,0.59149452,,,,
1_01440.mp4,1,32.70440252,112.5,2,1,0.866922178,1.646815069,,,,
1_01441.mp4,1,28.29268293,127.7777778,1,0,0.5,-0.069011153,,,,
1_01442.mp4,1,31.40495868,109.0909091,1,0,0.709206657,-0.877137381,,,,
1_01443.mp4,1,14.97326203,100,0,1,0.714422356,0.779455099,,,,
1_01444.mp4,1,44.96124031,123.0769231,2,1,0.7897113,1.142074865,,,,
1_01445.mp4,1,24.66960352,100,0,1,0.686285387,0.655894577,,,,
1_01446.mp4,1,32.61802575,113.6363636,0,1,0.932317647,2.361809001,,,,
1_01447.mp4,1,21.62162162,100,0,0,0.528665394,-0.170878263,,,,
1_01448.mp4,1,49,89.47368421,3,1,0.92915931,2.316532265,,,,
1_01449.mp4,1,34.7826087,110,2,1,0.811689153,1.296498275,,,,
1_01450.mp4,1,25,140,1,1,0.688937296,0.682044887,,,,
1_01451.mp4,1,1.195814649,193.6170213,14,1,0.747255774,0.933322513,,,,
1_01452.mp4,1,20,100,0,1,0.56013476,0.170660022,,,,
1_01453.mp4,1,24.10714286,147.3684211,2,1,0.910769842,2.052736321,,,,
1_01454.mp4,1,28.94736842,100,0,0,0.743022851,-1.043073887,,,,
1_01455.mp4,1,32.0610687,127.2727273,0,0,0.563259135,-0.28734929,,,,
1_01456.mp4,1,51.78571429,144.4444444,3,1,0.788969643,1.137983663,,,,
1_01457.mp4,1,29.50819672,160,2,1,0.671999696,0.59550312,,,,
1_01458.mp4,1,1.079136691,95.08196721,3,0,0.506625253,-0.040720917,,,,
1_01459.mp4,1,34.39490446,158.3333333,0,0,0.540444876,-0.214541157,,,,
1_01460.mp4,1,19.10828025,225,0,0,0.685499722,-0.771420562,,,,
1_01461.mp4,1,28.74251497,117.6470588,1,1,0.699123055,0.711449195,,,,
1_01462.mp4,1,39.56043956,97.43589744,8,1,0.934308261,2.391365558,,,,
1_01463.mp4,1,17.34693878,160,0,1,0.720512192,0.816315097,,,,
1_01464.mp4,1,11.9205298,160,0,1,0.630958128,0.427605146,,,,
1_01465.mp4,1,32.87671233,115.3846154,1,1,0.762388418,1.008634871,,,,
1_01466.mp4,1,38.18181818,104.7619048,4,1,0.929597044,2.310196481,,,,
1_01467.mp4,1,19.33085502,100,0,0,0.560446058,-0.282494288,,,,
1_01468.mp4,1,33.2361516,159.375,3,1,0.787334278,1.15029265,,,,
1_01469.mp4,1,7.207207207,142.8571429,11,0,0.661134477,-0.698709243,,,,
1_01470.mp4,1,15.74074074,126.3157895,2,0,0.857052454,-1.705605394,,,,
1_01471.mp4,1,32.43243243,118.1818182,1,1,0.806115382,1.263257785,,,,
1_01472.mp4,1,43.31210191,87.5,3,1,0.881597304,1.769261055,,,,
1_01473.mp4,1,2.074688797,140,7,1,0.876330712,1.754446688,,,,
1_01474.mp4,1,30.58823529,85.71428571,2,1,0.641844895,0.459127631,,,,
1_01475.mp4,1,25.45454545,190,0,0,0.779182434,-1.22652389,,,,
1_01476.mp4,1,28.8209607,100,0,1,0.763251022,1.022666928,,,,
1_01477.mp4,1,2.840909091,132.2580645,5,0,0.987759062,-4.078651463,,,,
1_01478.mp4,1,18.72340426,130,2,1,0.872764828,1.724498056,,,,
1_01479.mp4,1,34.35582822,113.3333333,1,1,0.681596364,0.644726842,,,,
1_01480.mp4,1,19.31034483,100,0,1,0.838559593,1.437690663,,,,
1_01481.mp4,1,33.50253807,100,0,0,0.554156872,-0.265671803,,,,
1_01482.mp4,1,26.5060241,100,0,0,0.74687243,-1.051011192,,,,
1_01483.mp4,1,28.57142857,141.6666667,0,1,0.629145838,0.403565852,,,,
1_01484.mp4,1,23.07692308,200,0,1,0.658982543,0.550243422,,,,
1_01485.mp4,1,30.20408163,100,0,1,0.797898726,1.187956602,,,,
1_01486.mp4,1,33.58208955,136,4,1,0.752207329,0.973083913,,,,
1_01487.mp4,1,23.82445141,146.1538462,3,0,0.865436517,-1.779436703,,,,
1_01488.mp4,1,7.570977918,99.20634921,1,1,0.735089181,0.864382733,,,,
1_01489.mp4,1,37.70491803,107.6923077,0,1,0.765590837,1.040604932,,,,
1_01490.mp4,1,25.43352601,90.47619048,2,1,0.914627896,2.103077146,,,,
1_01491.mp4,1,32.02614379,96.55172414,7,1,0.908044465,2.054396892,,,,
1_01492.mp4,1,4.0302267,94.87179487,2,1,0.839391279,1.468020022,,,,
1_01493.mp4,1,17.85714286,156.25,0,1,0.839521074,1.474918139,,,,
1_01494.mp4,1,41.63568773,126.0869565,1,0,0.5,-0.083183293,,,,
1_01495.mp4,1,20.32085561,100,0,0,0.505291621,-0.045635084,,,,
1_01496.mp4,1,21.05263158,100,0,0,0.915373742,-2.258292955,,,,
1_01497.mp4,1,28.72340426,144.4444444,0,1,0.764801669,1.030603143,,,,
1_01498.mp4,1,35.48387097,130,0,0,0.715183967,-0.90373129,,,,
1_01499.mp4,1,15.92920354,131.5789474,0,1,0.942337208,2.519753061,,,,
1_01500.mp4,1,16.52892562,100,0,1,0.796053032,1.199051328,,,,
1_01501.mp4,1,48.85496183,82.14285714,5,1,0.686261099,0.670542664,,,,
1_01502.mp4,1,32.33082707,145.4545455,2,1,0.916374785,2.138368495,,,,
1_01503.mp4,1,8.333333333,99.04761905,1,1,0.918181283,2.178584696,,,,
1_01504.mp4,1,39.17525773,115.7894737,2,1,0.645801512,0.46431785,,,,
1_01505.mp4,1,9.266409266,98.93617021,1,0,0.580281481,-0.352144704,,,,
1_01506.mp4,1,14.90384615,100,0,0,0.505049222,-0.082540142,,,,
1_01507.mp4,1,24.24242424,383.3333333,0,1,0.816015598,1.294642081,,,,
1_01508.mp4,1,41.34078212,105.5555556,2,1,0.545318399,0.102160211,,,,
1_01509.mp4,1,27.55905512,103.8461538,1,0,0.941062254,-2.658512309,,,,
1_01510.mp4,1,24.61538462,89.28571429,3,0,0.780777241,-1.230390055,,,,
1_01511.mp4,1,35.29411765,119.047619,2,1,0.988480406,4.014896245,,,,
1_01512.mp4,1,22.68041237,100,0,0,0.868476199,-1.805694324,,,,
1_01513.mp4,1,31.51515152,107.1428571,2,1,0.985578151,3.788150664,,,,
1_01514.mp4,1,26.43171806,128.5714286,1,1,0.606020808,0.324440311,,,,
1_01515.mp4,1,35.29411765,130,2,1,0.73298478,0.856754277,,,,
1_01516.mp4,1,27.19298246,96.2962963,1,1,0.653329343,0.51377372,,,,
1_01517.mp4,1,10.23255814,106.25,0,1,0.669963899,0.581544256,,,,
1_01518.mp4,1,35.65891473,154.5454545,0,1,0.713670757,0.78518548,,,,
1_01519.mp4,1,22.22222222,100,0,1,0.863018853,1.613314907,,,,
1_01520.mp4,1,10.23454158,98.9010989,1,1,0.795851304,1.203878429,,,,
1_01521.mp4,1,25.90361446,216,2,1,0.889023897,1.867519787,,,,
1_01522.mp4,1,32.8125,152.9411765,1,1,0.891753401,1.875696235,,,,
1_01523.mp4,1,26.13065327,169.2307692,1,0,0.593082093,-0.401635781,,,,
1_01524.mp4,1,29.75206612,100,0,1,0.52509749,0.034873193,,,,
1_01525.mp4,1,26.21359223,110,3,1,0.70145012,0.714859181,,,,
1_01526.mp4,1,31.01604278,81.81818182,4,1,0.763089339,1.002513879,,,,
1_01527.mp4,1,40.65934066,153.8461538,4,1,0.607654756,0.324575349,,,,
1_01528.mp4,1,26.04166667,131.25,1,1,0.969821915,3.099714916,,,,
1_01529.mp4,1,5.392156863,91.66666667,6,1,0.711020629,0.77324716,,,,
1_01530.mp4,1,21.48148148,125,6,1,0.981528098,3.558599769,,,,
1_01531.mp4,1,32.32323232,122.2222222,2,1,0.835948715,1.420256737,,,,
1_01532.mp4,1,8.712121212,98.05825243,2,0,0.524025152,-0.146651143,,,,
1_01533.mp4,1,4.923076923,236.8421053,0,0,0.586140281,-0.380451376,,,,
1_01534.mp4,1,56.25,123.0769231,5,1,0.891312262,1.883031596,,,,
1_01535.mp4,1,2.460456942,120.754717,11,1,0.716479916,0.788763927,,,,
1_01536.mp4,1,20.43343653,100,0,1,0.810551213,1.273451581,,,,
1_01537.mp4,1,1.814882033,96.49122807,2,1,0.820847773,1.336440672,,,,
1_01538.mp4,1,28.07017544,140,2,1,0.729750984,0.841745588,,,,
1_01539.mp4,1,10.81081081,100,2,1,0.70215573,0.724766846,,,,
1_01540.mp4,1,5.434782609,148.1481481,12,0,0.505960513,-0.03005729,,,,
1_01541.mp4,1,34.82587065,87.5,3,0,0.584128727,-0.379267484,,,,
1_01542.mp4,1,44.94382022,123.5294118,3,1,0.921875362,2.218849035,,,,
1_01543.mp4,1,25.30120482,106.25,5,1,0.645176764,0.499936152,,,,
1_01544.mp4,1,16.90140845,138.4615385,0,0,0.687204087,-0.778730035,,,,
1_01545.mp4,1,42.20183486,91.30434783,4,1,0.910929694,2.07476931,,,,
1_01546.mp4,1,31.46067416,134.7826087,3,1,0.679640693,0.627628022,,,,
1_01547.mp4,1,29.33333333,113.3333333,0,1,0.601093978,0.323021986,,,,
1_01548.mp4,1,36,214.2857143,1,1,0.90607148,2.038890352,,,,
1_01549.mp4,1,2.643171806,101.4925373,12,1,0.652029017,0.503904548,,,,
1_01550.mp4,1,32.55813953,96.55172414,1,1,0.869241086,1.678453126,,,,
1_01551.mp4,1,3.106796117,104.1666667,8,1,0.748277018,0.953723086,,,,
1_01552.mp4,1,35.41666667,118.75,0,1,0.553542916,0.131678374,,,,
1_01553.mp4,1,27.18446602,109.0909091,0,0,0.626449018,-0.54052107,,,,
1_01554.mp4,1,0.529100529,100,8,1,0.577932797,0.236883161,,,,
1_01555.mp4,1,39.13043478,100,0,1,0.949381452,2.647067958,,,,
1_01556.mp4,1,11.18881119,211.1111111,0,1,0.856014791,1.586697545,,,,
1_01557.mp4,1,15.75757576,121.4285714,0,1,0.852687338,1.53856379,,,,
1_01558.mp4,1,34.73389356,86.84210526,5,1,0.654736611,0.524287618,,,,
1_01559.mp4,1,37.03703704,150,0,0,0.610997461,-0.47229316,,,,
1_01560.mp4,1,28.03738318,233.3333333,1,1,0.573884594,0.215984357,,,,
1_01561.mp4,1,25.66037736,92,3,1,0.642481176,0.475747158,,,,
1_01562.mp4,1,22.22222222,100,0,0,0.723892242,-0.952911223,,,,
1_01563.mp4,1,10.97256858,98.71794872,1,1,0.841516236,1.488627684,,,,
1_01564.mp4,1,23.52941176,103.8461538,5,0,0.598339537,-0.440734682,,,,
1_01565.mp4,1,3.076923077,159.4594595,5,1,0.928709626,2.297768179,,,,
1_01566.mp4,1,31.48148148,135.2941176,1,1,0.746915688,0.922777625,,,,
1_01567.mp4,1,54.77178423,88,7,0,0.558127264,-0.273762315,,,,
1_01568.mp4,1,29.28870293,104.3478261,3,1,0.636272517,0.447129505,,,,
1_01569.mp4,1,40.7960199,121.0526316,2,0,0.75676313,-1.099955484,,,,
1_01570.mp4,1,29.3877551,100,2,0,0.823223735,-1.485072052,,,,
1_01571.mp4,1,8.495575221,99.14529915,1,1,0.883799264,1.819675905,,,,
1_01572.mp4,1,4.710920771,100,0,1,0.840097802,1.462223965,,,,
1_01573.mp4,1,5.013927577,114.7058824,10,0,0.51390565,-0.114859381,,,,
1_01574.mp4,1,25.45454545,126.6666667,1,1,0.936944664,2.403637174,,,,
1_01575.mp4,1,2.680965147,114.2857143,6,0,0.699558555,-0.843621232,,,,
1_01576.mp4,1,8.073394495,179.0697674,7,0,0.740601249,-1.026286141,,,,
1_01577.mp4,1,32.0441989,133.3333333,2,0,0.912576299,-2.223005485,,,,
1_01578.mp4,1,34.97757848,131.5789474,3,0,0.958272656,-2.982753113,,,,
1_01579.mp4,1,0.481927711,100,2,1,0.718196206,0.796560009,,,,
1_01580.mp4,1,32.25806452,166.6666667,3,0,0.508104552,-0.035269622,,,,
1_01581.mp4,1,35.42857143,200,0,0,0.544281288,-0.228808465,,,,
1_01582.mp4,1,39.61352657,100,4,0,0.943494136,-2.671288133,,,,
1_01583.mp4,1,32.96703297,100,2,0,0.890921557,-1.996554147,,,,
1_01584.mp4,1,12.16730038,150,4,1,0.84320061,1.500310878,,,,
1_01585.mp4,1,2.824858757,168,6,0,0.815143653,-1.434980319,,,,
1_01586.mp4,1,19.29824561,120.6896552,1,1,0.986404283,3.89685239,,,,
1_01587.mp4,1,15,172.2222222,0,1,0.815575833,1.303851881,,,,
1_01588.mp4,1,38.46153846,136.3636364,1,1,0.9170543,2.131989566,,,,
1_01589.mp4,1,22.2972973,100,4,1,0.913448295,2.103733546,,,,
1_01590.mp4,1,31.63841808,146.6666667,1,1,0.869140435,1.677639512,,,,
1_01591.mp4,1,19.35483871,161.5384615,4,0,0.536117053,-0.198476259,,,,
1_01592.mp4,1,15.70247934,163.1578947,1,1,0.743528049,0.92466093,,,,
1_01593.mp4,1,17.07317073,134.4827586,0,0,0.526706592,-0.163634695,,,,
1_01594.mp4,1,48.69565217,91.66666667,1,1,0.845037316,1.496444362,,,,
1_01595.mp4,1,36.03603604,88.46153846,3,1,0.55747249,0.154938643,,,,
1_01596.mp4,1,37.58389262,120,2,1,0.693205932,0.694604167,,,,
1_01597.mp4,1,0.384615385,132.5581395,6,1,0.637556074,0.451838119,,,,
1_01598.mp4,1,41.79104478,114.2857143,4,1,0.68056614,0.646241131,,,,
1_01599.mp4,1,34.21052632,100,0,0,0.544896149,-0.224193962,,,,
1_01600.mp4,1,24.52830189,100,0,1,0.678574212,0.637795773,,,,
1_01601.mp4,1,27.81456954,145.4545455,0,0,0.797075612,-1.325270737,,,,
1_01602.mp4,1,44.30379747,150,2,0,0.5,-0.059141113,,,,
1_01603.mp4,1,35.29411765,93.5483871,2,1,0.744217052,0.909806863,,,,
1_01604.mp4,1,1.720430108,172.7272727,8,1,0.733368173,0.858541291,,,,
1_01605.mp4,1,20.66115702,206.6666667,2,1,0.879728684,1.783687214,,,,
1_01606.mp4,1,3.364485981,246.6666667,5,1,0.589362536,0.263304989,,,,
1_01607.mp4,1,35.10971787,88.23529412,4,0,0.53415818,-0.188951983,,,,
1_01608.mp4,1,24.7706422,194.1176471,1,0,0.78356002,-1.24546704,,,,
1_01609.mp4,1,34.48275862,135.7142857,1,1,0.926297127,2.283215627,,,,
1_01610.mp4,1,23.37662338,100,0,1,0.704536223,0.728337911,,,,
1_01611.mp4,1,26.85185185,92.30769231,2,0,0.506994508,-0.038605788,,,,
1_01612.mp4,1,33.70786517,107.6923077,0,0,0.510717524,-0.033292282,,,,
1_01613.mp4,1,16.39344262,97.22222222,1,1,0.742237759,0.909012866,,,,
1_01614.mp4,1,36.36363636,83.33333333,3,0,0.566451669,-0.311908654,,,,
1_01615.mp4,1,18.68131868,135.2941176,0,0,0.668662125,-0.714804982,,,,
1_01616.mp4,1,34.56790123,120.8333333,2,1,0.853754047,1.569915512,,,,
1_01617.mp4,1,34.73684211,90.90909091,2,1,0.544103627,0.105289907,,,,
1_01618.mp4,1,2.553191489,113.5135135,14,1,0.673672642,0.602503185,,,,
1_01619.mp4,1,46,103.7037037,4,1,0.605195356,0.332397838,,,,
1_01620.mp4,1,39.06976744,121.0526316,4,1,0.866751466,1.669546181,,,,
1_01621.mp4,1,1.830663616,104.8780488,1,1,0.772597227,1.07701334,,,,
1_01622.mp4,1,31.90184049,105.5555556,0,1,0.860751747,1.598752918,,,,
1_01623.mp4,1,38.15028902,94.73684211,1,0,0.580047545,-0.370183814,,,,
1_01624.mp4,1,44.35146444,108,3,1,0.63077413,0.409525249,,,,
1_01625.mp4,1,29.62962963,125,2,0,0.594716346,-0.420238659,,,,
1_01626.mp4,1,19.54022989,112.5,0,1,0.728097799,0.842114668,,,,
1_01627.mp4,1,26.08695652,135,1,1,0.788837826,1.15859565,,,,
1_01628.mp4,1,13.91304348,144.8275862,1,1,0.801145194,1.206529836,,,,
1_01629.mp4,1,36.97478992,84.61538462,2,1,0.601601973,0.308240783,,,,
1_01630.mp4,1,7.754442649,99.11504425,1,1,0.679522355,0.635920332,,,,
1_01631.mp4,1,4.583333333,79.62962963,12,1,0.91433638,2.114129725,,,,
1_01632.mp4,1,28.69955157,91.66666667,2,0,0.5794028,-0.361141191,,,,
1_01633.mp4,1,25.3164557,244.4444444,0,0,0.676920797,-0.751765642,,,,
1_01634.mp4,1,39.75903614,100,4,1,0.879399663,1.7808248,,,,
1_01635.mp4,1,50.76923077,75,4,1,0.901627614,1.954617509,,,,
1_01636.mp4,1,21.42857143,200,0,1,0.787247107,1.155778047,,,,
1_01637.mp4,1,13.95348837,100,0,1,0.772153512,1.048835543,,,,
1_01638.mp4,1,30.93922652,105,0,0,0.512090165,-0.02001191,,,,
1_01639.mp4,1,38.4279476,133.3333333,1,1,0.768822179,1.030588426,,,,
1_01640.mp4,1,25.47169811,110,1,1,0.974755959,3.314359819,,,,
1_01641.mp4,1,24.18604651,206.25,1,0,0.517111094,-0.126564584,,,,
1_01642.mp4,1,16.41337386,92.68292683,3,1,0.722987808,0.80813527,,,,
1_01643.mp4,1,38.66171004,136,4,0,0.72083603,-0.943615871,,,,
1_01644.mp4,1,36.4116095,100,3,1,0.883137435,1.80769084,,,,
1_01645.mp4,1,33.33333333,244.4444444,3,0,0.715532935,-0.903671265,,,,
1_01646.mp4,1,35.07109005,96.15384615,1,1,0.718459639,0.790201405,,,,
1_01647.mp4,1,50,92.30769231,7,1,0.984096404,3.697560728,,,,
1_01648.mp4,1,17.14285714,118.1818182,0,1,0.916445903,2.151345309,,,,
1_01649.mp4,1,39.1959799,106.6666667,4,0,0.585005142,-0.378476379,,,,
1_01650.mp4,1,39.28571429,90,4,0,0.659774246,-0.675649708,,,,
1_01651.mp4,1,31.06796117,93.75,2,1,0.918213508,2.146076206,,,,
1_01652.mp4,1,9.386281588,217.6470588,2,0,0.693911111,-0.81339295,,,,
1_01653.mp4,1,13.49693252,100,0,1,0.660330567,0.555786008,,,,
1_01654.mp4,1,9.001956947,99,1,1,0.923149344,2.201295175,,,,
1_01655.mp4,1,32.57918552,92,4,0,0.620719519,-0.523422131,,,,
1_01656.mp4,1,21.89781022,122.2222222,0,1,0.885724,1.819596793,,,,
1_01657.mp4,1,4.024767802,116.9811321,0,1,0.878596057,1.767808059,,,,
1_01658.mp4,1,29.11392405,85,5,0,0.589726596,-0.400864113,,,,
1_01659.mp4,1,19.42857143,105.4054054,5,1,0.958686186,2.850033042,,,,
1_01660.mp4,1,26.16033755,117.3913043,1,1,0.92690779,2.285383912,,,,
1_01661.mp4,1,49.05660377,100,2,1,0.832924951,1.424543216,,,,
1_01662.mp4,1,32.9787234,127.7777778,3,0,0.506659134,-0.033273061,,,,
1_01663.mp4,1,24.85207101,100,0,0,0.925206235,-2.382035426,,,,
1_01664.mp4,1,42.73504274,160,3,1,0.524457645,0.038311564,,,,
1_01665.mp4,1,28.02547771,123.0769231,1,1,0.626050829,0.397620793,,,,
1_01666.mp4,1,47.05882353,163.6363636,2,1,0.746270643,0.943916743,,,,
1_01667.mp4,1,35.16483516,169.2307692,1,0,0.615862841,-0.509966546,,,,
1_01668.mp4,1,16.31205674,141.6666667,0,1,0.931953068,2.343911499,,,,
1_01669.mp4,1,2.793296089,148.3870968,5,1,0.936719236,2.415572435,,,,
1_01670.mp4,1,24.08376963,95.34883721,2,1,0.933698898,2.354311432,,,,
1_01671.mp4,1,26.08695652,96,1,0,0.703862021,-0.867542979,,,,
1_01672.mp4,1,18.94150418,157.1428571,3,1,0.823253538,1.339515445,,,,
1_01673.mp4,1,38.15384615,96.55172414,2,1,0.825755846,1.354241928,,,,
1_01674.mp4,1,24.11347518,100,0,1,0.749161512,0.931897734,,,,
1_01675.mp4,1,13.55932203,133.3333333,0,1,0.876814862,1.741272948,,,,
1_01676.mp4,1,39.17525773,95.23809524,4,1,0.910747367,2.084676537,,,,
1_01677.mp4,1,31.34328358,125,0,0,0.731021556,-0.97513118,,,,
1_01678.mp4,1,24.51612903,121.4285714,0,0,0.580787073,-0.359835213,,,,
1_01679.mp4,1,23.17073171,94.44444444,1,1,0.976245539,3.378236167,,,,
1_01680.mp4,1,32.37250554,90.47619048,6,1,0.905834667,2.030233667,,,,
1_01681.mp4,1,49.67320261,82.35294118,3,1,0.93492463,2.388017502,,,,
1_01682.mp4,1,39.63963964,91.66666667,3,1,0.608386959,0.344233602,,,,
1_01683.mp4,1,26.31578947,133.3333333,0,1,0.870977369,1.703711544,,,,
1_01684.mp4,1,3.111111111,96,5,0,0.634092336,-0.58407826,,,,
1_01685.mp4,1,21.52777778,123.0769231,0,1,0.646784859,0.482756538,,,,
1_01686.mp4,1,29,92.85714286,2,0,0.882788061,-1.921702121,,,,
1_01687.mp4,1,28.07017544,100,0,1,0.845009295,1.512970413,,,,
1_01688.mp4,1,43.33333333,106.25,5,0,0.530334259,-0.170030385,,,,
1_01689.mp4,1,39.39393939,92.30769231,2,1,0.937138535,2.398428669,,,,
1_01690.mp4,1,37.41007194,94.44444444,1,1,0.919570516,2.156220459,,,,
1_01691.mp4,1,46.2962963,82.05128205,7,1,0.853701752,1.558686358,,,,
1_01692.mp4,1,26.19047619,100,0,1,0.828521315,1.371843962,,,,
1_01693.mp4,1,30.61889251,93.93939394,5,1,0.605230778,0.324402766,,,,
1_01694.mp4,1,50,94.73684211,5,1,0.826529174,1.372405597,,,,
1_01695.mp4,1,31.25,100,0,0,0.867122922,-1.794863926,,,,
1_01696.mp4,1,31.03448276,150,3,1,0.716762259,0.790044475,,,,
1_01697.mp4,1,0.898876404,184.8484848,0,1,0.856124101,1.587514522,,,,
1_01698.mp4,1,36.36363636,85,3,1,0.869406389,1.666699832,,,,
1_01699.mp4,1,27.19298246,170,4,1,0.772990567,1.063372717,,,,
1_01700.mp4,1,29.26829268,150,0,0,0.753266956,-1.088149731,,,,
1_01701.mp4,1,55.92417062,95.23809524,10,1,0.933620267,2.353144627,,,,
1_01702.mp4,1,25,350,0,1,0.751825132,0.955736979,,,,
1_01703.mp4,1,24.52830189,115,4,0,0.583735038,-0.371173063,,,,
1_01704.mp4,1,34.72222222,88.88888889,2,0,0.909616001,-2.189266181,,,,
1_01705.mp4,1,39.13043478,113.0434783,0,0,0.5,-0.05665286,,,,
1_01706.mp4,1,46.98795181,146.1538462,6,1,0.645334271,0.471859251,,,,
1_01707.mp4,1,29.29936306,92.30769231,3,1,0.658431447,0.53438866,,,,
1_01708.mp4,1,3.25203252,188.8888889,2,1,0.913635896,2.12407374,,,,
1_01709.mp4,1,2.792321117,127.4509804,7,1,0.857483582,1.603748232,,,,
1_01710.mp4,1,33.17535545,87.5,3,1,0.957561815,2.787661102,,,,
1_01711.mp4,1,20.83333333,93.33333333,1,1,0.803043616,1.217495728,,,,
1_01712.mp4,1,29.94011976,172.7272727,3,1,0.91937689,2.175068442,,,,
1_01713.mp4,1,5.714285714,93.33333333,4,0,0.593920127,-0.417138845,,,,
1_01714.mp4,1,14.28571429,94.11764706,1,1,0.637779716,0.452658244,,,,
1_01715.mp4,1,31.02493075,114.2857143,5,0,0.516137479,-0.111687469,,,,
1_01716.mp4,1,50,154.5454545,2,1,0.636577193,0.454112483,,,,
1_01717.mp4,1,22.22222222,100,0,0,0.730964364,-0.975613786,,,,
1_01718.mp4,1,34.48275862,108.3333333,0,1,0.634317737,0.431590829,,,,
1_01719.mp4,1,14.70588235,130.3030303,2,1,0.931572573,2.315538314,,,,
1_01720.mp4,1,35.55555556,87.5,3,0,0.616853421,-0.502414266,,,,
1_01721.mp4,1,14.37908497,100,0,1,0.640278206,0.444223952,,,,
1_01722.mp4,1,39.84962406,104,0,1,0.663194649,0.558954926,,,,
1_01723.mp4,1,15.6097561,200,0,1,0.560746341,0.151103672,,,,
1_01724.mp4,1,22.52252252,158.8235294,2,1,0.735333125,0.891329511,,,,
1_01725.mp4,1,2.97029703,100,4,1,0.968507965,3.059575798,,,,
1_01726.mp4,1,16.17647059,160,1,1,0.843060844,1.493322921,,,,
1_01727.mp4,1,2.93398533,130.3030303,4,0,0.581741182,-0.366059849,,,,
1_01728.mp4,1,12.5,132,0,1,0.722484523,0.808425874,,,,
1_01729.mp4,1,23.71541502,135,0,1,0.876875588,1.728501539,,,,
1_01730.mp4,1,9.85915493,100,0,1,0.82612527,1.380246333,,,,
1_01731.mp4,1,31.57894737,88,3,0,0.8466505,-1.622216883,,,,
1_01732.mp4,1,21.05263158,380,0,0,0.535847236,-0.195151202,,,,
1_01733.mp4,1,16.23931624,109.0909091,0,1,0.859050849,1.585820329,,,,
1_01734.mp4,1,43.29896907,84.61538462,2,1,0.847350857,1.523520951,,,,
1_01735.mp4,1,11.9760479,190.9090909,5,1,0.903078882,1.974939176,,,,
1_01736.mp4,1,3.950617284,118.4210526,5,1,0.923153791,2.241489613,,,,
1_01737.mp4,1,27.53623188,133.3333333,1,1,0.867600071,1.665254004,,,,
1_01738.mp4,1,29.06976744,100,0,1,0.852605048,1.56146859,,,,
1_01739.mp4,1,3.338898164,106.8965517,2,1,0.665001975,0.556876857,,,,
1_01740.mp4,1,25.35211268,150,1,0,0.577451235,-0.341297617,,,,
1_01741.mp4,1,22.22222222,100,0,1,0.672455893,0.597410152,,,,
1_01742.mp4,1,28.8,212.5,2,0,0.605060478,-0.454414605,,,,
1_01743.mp4,1,36.74698795,108.8235294,0,1,0.853474674,1.567856641,,,,
1_01744.mp4,1,28.24858757,105.5555556,0,1,0.858560957,1.582119752,,,,
1_01745.mp4,1,21.93548387,106.25,2,0,0.618637562,-0.51500802,,,,
1_01746.mp4,1,15.95092025,100,0,1,0.96085515,2.895754746,,,,
1_01747.mp4,1,12.6394052,111.1111111,3,1,0.950289634,2.67086845,,,,
1_01748.mp4,1,40.47619048,86.66666667,4,1,0.92570682,2.23470528,,,,
1_01749.mp4,1,24.71042471,96.15384615,1,0,0.514589882,-0.019062635,,,,
1_01750.mp4,1,28.07017544,96.96969697,1,1,0.645905346,0.488266421,,,,
1_01751.mp4,1,28.93081761,115.625,2,0,0.5,-0.053476034,,,,
1_01752.mp4,1,38.66666667,100,0,1,0.768973214,1.058085399,,,,
1_01753.mp4,1,25.64102564,166.6666667,1,0,0.5,-0.067212988,,,,
1_01754.mp4,1,22.29102167,144.4444444,4,1,0.812021277,1.270458282,,,,
1_01755.mp4,1,32.05128205,121.4285714,0,0,0.926404295,-2.39582728,,,,
1_01756.mp4,1,21.95121951,94.11764706,1,1,0.820631953,1.323100508,,,,
1_01757.mp4,1,18.49710983,105.2631579,0,0,0.607989673,-0.466037712,,,,
1_01758.mp4,1,24.09638554,125,2,1,0.874775361,1.741293588,,,,
1_01759.mp4,1,24.82758621,118.75,1,1,0.790334522,1.145520872,,,,
1_01760.mp4,1,3.837953092,151.2195122,5,1,0.840871248,1.455111358,,,,
1_01761.mp4,1,39.25729443,90.90909091,6,1,0.928183202,2.302917532,,,,
1_01762.mp4,1,8.058608059,97.84946237,2,1,0.841357424,1.487531329,,,,
1_01763.mp4,1,3.448275862,95.34883721,2,1,0.844572515,1.493186802,,,,
1_01764.mp4,1,27.02702703,153.3333333,2,1,0.95035376,2.665941644,,,,
1_01765.mp4,1,8.126410835,98.91304348,1,0,0.52333936,-0.138331955,,,,
1_01766.mp4,1,36.26373626,100,0,0,0.826577657,-1.506392041,,,,
1_01767.mp4,1,40.32921811,140,9,0,0.507586941,-0.100524259,,,,
1_01768.mp4,1,46.54545455,124,2,0,0.579910448,-0.369660673,,,,
1_01769.mp4,1,1.904761905,175,0,1,0.930164678,2.330738047,,,,
1_01770.mp4,1,13.33333333,162.5,0,1,0.755056412,0.971754216,,,,
1_01771.mp4,1,33.64485981,158.3333333,7,1,0.565483857,0.175533278,,,,
1_01772.mp4,1,26.80412371,86.95652174,3,1,0.888607191,1.857565242,,,,
1_01773.mp4,1,31.92488263,90.47619048,2,1,0.714729726,0.78997438,,,,
1_01774.mp4,1,19.15708812,159.0909091,2,1,0.955350361,2.775032566,,,,
1_01775.mp4,1,27.31707317,141.1764706,3,1,0.746088111,0.94302714,,,,
1_01776.mp4,1,10.81081081,150,0,1,0.667539151,0.59149452,,,,
1_01777.mp4,1,31.73431734,100,0,1,0.79457241,1.180653512,,,,
1_01778.mp4,1,1.044386423,105.8823529,8,1,0.852760602,1.539098122,,,,
1_01779.mp4,1,21.83098592,100,0,1,0.714292187,0.778867544,,,,
1_01780.mp4,1,26.14379085,146.1538462,0,1,0.845765548,1.518299362,,,,
1_01781.mp4,1,19.65317919,220,0,1,0.550577302,0.129320412,,,,
1_01782.mp4,1,25.28735632,166.6666667,1,1,0.925676121,2.241409735,,,,
1_01783.mp4,1,5.053449951,99.43181818,1,0,0.652039636,-0.653827756,,,,
1_01784.mp4,1,41.28440367,135,3,0,0.510821604,-0.01789908,,,,
1_01785.mp4,1,38.91891892,184.6153846,2,1,0.646391063,0.504837127,,,,
1_01786.mp4,1,42.19653179,105.8823529,6,1,0.635136906,0.43064058,,,,
1_01787.mp4,1,34.44976077,110,0,1,0.715453848,0.799169604,,,,
1_01788.mp4,1,21.46892655,105,0,0,0.812451147,-1.405549196,,,,
1_01789.mp4,1,42.06642066,126.0869565,4,1,0.664440629,0.564097521,,,,
1_01790.mp4,1,45.83333333,115.3846154,2,0,0.5273504,-0.173220227,,,,
1_01791.mp4,1,12.8440367,220,0,1,0.644938563,0.484733877,,,,
1_01792.mp4,1,30.6010929,133.3333333,1,0,0.513113456,-0.113457542,,,,
1_01793.mp4,1,13.51351351,98.30508475,1,1,0.727633088,0.839953893,,,,
1_01794.mp4,1,25.96491228,106.4516129,2,1,0.921327213,2.17811032,,,,
1_01795.mp4,1,38.98305085,109.0909091,2,1,0.593150606,0.293503689,,,,
1_01796.mp4,1,1.506591337,93.93939394,4,0,0.619100433,-0.510601622,,,,
1_01797.mp4,1,23.07692308,233.3333333,0,1,0.777085847,1.084994422,,,,
1_01798.mp4,1,47.39884393,94.11764706,5,1,0.662009995,0.554074119,,,,
1_01799.mp4,1,42.53393665,95.23809524,3,1,0.828603666,1.385767964,,,,
1_01800.mp4,1,35.57692308,95.83333333,1,1,0.727702231,0.840275246,,,,
1_01801.mp4,1,29.37062937,85.71428571,5,1,0.722798587,0.81760961,,,,
1_01802.mp4,1,34.08071749,108.6956522,4,1,0.932984207,2.371614915,,,,
1_01803.mp4,1,22.98850575,100,0,0,0.719042923,-0.935450647,,,,
1_01804.mp4,1,24.63054187,113.6363636,1,1,0.760239509,1.013300275,,,,
1_01805.mp4,1,49.84802432,91.42857143,16,0,0.638538394,-0.584871546,,,,
1_01806.mp4,1,33.12101911,107.6923077,0,1,0.807664092,1.272420504,,,,
1_01807.mp4,1,5.769230769,333.3333333,0,0,0.806840265,-1.367824485,,,,
1_01808.mp4,1,27.27272727,114.2857143,1,1,0.883011483,1.777740579,,,,
1_01809.mp4,1,42.48704663,86.95652174,3,1,0.757580714,0.99988854,,,,
1_01810.mp4,1,36.57142857,156.25,2,1,0.710419718,0.776460413,,,,
1_01811.mp4,1,32.47863248,118.1818182,0,1,0.587563823,0.256695469,,,,
1_01812.mp4,1,21.68674699,140,0,1,0.655958865,0.543727246,,,,
1_01813.mp4,1,35.71428571,166.6666667,2,1,0.817330985,1.314620662,,,,
1_01814.mp4,1,24.36548223,146.6666667,1,1,0.695864002,0.706169502,,,,
1_01815.mp4,1,36.05150215,104.5454545,3,0,0.506994512,-0.083691073,,,,
1_01816.mp4,1,28.49002849,100,6,1,0.797063086,1.204798226,,,,
1_01817.mp4,1,5.769230769,83.33333333,10,1,0.546846046,0.121284546,,,,
1_01818.mp4,1,16.30434783,143.75,0,1,0.747580673,0.94437775,,,,
1_01819.mp4,1,24.40944882,131.8181818,1,1,0.778267854,1.080072985,,,,
1_01820.mp4,1,31.41025641,93.93939394,2,1,0.68773513,0.655893782,,,,
1_01821.mp4,1,38.99371069,191.6666667,2,1,0.984941693,3.801135443,,,,
1_01822.mp4,1,43.75,83.33333333,3,0,0.824500536,-1.49016743,,,,
1_01823.mp4,1,2.65654649,104,0,1,0.904148964,1.98621429,,,,
1_01824.mp4,1,17.0212766,115.3846154,0,1,0.964759725,2.996611148,,,,
1_01825.mp4,1,5.398110661,98.52941176,2,1,0.599062132,0.309629945,,,,
1_01826.mp4,1,0.900900901,151.2820513,0,1,0.524200533,0.02408947,,,,
1_01827.mp4,1,28.57142857,106.25,3,1,0.943549005,2.52759542,,,,
1_01828.mp4,1,20.86956522,280,0,1,0.867560899,1.676018054,,,,
1_01829.mp4,1,25.59241706,96,1,1,0.793214694,1.161544195,,,,
1_01830.mp4,1,53.50877193,82.14285714,6,1,0.821546192,1.327863433,,,,
1_01831.mp4,1,27.17391304,123.5294118,2,1,0.85255155,1.550251678,,,,
1_01832.mp4,1,28.91566265,100,0,1,0.597427996,0.309403544,,,,
1_01833.mp4,1,25.30120482,350,0,0,0.541062101,-0.223877957,,,,
1_01834.mp4,1,26.81564246,100,1,1,0.630760927,0.418546063,,,,
1_01835.mp4,1,26.35658915,119.2307692,1,1,0.838176412,1.449143605,,,,
1_01836.mp4,1,33.56643357,200,3,1,0.731194572,0.865871192,,,,
1_01837.mp4,1,25.51724138,133.3333333,2,1,0.705821847,0.730873689,,,,
1_01838.mp4,1,28.66242038,111.1111111,3,1,0.813503269,1.278778733,,,,
1_01839.mp4,1,33.03834808,97.36842105,1,1,0.7788033,1.083644878,,,,
1_01840.mp4,1,4.221635884,107.5,1,0,0.737163498,-1.004573688,,,,
1_01841.mp4,1,18.34061135,133.3333333,1,1,0.919511604,2.155493998,,,,
1_01842.mp4,1,4.651162791,144.4444444,4,0,0.8192467,-1.457110263,,,,
1_01843.mp4,1,14.0625,100,0,1,0.627400944,0.397175229,,,,
1_01844.mp4,1,26.66666667,161.5384615,2,0,0.740769921,-1.032236898,,,,
1_01845.mp4,1,14.96598639,112.5,0,1,0.702446999,0.735060637,,,,
1_01846.mp4,1,26.98412698,145.4545455,3,1,0.959602272,2.871643144,,,,
1_01847.mp4,1,34.90566038,133.3333333,2,1,0.646494177,0.490417117,,,,
1_01848.mp4,1,31.74603175,116.6666667,0,1,0.901757712,1.961171722,,,,
1_01849.mp4,1,53.78151261,83.33333333,6,1,0.613853805,0.356287207,,,,
1_01850.mp4,1,19.20903955,111.7647059,1,1,0.935256249,2.40573565,,,,
1_01851.mp4,1,34.5323741,154.5454545,1,1,0.941089859,2.498748566,,,,
1_01852.mp4,1,28.42639594,115,1,1,0.571200077,0.205994936,,,,
1_01853.mp4,1,28.93890675,110.3448276,2,0,0.627189057,-0.555738761,,,,
1_01854.mp4,1,13.84615385,114.2857143,0,0,0.745022705,-1.041999829,,,,
1_01855.mp4,1,39.7260274,112.5,2,1,0.739860465,0.89760382,,,,
1_01856.mp4,1,11.49425287,100,0,1,0.648041179,0.487809669,,,,
1_01857.mp4,1,29.33333333,123.0769231,1,1,0.684470007,0.662874344,,,,
1_01858.mp4,1,31.70731707,103.8461538,0,1,0.652254754,0.528612238,,,,
1_01859.mp4,1,4.166666667,110.5263158,6,0,0.530312901,-0.184144224,,,,
1_01860.mp4,1,31.25,104.1666667,0,1,0.653351643,0.518649847,,,,
1_01861.mp4,1,31.84079602,121.0526316,0,1,0.598273467,0.312545088,,,,
1_01862.mp4,1,29.19708029,100,0,1,0.765977513,1.01596299,,,,
1_01863.mp4,1,27.39726027,190,1,0,0.777782535,-1.219046712,,,,
1_01864.mp4,1,36.95652174,153.3333333,2,1,0.655132217,0.540347389,,,,
1_01865.mp4,1,21.05263158,455.5555556,0,1,0.696519663,0.709031018,,,,
1_01866.mp4,1,15.76086957,130.3030303,0,1,0.692768912,0.692708046,,,,
1_01867.mp4,1,2.752293578,107.1428571,8,1,0.803408225,1.219409077,,,,
1_01868.mp4,1,36.23188406,100,0,0,0.685093177,-0.775370095,,,,
1_01869.mp4,1,26.92307692,124,3,0,0.523832698,-0.140158603,,,,
1_01870.mp4,1,8.108108108,165.2173913,1,1,0.933427958,2.384334767,,,,
1_01871.mp4,1,27.47252747,86.36363636,3,1,0.711566418,0.756421681,,,,
1_01872.mp4,1,16.11111111,100,6,1,0.814637902,1.308399393,,,,
1_01873.mp4,1,25.69832402,100,0,1,0.733152392,0.857535325,,,,
1_01874.mp4,1,33.42036554,97.43589744,1,1,0.791073525,1.171021623,,,,
1_01875.mp4,1,34.30656934,103.5714286,3,1,0.95024243,2.634330042,,,,
1_01876.mp4,1,26.4516129,124,7,1,0.864679709,1.629134401,,,,
1_01877.mp4,1,28.74251497,138.4615385,1,1,0.735373761,0.891522263,,,,
1_01878.mp4,1,27.0531401,116.6666667,1,0,0.851014376,-1.670180102,,,,
1_01879.mp4,1,38.29787234,166.6666667,2,1,0.663979549,0.556974676,,,,
1_01880.mp4,1,30.16393443,130.7692308,4,0,0.5,-0.073713419,,,,
1_01881.mp4,1,27.7027027,130.7692308,2,1,0.921109513,2.196823213,,,,
1_01882.mp4,1,5.603448276,108.5106383,11,1,0.811868812,1.269003531,,,,
1_01883.mp4,1,5.774278215,100,7,1,0.794913399,1.192592321,,,,
1_01884.mp4,1,42.28571429,83.33333333,3,1,0.893549654,1.874510236,,,,
1_01885.mp4,1,34.48275862,100,0,1,0.856194544,1.564393672,,,,
1_01886.mp4,1,20.57613169,172,1,1,0.824641801,1.348285016,,,,
1_01887.mp4,1,26.45914397,90,3,1,0.812315076,1.300277599,,,,
1_01888.mp4,1,40,125,2,1,0.861967352,1.631960998,,,,
1_01889.mp4,1,26.77165354,237.5,1,1,0.827881006,1.391551316,,,,
1_01890.mp4,1,30.08130081,104.3478261,1,1,0.932510944,2.352053399,,,,
1_01891.mp4,1,47.5,80,4,0,0.752972049,-1.081040242,,,,
1_01892.mp4,1,47.5,75,4,1,0.937607137,2.448387321,,,,
1_01893.mp4,1,40.42553191,100,0,1,0.874269804,1.703088504,,,,
1_01894.mp4,1,0.862068966,135.3846154,6,1,0.796409709,1.201078305,,,,
1_01895.mp4,1,35.83815029,88.88888889,2,0,0.663263095,-0.696635674,,,,
1_01896.mp4,1,25.09225092,115.3846154,1,1,0.542034366,0.097613551,,,,
1_01897.mp4,1,41.29554656,133.3333333,5,1,0.98552118,3.822089505,,,,
1_01898.mp4,1,30,120,3,1,0.93913429,2.453829532,,,,
1_01899.mp4,1,30.43478261,94.11764706,1,0,0.532741342,-0.173186761,,,,
1_01900.mp4,1,29.05982906,175,1,1,0.776647678,1.071480991,,,,
1_01901.mp4,1,31.30434783,95.65217391,1,1,0.66134622,0.5658501,,,,
1_01902.mp4,1,40.55944056,100,0,0,0.897619466,-2.056459738,,,,
1_01903.mp4,1,14.40677966,100,1,0,0.769229641,-1.169248033,,,,
1_01904.mp4,1,8.712121212,98.05825243,2,0,0.524025152,-0.146651143,,,,
1_01905.mp4,1,40.76433121,94.73684211,1,1,0.70486462,0.726645084,,,,
1_01906.mp4,1,2.477876106,105.3571429,8,1,0.929925715,2.333478438,,,,
1_01907.mp4,1,32.5,89.47368421,2,0,0.714640758,-0.910707298,,,,
1_01908.mp4,1,3.149606299,105.7142857,2,1,0.602428726,0.327978005,,,,
1_01909.mp4,1,36.11111111,100,0,0,0.805683013,-1.365095827,,,,
1_01910.mp4,1,40.31007752,85.71428571,2,1,0.916932237,2.163335128,,,,
1_01911.mp4,1,11.9047619,128.5714286,0,0,0.566488576,-0.299565482,,,,
1_01912.mp4,1,2.53164557,102.2222222,5,1,0.970391054,3.169125439,,,,
1_01913.mp4,1,23.35766423,100,0,1,0.955345743,2.768735299,,,,
1_01914.mp4,1,12.30769231,98.30508475,1,1,0.659271352,0.542822717,,,,
1_01915.mp4,1,31.31313131,116.6666667,1,1,0.667472729,0.585333549,,,,
1_01916.mp4,1,22.10526316,290.9090909,0,0,0.823866341,-1.476406529,,,,
1_01917.mp4,1,2.834008097,108.3333333,6,1,0.864024411,1.621078014,,,,
1_01918.mp4,1,34.84848485,194.7368421,1,0,0.787667821,-1.267981748,,,,
1_01919.mp4,1,32.91925466,140.7407407,1,1,0.779095204,1.095706013,,,,
1_01920.mp4,1,1.287553648,132.5581395,3,1,0.878791001,1.769493223,,,,
1_01921.mp4,1,30.97345133,96,2,1,0.96929096,3.083295349,,,,
1_01922.mp4,1,3.791469194,119.047619,1,1,0.967638101,3.084342387,,,,
1_01923.mp4,1,22.56410256,150,3,1,0.904027158,2.010846634,,,,
1_01924.mp4,1,39.61352657,89.47368421,3,1,0.958874866,2.854446207,,,,
1_01925.mp4,1,29.19708029,237.5,0,1,0.522465838,0.00989617,,,,
1_01926.mp4,1,11.41141141,100,0,1,0.97367383,3.241841097,,,,
1_01927.mp4,1,13.55932203,154.5454545,1,1,0.523484977,0.034712956,,,,
1_01928.mp4,1,25,222.2222222,3,0,0.623291552,-0.528192642,,,,
1_01929.mp4,1,33.61344538,107.6923077,0,1,0.871708458,1.682065114,,,,
1_01930.mp4,1,1.883239171,101.9607843,5,0,0.754176089,-1.092670809,,,,
1_01931.mp4,1,12.65822785,98.07692308,1,1,0.7235162,0.83013042,,,,
1_01932.mp4,1,32.30769231,100,0,1,0.816537074,1.30973978,,,,
1_01933.mp4,1,34.10852713,115.3846154,0,1,0.908505902,2.065604348,,,,
1_01934.mp4,1,0.796812749,90.74074074,7,0,0.832378356,-1.525560919,,,,
1_01935.mp4,1,38.05970149,116.6666667,3,0,0.720189445,-0.924897717,,,,
1_01936.mp4,1,35.21126761,93.33333333,1,1,0.629889224,0.415345997,,,,
1_01937.mp4,1,1.907790143,122.0338983,5,1,0.943490612,2.539559,,,,
1_01938.mp4,1,19.27710843,100,0,0,0.652435298,-0.643847795,,,,
1_01939.mp4,1,9.411764706,333.3333333,0,0,0.63878735,-0.585914372,,,,
1_01940.mp4,1,3.018867925,92.98245614,8,1,0.916891039,2.156726125,,,,
1_01941.mp4,1,9.523809524,363.6363636,0,1,0.967365594,3.070092408,,,,
1_01942.mp4,1,39.80099502,130,4,1,0.646300709,0.485605745,,,,
1_01943.mp4,1,26.72064777,128.5714286,0,1,0.858641793,1.595551729,,,,
1_01944.mp4,1,29.87012987,94.44444444,1,1,0.662951016,0.557950463,,,,
1_01945.mp4,1,38.63636364,150,1,1,0.649147925,0.515992426,,,,
1_01946.mp4,1,39.74358974,115.3846154,2,1,0.868910545,1.686884471,,,,
1_01947.mp4,1,19.75308642,108.3333333,0,0,0.522360142,-0.147575188,,,,
1_01948.mp4,1,26.08695652,96.15384615,1,1,0.75789994,0.976540757,,,,
1_01949.mp4,1,14.56953642,500,0,1,0.824627731,1.376671548,,,,
1_01950.mp4,1,26.71755725,275,0,1,0.754219057,0.967589971,,,,
1_01951.mp4,1,3.921568627,97.43589744,9,1,0.954289385,2.716226312,,,,
1_01952.mp4,1,23.72881356,100,0,0,0.621395724,-0.519907092,,,,
1_01953.mp4,1,28.03738318,129.4117647,3,1,0.564976042,0.182839406,,,,
1_01954.mp4,1,35.91331269,96.66666667,2,1,0.707309511,0.762546963,,,,
1_01955.mp4,1,25.95870206,100,0,1,0.653120089,0.5177083,,,,
1_01956.mp4,1,20.60606061,95,1,1,0.89142605,1.854350305,,,,
1_01957.mp4,1,17.33333333,100,0,1,0.939062638,2.428683882,,,,
1_01958.mp4,1,36.76470588,133.3333333,3,1,0.767002542,1.032244704,,,,
1_01959.mp4,1,33.01886792,164.7058824,6,1,0.634907457,0.433751676,,,,
1_01960.mp4,1,34.83146067,100,0,1,0.857007482,1.567881114,,,,
1_01961.mp4,1,29.18454936,113.6363636,1,1,0.85967337,1.62035927,,,,
1_01962.mp4,1,38.25136612,160,2,1,0.838153068,1.465597292,,,,
1_01963.mp4,1,35.50295858,200,0,1,0.952959171,2.718298833,,,,
1_01964.mp4,1,57.33333333,121.4285714,3,1,0.534963479,0.071400896,,,,
1_01965.mp4,1,23.07692308,129.7297297,0,0,0.510258483,-0.089959693,,,,
1_01966.mp4,1,33.03571429,92.85714286,2,0,0.791370651,-1.279913213,,,,
1_01967.mp4,1,37.5,107.4074074,3,1,0.894356852,1.912373569,,,,
1_01968.mp4,1,5.169628433,95.3125,9,1,0.83471396,1.413602778,,,,
1_01969.mp4,1,38.46153846,100,2,1,0.872787667,1.718640671,,,,
1_01970.mp4,1,14.28571429,150,0,1,0.652127911,0.513677215,,,,
1_01971.mp4,1,0.947867299,216.6666667,4,1,0.562760821,0.158554363,,,,
1_01972.mp4,1,40.81632653,183.3333333,0,1,0.566908688,0.180769378,,,,
1_01973.mp4,1,22.91666667,78.26086957,5,1,0.796280383,1.178780498,,,,
1_01974.mp4,1,2.025316456,233.3333333,1,1,0.8273648,1.365645199,,,,
1_01975.mp4,1,20.54054054,150,2,0,0.547863299,-0.249117405,,,,
1_01976.mp4,1,26.66666667,90.69767442,4,1,0.763678463,1.030798581,,,,
1_01977.mp4,1,21.9895288,95.65217391,1,1,0.98509141,3.794736942,,,,
1_01978.mp4,1,27.86885246,150,0,1,0.776046778,1.089270769,,,,
1_01979.mp4,1,2.714932127,134,8,1,0.731160224,0.856412305,,,,
1_01980.mp4,1,19.8630137,93.10344828,2,1,0.760598485,1.015118791,,,,
1_01981.mp4,1,22.57053292,96.875,1,0,0.5,-0.06114763,,,,
1_01982.mp4,1,3.351955307,133.3333333,7,0,0.598650369,-0.441947611,,,,
1_01983.mp4,1,38.75968992,228.5714286,1,1,0.612487525,0.342385771,,,,
1_01984.mp4,1,25.23659306,93.93939394,2,1,0.799440687,1.208337815,,,,
1_01985.mp4,1,29.55974843,110.3448276,1,1,0.628773897,0.419567527,,,,
1_01986.mp4,1,26.19047619,107.1428571,2,1,0.673686617,0.592905874,,,,
1_01987.mp4,1,22.22222222,125,0,1,0.58406077,0.245898688,,,,
1_01988.mp4,1,32.29166667,85.71428571,7,0,0.708835744,-0.875497875,,,,
1_01989.mp4,1,1.658374793,137.254902,9,1,0.803800057,1.221887212,,,,
1_01990.mp4,1,28.125,264.2857143,0,1,0.829555147,1.378481691,,,,
1_01991.mp4,1,33.89830508,147.0588235,0,1,0.534574418,0.075770324,,,,
1_01992.mp4,1,20.62780269,143.75,0,1,0.822789936,1.335605954,,,,
1_01993.mp4,1,32.50688705,118.75,1,1,0.740923262,0.918026896,,,,
1_01994.mp4,1,44.44444444,100,0,1,0.874058142,1.729227266,,,,
1_01995.mp4,1,26.51933702,209.0909091,0,1,0.537930027,0.066844608,,,,
1_01996.mp4,1,33.33333333,111.7647059,3,1,0.949273514,2.631788244,,,,
1_01997.mp4,1,33.97683398,100,0,0,0.654224925,-0.663218923,,,,
1_01998.mp4,1,37.56345178,133.3333333,0,0,0.511339473,-0.010187444,,,,
1_01999.mp4,1,18.86792453,132,1,1,0.680841833,0.626795374,,,,
1_02000.mp4,1,39.14590747,120,4,1,0.909874387,2.080904943,,,,
1_02001.mp4,1,28.91566265,100,0,1,0.571606084,0.191282646,,,,
1_02002.mp4,1,23.68421053,132.1428571,1,1,0.552245903,0.119681954,,,,
1_02003.mp4,1,40.93023256,118.1818182,0,1,0.551049697,0.115262824,,,,
1_02004.mp4,1,34.73684211,95.45454545,1,0,0.545823679,-0.23185963,,,,
1_02005.mp4,1,30.76923077,94.11764706,1,0,0.759587043,-1.12890069,,,,
1_02006.mp4,1,36.12903226,131.25,2,1,0.98694025,3.898224145,,,,
1_02007.mp4,1,36.48648649,90,2,1,0.698113899,0.697045615,,,,
1_02008.mp4,1,32.85714286,133.3333333,1,1,0.931118058,2.309049651,,,,
1_02009.mp4,1,24.65753425,100,0,1,0.877592782,1.759172315,,,,
1_02010.mp4,1,32.51231527,138.8888889,4,1,0.756303158,0.977972186,,,,
1_02011.mp4,1,43.31797235,136.8421053,4,1,0.822996965,1.349939518,,,,
1_02012.mp4,1,18.5483871,113.6363636,0,0,0.700371682,-0.841639974,,,,
1_02013.mp4,1,4.071246819,94.87179487,2,1,0.900643371,1.975419034,,,,
1_02014.mp4,1,1.811594203,140.4255319,4,0,0.812331803,-1.404826262,,,,
1_02015.mp4,1,30.48780488,146.1538462,1,1,0.802099102,1.239749917,,,,
1_02016.mp4,1,22.85714286,121.4285714,1,1,0.851675419,1.54386328,,,,
1_02017.mp4,1,27.70562771,200,2,1,0.618588292,0.370411811,,,,
1_02018.mp4,1,2.506963788,89.74358974,8,1,0.868934251,1.662895961,,,,
1_02019.mp4,1,17.58241758,160,0,1,0.7562486,0.993206424,,,,
1_02020.mp4,1,16.81415929,150,2,1,0.644577497,0.469099891,,,,
1_02021.mp4,1,29.24901186,121.7391304,0,0,0.640544229,-0.593287397,,,,
1_02022.mp4,1,3.456790123,85.71428571,6,1,0.569499933,0.183488125,,,,
1_02023.mp4,1,2.641509434,85.91549296,11,1,0.69291987,0.684443802,,,,
1_02024.mp4,1,26.80412371,120,0,1,0.544416445,0.112266705,,,,
1_02025.mp4,1,49.73544974,94.73684211,1,1,0.521646902,0.027913827,,,,
1_02026.mp4,1,8.403361345,100,0,1,0.873102087,1.721252174,,,,
1_02027.mp4,1,8.823529412,100,0,1,0.886781615,1.840684893,,,,
1_02028.mp4,1,25.25252525,116.6666667,3,1,0.705897495,0.756258978,,,,
1_02029.mp4,1,48.52071006,130.7692308,3,1,0.80239225,1.213724366,,,,
1_02030.mp4,1,25.28735632,137.5,0,1,0.905449382,1.994590195,,,,
1_02031.mp4,1,36.84210526,116.6666667,0,0,0.512808557,-0.017389962,,,,
1_02032.mp4,1,41.70616114,90.90909091,3,1,0.970923928,3.165777095,,,,
1_02033.mp4,1,18.60465116,107.6923077,0,1,0.798534846,1.213210086,,,,
1_02034.mp4,1,38.46153846,125,1,1,0.80250908,1.236155267,,,,
1_02035.mp4,1,55.83333333,77.77777778,7,1,0.949504403,2.620079713,,,,
1_02036.mp4,1,27.5862069,108.3333333,0,1,0.904889963,2.026149565,,,,
1_02037.mp4,1,28.26855124,109.6774194,4,1,0.804361311,1.24696705,,,,
1_02038.mp4,1,6.837606838,1300,1,1,0.691197681,0.677000563,,,,
1_02039.mp4,1,19.1011236,133.3333333,0,1,0.798717916,1.220234303,,,,
1_02040.mp4,1,28.35820896,100,2,1,0.530232492,0.038481517,,,,
1_02041.mp4,1,9.685230024,98.50746269,1,1,0.568008011,0.186295831,,,,
1_02042.mp4,1,27.73109244,104,2,1,0.874425393,1.721103552,,,,
1_02043.mp4,1,37.95620438,128,1,1,0.812639186,1.273602798,,,,
1_02044.mp4,1,28.57142857,85.71428571,3,1,0.969229168,3.12620152,,,,
1_02045.mp4,1,31.85840708,108,0,1,0.757514773,0.973163319,,,,
1_02046.mp4,1,19.2893401,100,1,1,0.782933129,1.132191803,,,,
1_02047.mp4,1,50.84745763,95,2,0,0.76593725,-1.145224135,,,,
1_02048.mp4,1,30.55555556,133.3333333,1,1,0.597833109,0.305064338,,,,
1_02049.mp4,1,20,138.4615385,0,1,0.606460198,0.320169539,,,,
1_02050.mp4,1,10.30444965,98.63013699,1,1,0.596613864,0.306378039,,,,
1_02051.mp4,1,44.19889503,146.1538462,4,1,0.55859329,0.159104833,,,,
1_02052.mp4,1,3.404255319,88.75,9,1,0.840064264,1.472625231,,,,
1_02053.mp4,1,3.406326034,113.5135135,3,1,0.927363635,2.264186403,,,,
1_02054.mp4,1,23.31288344,103.125,2,0,0.516507161,-0.003888265,,,,
1_02055.mp4,1,31.25,110,1,0,0.559424856,-0.292255356,,,,
1_02056.mp4,1,20.80924855,118.75,0,1,0.784561358,1.135090596,,,,
1_02057.mp4,1,26.8907563,105.7142857,2,1,0.86237708,1.611235572,,,,
1_02058.mp4,1,25.24271845,115.7894737,0,1,0.658896458,0.541285922,,,,
1_02059.mp4,1,31.4893617,178.9473684,5,1,0.968233619,3.051399597,,,,
1_02060.mp4,1,34.22053232,96.15384615,2,0,0.514589882,-0.019062635,,,,
1_02061.mp4,1,4.255319149,1350,0,0,0.505291621,-0.045635084,,,,
1_02062.mp4,1,23.58078603,126.3157895,3,0,0.665770814,-0.70198867,,,,
1_02063.mp4,1,3.111111111,127.027027,5,1,0.736095507,0.869132635,,,,
1_02064.mp4,1,3.193612774,129.5454545,9,1,0.777363286,1.102231153,,,,
1_02065.mp4,1,33.54037267,100,0,0,0.513555936,-0.113582659,,,,
1_02066.mp4,1,22.33009709,115,2,1,0.752414996,0.96817309,,,,
1_02067.mp4,1,31.57894737,116,5,1,0.935625125,2.417526385,,,,
1_02068.mp4,1,23.21428571,100,0,1,0.810771556,1.262477454,,,,
1_02069.mp4,1,13.93034826,110,0,0,0.693018143,-0.803830174,,,,
1_02070.mp4,1,19.84732824,100,0,1,0.910465378,2.049325305,,,,
1_02071.mp4,1,2.551020408,160.6060606,6,1,0.947235366,2.568085901,,,,
1_02072.mp4,1,1.941747573,105.1282051,1,1,0.900643371,1.975419034,,,,
1_02073.mp4,1,30.18867925,228.5714286,0,0,0.544068188,-0.235022767,,,,
1_02074.mp4,1,27.52293578,144.8275862,2,1,0.880880387,1.787703879,,,,
1_02075.mp4,1,37.91469194,96.15384615,2,0,0.848506058,-1.642742595,,,,
1_02076.mp4,1,19.56521739,114.2857143,0,1,0.735339688,0.885433013,,,,
1_02077.mp4,1,15.53398058,216.6666667,0,1,0.84111642,1.485869253,,,,
1_02078.mp4,1,21.71052632,146.1538462,3,1,0.526068962,0.023153703,,,,
1_02079.mp4,1,29.34362934,119.047619,2,1,0.86670843,1.642039622,,,,
1_02080.mp4,1,12.57142857,118.75,0,1,0.660612056,0.543244324,,,,
1_02081.mp4,1,29.34782609,216.6666667,0,1,0.760013665,0.985693708,,,,
1_02082.mp4,1,25.80645161,170.5882353,1,1,0.903383569,2.010110639,,,,
1_02083.mp4,1,40.86021505,81.81818182,2,0,0.551617406,-0.243558124,,,,
1_02084.mp4,1,32.0441989,141.1764706,1,1,0.897415383,1.942615976,,,,
1_02085.mp4,1,37.3015873,109.0909091,3,1,0.552824574,0.129042032,,,,
1_02086.mp4,1,20.4379562,125,0,0,0.822339796,-1.4795061,,,,
1_02087.mp4,1,42.02898551,108.3333333,1,1,0.657922067,0.527847675,,,,
1_02088.mp4,1,27.21088435,94.11764706,1,1,0.681025643,0.633493573,,,,
1_02089.mp4,1,21.80451128,109.6774194,3,1,0.839721059,1.470274743,,,,
1_02090.mp4,1,15.73033708,700,0,1,0.897091544,1.913839066,,,,
1_02091.mp4,1,1.234567901,98.75,5,1,0.839799988,1.446052869,,,,
1_02092.mp4,1,2.012072435,97.82608696,2,1,0.794159264,1.166989831,,,,
1_02093.mp4,1,20.57613169,116.6666667,0,0,0.804538936,-1.371741324,,,,
1_02094.mp4,1,9.459459459,141.3793103,3,1,0.937101913,2.440434688,,,,
1_02095.mp4,1,33.33333333,220,0,1,0.617012697,0.359040031,,,,
1_02096.mp4,1,28.57142857,88.23529412,2,1,0.924327267,2.223544775,,,,
1_02097.mp4,1,3.013182674,135,7,0,0.5,-0.072457862,,,,
1_02098.mp4,1,17.71217712,124,0,1,0.936870015,2.430655595,,,,
1_02099.mp4,1,16,135.7142857,0,0,0.505312862,-0.07169094,,,,
1_02100.mp4,1,21.52466368,112,0,1,0.745518004,0.94025132,,,,
1_02101.mp4,1,2.443991853,102.0833333,5,1,0.864564625,1.652226538,,,,
1_02102.mp4,1,7.242339833,99.29078014,1,1,0.89873327,1.955895435,,,,
1_02103.mp4,1,24.32432432,100,0,1,0.87094793,1.692332547,,,,
1_02104.mp4,1,44.03669725,200,0,1,0.907653762,2.023954315,,,,
1_02105.mp4,1,34.44976077,122.2222222,0,0,0.645405394,-0.625563953,,,,
1_02106.mp4,1,31.48148148,100,0,0,0.524778062,-0.149439045,,,,
1_02107.mp4,1,43.93939394,93.75,1,1,0.80862365,1.261952305,,,,
1_02108.mp4,1,24.45414847,242.8571429,0,1,0.966060361,3.038842003,,,,
1_02109.mp4,1,33.45724907,93.93939394,3,1,0.648794787,0.490844762,,,,
1_02110.mp4,1,32.53968254,107.1428571,3,1,0.733988494,0.869708285,,,,
1_02111.mp4,1,53.26633166,111.1111111,3,1,0.605140496,0.3153007,,,,
1_02112.mp4,1,13.82978723,100,0,0,0.550673204,-0.249771187,,,,
1_02113.mp4,1,4.118993135,110.6382979,4,1,0.818782857,1.339906925,,,,
1_02114.mp4,1,36.01895735,147.0588235,3,1,0.647833464,0.495306465,,,,
1_02115.mp4,1,6.772009029,104.5454545,5,1,0.805185446,1.229691264,,,,
1_02116.mp4,1,30.94339623,100,0,0,0.844942217,-1.626789369,,,,
1_02117.mp4,1,31.72413793,160,2,1,0.670378011,0.588734968,,,,
1_02118.mp4,1,45.54455446,86.95652174,3,1,0.599984472,0.296264942,,,,
1_02119.mp4,1,32.69961977,194.7368421,3,0,0.737411063,-1.020687538,,,,
1_02120.mp4,1,10.40892193,97.95918367,1,1,0.926382538,2.284372174,,,,
1_02121.mp4,1,18.5840708,147.6190476,0,1,0.758584138,0.978514742,,,,
1_02122.mp4,1,37.01492537,89.47368421,9,1,0.868851961,1.659039129,,,,
1_02123.mp4,1,1.76730486,97.26027397,2,0,0.733035841,-1.000051904,,,,
1_02124.mp4,1,7.637231504,106.9767442,3,1,0.933698898,2.354311432,,,,
1_02125.mp4,1,32.47863248,164.7058824,0,1,0.917018425,2.131556499,,,,
1_02126.mp4,1,23.28767123,112,1,1,0.798393001,1.218371824,,,,
1_02127.mp4,1,9.963099631,192.8571429,5,1,0.769070427,1.052638863,,,,
1_02128.mp4,1,32.33532934,95,1,0,0.882735481,-1.915707261,,,,
1_02129.mp4,1,3.870967742,212.5,0,1,0.696323353,0.689258245,,,,
1_02130.mp4,1,32.14285714,109.0909091,2,1,0.689356792,0.669069643,,,,
1_02131.mp4,1,35.65217391,104.3478261,4,1,0.714545433,0.789140198,,,,
1_02132.mp4,1,34.7266881,106.4516129,0,0,0.5464266,-0.234083843,,,,
1_02133.mp4,1,20.91503268,222.2222222,1,1,0.567675984,0.192883053,,,,
1_02134.mp4,1,32.95454545,105.2631579,1,1,0.848014929,1.504931172,,,,
1_02135.mp4,1,34.96503497,118.5185185,5,0,0.509421607,-0.023070392,,,,
1_02136.mp4,1,28.38709677,91.89189189,3,1,0.548814197,0.115107751,,,,
1_02137.mp4,1,26.45502646,192.8571429,0,1,0.712080493,0.761637519,,,,
1_02138.mp4,1,14.65968586,230,0,0,0.559322957,-0.278263117,,,,
1_02139.mp4,1,43.39622642,90.47619048,3,0,0.645358791,-0.631107225,,,,
1_02140.mp4,1,30.9178744,143.75,0,1,0.856933541,1.582684018,,,,
1_02141.mp4,1,41.79104478,92.30769231,3,1,0.798128423,1.189266831,,,,
1_02142.mp4,1,29.53586498,96.66666667,1,1,0.556051105,0.140885383,,,,
1_02143.mp4,1,26.84563758,162.5,2,1,0.576872164,0.227102161,,,,
1_02144.mp4,1,7.960199005,95.23809524,6,1,0.646155266,0.470500152,,,,
1_02145.mp4,1,37.43315508,100,0,1,0.675327918,0.603759628,,,,
1_02146.mp4,1,35.01683502,103.7037037,5,1,0.797465531,1.185495051,,,,
1_02147.mp4,1,40.79320113,91.89189189,4,1,0.8102416,1.259809412,,,,
1_02148.mp4,1,37.83783784,89.28571429,5,0,0.821202885,-1.465151657,,,,
1_02149.mp4,1,38.19444444,103.4482759,2,0,0.506093671,-0.086350492,,,,
1_02150.mp4,1,36.54822335,100,1,0,0.903213468,-2.122308765,,,,
1_02151.mp4,1,2.641509434,90.47619048,6,1,0.744612397,0.935850347,,,,
1_02152.mp4,1,15.78947368,138.4615385,0,1,0.675285516,0.599592177,,,,
1_02153.mp4,1,33.73493976,100,0,1,0.885129056,1.825609245,,,,
1_02154.mp4,1,1.038961039,110.8108108,6,1,0.634028947,0.438892544,,,,
1_02155.mp4,1,37,100,0,1,0.767911688,1.025893758,,,,
1_02156.mp4,1,13.49693252,362.5,1,0,0.822384843,-1.479789229,,,,
1_02157.mp4,1,46.32352941,108.3333333,5,1,0.696256708,0.698932046,,,,
1_02158.mp4,1,29.93197279,100,0,1,0.629889224,0.415345997,,,,
1_02159.mp4,1,18.36734694,150,2,1,0.898489311,1.959506138,,,,
1_02160.mp4,1,24.47552448,107.4074074,3,1,0.756336018,0.968787527,,,,
1_02161.mp4,1,6.299212598,160,13,1,0.885979367,1.804192192,,,,
1_02162.mp4,1,30.53892216,120.5882353,3,1,0.658724529,0.555063265,,,,
1_02163.mp4,1,3.488372093,172,4,0,0.632636671,-0.57807327,,,,
1_02164.mp4,1,9.134615385,100,0,1,0.65478147,0.5244704,,,,
1_02165.mp4,1,21.95121951,143.75,0,1,0.541957817,0.081699118,,,,
1_02166.mp4,1,22.47191011,95.23809524,1,1,0.986897079,3.895153102,,,,
1_02167.mp4,1,53.39366516,81.81818182,5,1,0.770218828,1.048893895,,,,
1_02168.mp4,1,33.81642512,168.75,2,1,0.710419718,0.776460413,,,,
1_02169.mp4,1,19.86754967,161.5384615,2,1,0.926300925,2.277140198,,,,
1_02170.mp4,1,29.24901186,116.6666667,1,1,0.764897998,1.037045818,,,,
1_02171.mp4,1,13.8996139,100,0,1,0.667208623,0.58423535,,,,
1_02172.mp4,1,1.826484018,106.9767442,8,0,0.729033137,-0.976740695,,,,
1_02173.mp4,1,26.28571429,123.5294118,1,0,0.582873889,-0.380985991,,,,
1_02174.mp4,1,17.54385965,100,1,1,0.605878412,0.323918533,,,,
1_02175.mp4,1,11.60949868,105.8823529,14,1,0.664930798,0.566123206,,,,
1_02176.mp4,1,13.5770235,98.5915493,1,1,0.902874249,1.967500553,,,,
1_02177.mp4,1,26.37362637,127.7777778,2,1,0.61889985,0.383145948,,,,
1_02178.mp4,1,49.18032787,100,3,1,0.845037316,1.496444362,,,,
1_02179.mp4,1,20,250,0,0,0.891315139,-2.004648032,,,,
1_02180.mp4,1,5.286343612,107.6923077,9,1,0.97871718,3.460742133,,,,
1_02181.mp4,1,10.52631579,1100,0,0,0.753557044,-1.083361519,,,,
1_02182.mp4,1,34.7107438,80,3,1,0.9561053,2.785326819,,,,
1_02183.mp4,1,27.65957447,96.875,1,0,0.726546417,-0.959891463,,,,
1_02184.mp4,1,21.15384615,116.6666667,1,0,0.638136156,-0.600844185,,,,
1_02185.mp4,1,11.27348643,97.89473684,2,1,0.646358254,0.498832319,,,,
1_02186.mp4,1,31.11111111,96,1,1,0.951257055,2.670501269,,,,
1_02187.mp4,1,5,106.6666667,9,1,0.805351508,1.242630751,,,,
1_02188.mp4,1,32.60869565,92.30769231,3,0,0.5,-0.076909037,,,,
1_02189.mp4,1,21.91780822,125,0,1,0.854526011,1.581648013,,,,
1_02190.mp4,1,3.661327231,97.61904762,13,0,0.68197314,-0.756363795,,,,
1_02191.mp4,1,18.65284974,100,0,1,0.94000891,2.468035753,,,,
1_02192.mp4,1,18.47826087,164.2857143,0,1,0.649201366,0.516209064,,,,
1_02193.mp4,1,4.206500956,132.6530612,6,1,0.838608218,1.468691371,,,,
1_02194.mp4,1,24.45652174,92.5,4,1,0.8967844,1.910791153,,,,
1_02195.mp4,1,38.88888889,144.4444444,0,1,0.940384279,2.458568699,,,,
1_02196.mp4,1,53.08056872,73.07692308,8,1,0.57633422,0.225100255,,,,
1_02197.mp4,1,27.19546742,95,2,1,0.969265562,3.133578201,,,,
1_02198.mp4,1,19.51219512,111.7647059,0,1,0.804246187,1.224483153,,,,
1_02199.mp4,1,30.92783505,141.1764706,3,0,0.78356002,-1.24546704,,,,
1_02200.mp4,1,16.66666667,100,0,1,0.724047077,0.838501554,,,,
1_02201.mp4,1,23.94366197,140,1,1,0.826310596,1.357755173,,,,
1_02202.mp4,1,27.21088435,100,0,1,0.807610141,1.266118259,,,,
1_02203.mp4,1,47.32824427,136.3636364,3,0,0.898240719,-2.072206729,,,,
1_02204.mp4,1,22.47191011,143.75,0,1,0.856177826,1.57703235,,,,
1_02205.mp4,1,23.20441989,111.7647059,1,1,0.822055968,1.354384558,,,,
1_02206.mp4,1,16.84210526,111.1111111,0,1,0.700080011,0.715643236,,,,
1_02207.mp4,1,28.96825397,84.12698413,10,1,0.98018549,3.509019305,,,,
1_02208.mp4,1,31.33640553,105.8823529,1,1,0.872127122,1.68547671,,,,
1_02209.mp4,1,44.89795918,93.33333333,1,0,0.805683013,-1.365095827,,,,
1_02210.mp4,1,38.66666667,86.66666667,5,1,0.867757695,1.677596635,,,,
1_02211.mp4,1,23.17596567,96.15384615,1,1,0.965835842,3.032533551,,,,
1_02212.mp4,1,43.07692308,125,2,1,0.706559815,0.734139181,,,,
1_02213.mp4,1,33.50253807,137.5,1,0,0.512635864,-0.018568248,,,,
1_02214.mp4,1,8.712121212,130.4347826,7,1,0.781146653,1.122523037,,,,
1_02215.mp4,1,38.83495146,110,1,1,0.570160382,0.185932259,,,,
1_02216.mp4,1,27.06766917,115.3846154,4,0,0.839815162,-1.591220238,,,,
1_02217.mp4,1,49.29577465,138.4615385,2,1,0.868369277,1.68251516,,,,
1_02218.mp4,1,5.714285714,133.3333333,4,1,0.945692616,2.549477236,,,,
1_02219.mp4,1,55.68181818,81.25,4,1,0.927986825,2.300199182,,,,
1_02220.mp4,1,3.389830508,102.7777778,9,1,0.693119452,0.70012909,,,,
1_02221.mp4,1,8.130081301,167.7419355,6,1,0.858150823,1.591840161,,,,
1_02222.mp4,1,13.40782123,123.5294118,0,1,0.732564509,0.872314957,,,,
1_02223.mp4,1,3.248259861,124.3902439,6,1,0.916901458,2.144718836,,,,
1_02224.mp4,1,25.46816479,138.0952381,1,1,0.776824471,1.083606108,,,,
1_02225.mp4,1,34.97757848,125,1,0,0.796372581,-1.311156158,,,,
1_02226.mp4,1,25.3164557,140,0,1,0.855165289,1.580365975,,,,
1_02227.mp4,1,23.02631579,100,2,1,0.841540999,1.472132597,,,,
1_02228.mp4,1,27.39726027,190,1,1,0.75507351,0.981391031,,,,
1_02229.mp4,1,18.18181818,188.8888889,0,0,0.600106106,-0.429128035,,,,
1_02230.mp4,1,41.44736842,109.375,3,1,0.864491788,1.640629867,,,,
1_02231.mp4,1,7.722007722,100,0,0,0.507873215,-0.081147923,,,,
1_02232.mp4,1,12.70588235,92.59259259,4,1,0.786873586,1.15372228,,,,
1_02233.mp4,1,27.3015873,97.14285714,1,1,0.802895711,1.216456861,,,,
1_02234.mp4,1,14.67889908,133.3333333,0,1,0.587791941,0.259749341,,,,
1_02235.mp4,1,4.637681159,140,4,1,0.902183959,1.991412192,,,,
1_02236.mp4,1,16.28959276,100,0,0,0.699518094,-0.8347053,,,,
1_02237.mp4,1,4.710920771,93.61702128,3,0,0.747870873,-1.06660681,,,,
1_02238.mp4,1,10.71428571,209.0909091,2,1,0.908300018,2.0453103,,,,
1_02239.mp4,1,34.62897527,87.87878788,4,1,0.795609679,1.174993345,,,,
1_02240.mp4,1,9.401709402,98.93617021,1,1,0.738039205,0.898277958,,,,
1_02241.mp4,1,36.84210526,93.33333333,1,1,0.718004103,0.80484989,,,,
1_02242.mp4,1,39.30131004,168.4210526,3,1,0.942331969,2.525825492,,,,
1_02243.mp4,1,1.260504202,182.3529412,3,1,0.720858734,0.801045055,,,,
1_02244.mp4,1,37.59398496,155,6,1,0.587724977,0.267484408,,,,
1_02245.mp4,1,38.0952381,100,0,1,0.647422094,0.470203104,,,,
1_02246.mp4,1,11.82795699,110,0,1,0.936901435,2.431146664,,,,
1_02247.mp4,1,15.90909091,117.6470588,0,1,0.550610191,0.120916715,,,,
1_02248.mp4,1,23.52941176,277.7777778,1,1,0.749527495,0.933686328,,,,
1_02249.mp4,1,6.129032258,90.76923077,6,1,0.828999981,1.376173859,,,,
1_02250.mp4,1,30.76923077,123.0769231,0,0,0.778792138,-1.21971881,,,,
1_02251.mp4,1,13.125,100,0,0,0.519805426,-0.136408074,,,,
1_02252.mp4,1,37.07317073,100,0,1,0.775735612,1.093576482,,,,
1_02253.mp4,1,35.15625,125,3,1,0.774727657,1.061355782,,,,
1_02254.mp4,1,3.526448363,106.8181818,3,1,0.742151263,0.899938228,,,,
1_02255.mp4,1,32,107.1428571,1,1,0.840373362,1.480757598,,,,
1_02256.mp4,1,21.55688623,100,0,0,0.601126345,-0.451627749,,,,
1_02257.mp4,1,48.10126582,150,5,1,0.879391676,1.75004901,,,,
1_02258.mp4,1,23.44827586,124,1,1,0.955943319,2.781765732,,,,
1_02259.mp4,1,4.90797546,80.39215686,10,0,0.5,-0.056584757,,,,
1_02260.mp4,1,19.14893617,97.14285714,9,1,0.767392568,1.034255148,,,,
1_02261.mp4,1,38.80597015,122.5806452,4,1,0.669539718,0.575642323,,,,
1_02262.mp4,1,33.91812865,105.5555556,1,1,0.707288711,0.73736924,,,,
1_02263.mp4,1,4.362416107,92.42424242,5,0,0.551540561,-0.255884548,,,,
1_02264.mp4,1,26.60098522,96,1,1,0.78531019,1.13918195,,,,
1_02265.mp4,1,3.50877193,107.6923077,0,1,0.813309093,1.277614005,,,,
1_02266.mp4,1,5.113636364,159.375,1,1,0.884334603,1.789459636,,,,
1_02267.mp4,1,23.48754448,152.3809524,4,1,0.912524056,2.072597669,,,,
1_02268.mp4,1,30.43478261,100,0,1,0.613769393,0.352804398,,,,
1_02269.mp4,1,1.570680628,120.5882353,6,1,0.829028326,1.376357067,,,,
1_02270.mp4,1,18.35748792,116.6666667,1,0,0.517061186,-0.126382292,,,,
1_02271.mp4,1,26.82926829,100,0,1,0.735699216,0.877794212,,,,
1_02272.mp4,1,3.5,136.3636364,3,1,0.525690541,0.029659718,,,,
1_02273.mp4,1,29.75206612,100,0,1,0.958442818,2.796849304,,,,
1_02274.mp4,1,5.714285714,210,1,1,0.871951905,1.687413061,,,,
1_02275.mp4,1,31.70731707,106.6666667,0,1,0.880098263,1.756170223,,,,
1_02276.mp4,1,38.46153846,185.7142857,1,1,0.882881085,1.776591899,,,,
1_02277.mp4,1,25.94142259,226.6666667,0,1,0.697809607,0.699061394,,,,
1_02278.mp4,1,39.08794788,83.87096774,5,1,0.836283914,1.446955765,,,,
1_02279.mp4,1,27.65957447,121.0526316,1,1,0.927372597,2.264308662,,,,
1_02280.mp4,1,30.47619048,109.0909091,1,1,0.921059567,2.174746437,,,,
1_02281.mp4,1,25.28735632,100,0,0,0.565311045,-0.307600459,,,,
1_02282.mp4,1,37.69633508,105.5555556,0,1,0.944307782,2.540817249,,,,
1_02283.mp4,1,11.39896373,98.63013699,1,1,0.783889981,1.110777017,,,,
1_02284.mp4,1,28.57142857,119.047619,1,0,0.794627563,-1.298007078,,,,
1_02285.mp4,1,12.67605634,210.5263158,2,1,0.849244807,1.511509959,,,,
1_02286.mp4,1,33.56643357,107.1428571,0,0,0.686485628,-0.778836814,,,,
1_02287.mp4,1,41.46341463,128.5714286,1,1,0.731670053,0.850638598,,,,
1_02288.mp4,1,25.64102564,240,1,1,0.879252199,1.779544094,,,,
1_02289.mp4,1,19.94750656,105.5555556,4,1,0.68554682,0.642921057,,,,
1_02290.mp4,1,20,166.6666667,0,1,0.908507022,2.065616792,,,,
1_02291.mp4,1,2,900,0,1,0.76993625,1.06309493,,,,
1_02292.mp4,1,30.76923077,110,0,0,0.906618769,-2.136966202,,,,
1_02293.mp4,1,35.85657371,121.7391304,5,1,0.844085706,1.475354242,,,,
1_02294.mp4,1,4.854368932,160.6060606,4,1,0.813839589,1.281418044,,,,
1_02295.mp4,1,39.57219251,105.5555556,4,0,0.662516923,-0.691924458,,,,
1_02296.mp4,1,22.74509804,133.3333333,2,1,0.911264023,2.090558911,,,,
1_02297.mp4,1,18.3908046,138.0952381,2,1,0.720439326,0.796485682,,,,
1_02298.mp4,1,9.278350515,115.1515152,3,0,0.51971973,-0.14512217,,,,
1_02299.mp4,1,19.33085502,129.1666667,2,1,0.735461982,0.868329582,,,,
1_02300.mp4,1,71.55963303,53.84615385,6,1,0.930082441,2.30193337,,,,
1_02301.mp4,1,28.39116719,97.05882353,1,0,0.581909625,-0.364148212,,,,
1_02302.mp4,1,15,137.5,0,1,0.865906311,1.668863135,,,,
1_02303.mp4,1,26.97947214,134.375,5,1,0.946243912,2.559393265,,,,
1_02304.mp4,1,14.35897436,100,0,1,0.754560702,0.960026883,,,,
1_02305.mp4,1,1.020408163,158.0645161,0,1,0.933751684,2.389160459,,,,
1_02306.mp4,1,1.745200698,90.47619048,7,1,0.743751069,0.905654906,,,,
1_02307.mp4,1,31.57894737,104.3478261,3,1,0.778782316,1.103854187,,,,
1_02308.mp4,1,0.900900901,1366.666667,0,1,0.970075326,3.138450124,,,,
1_02309.mp4,1,3.406326034,208.3333333,2,1,0.822422381,1.3566942,,,,
1_02310.mp4,1,37.96296296,186.6666667,1,1,0.613363348,0.351319567,,,,
1_02311.mp4,1,25.09803922,163.1578947,2,1,0.825849255,1.38447548,,,,
1_02312.mp4,1,34.14634146,183.3333333,2,1,0.562844075,0.158862312,,,,
1_02313.mp4,1,25.57077626,140,1,1,0.711132863,0.779663069,,,,
1_02314.mp4,1,41.11111111,94.73684211,2,1,0.596879887,0.290913911,,,,
1_02315.mp4,1,0.312989045,111.2903226,0,1,0.757089595,0.991479314,,,,
1_02316.mp4,1,34.40860215,105.5555556,0,1,0.94645745,2.553971645,,,,
1_02317.mp4,1,52.68292683,110,7,0,0.507586941,-0.100524259,,,,
1_02318.mp4,1,15.38461538,173.3333333,0,1,0.90557386,2.027415703,,,,
1_02319.mp4,1,23.60248447,106.25,2,0,0.923338497,-2.333545359,,,,
1_02320.mp4,1,40.69767442,83.33333333,3,1,0.665631296,0.563734157,,,,
1_02321.mp4,1,17.73049645,159.0909091,0,1,0.675188058,0.608860087,,,,
1_02322.mp4,1,32.43243243,160,1,1,0.576886632,0.210827286,,,,
1_02323.mp4,1,39.23444976,90.90909091,4,0,0.698157504,-0.826238799,,,,
1_02324.mp4,1,2.288329519,102.0833333,1,0,0.554826736,-0.265153824,,,,
1_02325.mp4,1,42.79835391,77.41935484,7,1,0.818708585,1.323128971,,,,
1_02326.mp4,1,43.90243902,120,6,1,0.770621034,1.050987312,,,,
1_02327.mp4,1,15.38461538,100,0,1,0.832723267,1.399023118,,,,
1_02328.mp4,1,16.39344262,150,1,1,0.969765495,3.12865948,,,,
1_02329.mp4,1,13.55932203,100,0,0,0.72083603,-0.943615871,,,,
1_02330.mp4,1,42.91497976,84,6,0,0.562675359,-0.294341558,,,,
1_02331.mp4,1,14.11042945,119.4444444,3,1,0.941525249,2.468739833,,,,
1_02332.mp4,1,62.60869565,83.33333333,4,1,0.967550305,3.081754755,,,,
1_02333.mp4,1,37.3540856,141.6666667,2,1,0.718088761,0.796071108,,,,
1_02334.mp4,1,53.79310345,114.2857143,4,0,0.578869078,-0.35517058,,,,
1_02335.mp4,1,8.067940552,98.71794872,1,1,0.608337453,0.332926598,,,,
1_02336.mp4,1,40.55944056,175,5,1,0.974628663,3.294927096,,,,
1_02337.mp4,1,57.95454545,94.11764706,7,1,0.923684379,2.229978103,,,,
1_02338.mp4,1,9.696969697,137.5,0,1,0.819899124,1.340863572,,,,
1_02339.mp4,1,31.97026022,107.4074074,0,0,0.810745376,-1.400850186,,,,
1_02340.mp4,1,21.57676349,96.55172414,1,1,0.733897056,0.869277027,,,,
1_02341.mp4,1,7.855973813,99.19354839,1,1,0.64167044,0.458490527,,,,
1_02342.mp4,1,10.64814815,98.7654321,1,1,0.518971421,0.012217241,,,,
1_02343.mp4,1,15.11627907,105.5555556,2,1,0.713020764,0.765823747,,,,
1_02344.mp4,1,10.16949153,98.55072464,1,1,0.827221003,1.393290505,,,,
1_02345.mp4,1,39.09090909,161.1111111,3,1,0.939287123,2.440731473,,,,
1_02346.mp4,1,25.27472527,121.0526316,2,1,0.746886268,0.922635734,,,,
1_02347.mp4,1,29.94652406,95,1,0,0.681192353,-0.769761172,,,,
1_02348.mp4,1,19.42857143,123.5294118,3,1,0.672797063,0.589193238,,,,
1_02349.mp4,1,1.694915254,192.5925926,6,1,0.721978105,0.806123979,,,,
1_02350.mp4,1,35.42857143,133.3333333,1,1,0.706973175,0.761047589,,,,
1_02351.mp4,1,29.52380952,246.1538462,3,0,0.528667751,-0.16882654,,,,
1_02352.mp4,1,14.0969163,130,0,1,0.915274654,2.137311298,,,,
1_02353.mp4,1,5.934718101,218.5185185,0,1,0.657875409,0.537104488,,,,
1_02354.mp4,1,26.34146341,119.047619,0,0,0.738726637,-1.011944989,,,,
1_02355.mp4,1,1.735357918,148.6486486,4,1,0.744028465,0.933018037,,,,
1_02356.mp4,1,1.324503311,90.14084507,7,1,0.893699427,1.894392314,,,,
1_02357.mp4,1,0.769230769,166.6666667,0,1,0.740290553,0.899662868,,,,
1_02358.mp4,1,31.37254902,100,2,1,0.574854617,0.219594106,,,,
1_02359.mp4,1,6.413301663,99.35064935,1,1,0.578751495,0.226185616,,,,
1_02360.mp4,1,25.85034014,222.2222222,0,1,0.548179404,0.112756155,,,,
1_02361.mp4,1,17.34104046,173.3333333,0,1,0.675171462,0.59911466,,,,
1_02362.mp4,1,32.43243243,119.047619,1,0,0.507548377,-0.092944399,,,,
1_02363.mp4,1,30.48780488,100,0,1,0.68843475,0.665107013,,,,
1_02364.mp4,1,20.2020202,171.4285714,2,0,0.601366241,-0.439825746,,,,
1_02365.mp4,1,31.37254902,113.3333333,2,1,0.664088327,0.562642492,,,,
1_02366.mp4,1,36.98630137,107.6923077,2,1,0.559508946,0.162508846,,,,
1_02367.mp4,1,15.03759398,161.9047619,0,1,0.94204782,2.48621024,,,,
1_02368.mp4,1,21.62162162,143.75,1,1,0.818253204,1.308366484,,,,
1_02369.mp4,1,19.09090909,162.5,1,0,0.73431072,-1.006042375,,,,
1_02370.mp4,1,8.695652174,98.86363636,1,1,0.950483951,2.668495344,,,,
1_02371.mp4,1,1.610305958,114.7540984,8,1,0.811911419,1.28161981,,,,
1_02372.mp4,1,28.23529412,95,1,1,0.515881839,0.000797353,,,,
1_02373.mp4,1,22.22222222,115.3846154,1,0,0.600935018,-0.432389586,,,,
1_02374.mp4,1,27.95031056,110,4,0,0.759440477,-1.12401339,,,,
1_02375.mp4,1,24.45414847,100,0,1,0.864669285,1.65305002,,,,
1_02376.mp4,1,24.5398773,89.47368421,2,1,0.681434579,0.649931865,,,,
1_02377.mp4,1,24.21875,96.42857143,1,1,0.654326531,0.537056933,,,,
1_02378.mp4,1,2.714932127,251.8518519,3,0,0.513953072,-0.103612417,,,,
1_02379.mp4,1,37.77777778,142.8571429,1,1,0.847628526,1.500075311,,,,
1_02380.mp4,1,1.988071571,113.4615385,4,1,0.762629927,1.025444989,,,,
1_02381.mp4,1,37.14285714,100,0,1,0.758366709,0.988311219,,,,
1_02382.mp4,1,27.04626335,108,2,1,0.841261301,1.455971711,,,,
1_02383.mp4,1,27.7992278,103.5714286,0,1,0.916216335,2.136465134,,,,
1_02384.mp4,1,32.41106719,113.0434783,3,1,0.625157987,0.394369424,,,,
1_02385.mp4,1,1.677852349,125,6,1,0.943165687,2.520979495,,,,
1_02386.mp4,1,38.1443299,100,5,0,0.519632349,-0.135775606,,,,
1_02387.mp4,1,37.6119403,78.37837838,8,1,0.812561616,1.273139036,,,,
1_02388.mp4,1,4.910714286,106.8181818,11,1,0.525955341,0.030627654,,,,
1_02389.mp4,1,23.17073171,89.47368421,3,1,0.71486652,0.796507823,,,,
1_02390.mp4,1,32.78688525,186.6666667,2,1,0.894455481,1.883218134,,,,
1_02391.mp4,1,30.69767442,110,2,1,0.947038158,2.602955047,,,,
1_02392.mp4,1,33.6,96.42857143,1,1,0.806879429,1.239557742,,,,
1_02393.mp4,1,1.496259352,112.8205128,2,1,0.888203099,1.824410013,,,,
1_02394.mp4,1,5.792682927,218.1818182,3,1,0.807366231,1.242763511,,,,
1_02395.mp4,1,2.5,102.5,5,1,0.784143061,1.11161027,,,,
1_02396.mp4,1,17.0212766,383.3333333,0,0,0.585544224,-0.378149683,,,,
1_02397.mp4,1,29.29292929,215.3846154,1,1,0.739905051,0.913136659,,,,
1_02398.mp4,1,41.52542373,109.0909091,1,1,0.880564909,1.756372267,,,,
1_02399.mp4,1,33.17073171,110,0,0,0.924542944,-2.373270581,,,,
1_02400.mp4,1,2.808988764,121.2121212,7,1,0.595550374,0.279879854,,,,
1_02401.mp4,1,6.504065041,104,3,1,0.904148964,1.98621429,,,,
1_02402.mp4,1,6.666666667,130.7692308,9,1,0.772824542,1.062501971,,,,
1_02403.mp4,1,38.70967742,85.71428571,2,1,0.66251201,0.546633559,,,,
1_02404.mp4,1,25.98870056,216.6666667,2,1,0.545134045,0.09341947,,,,
1_02405.mp4,1,32.91139241,183.3333333,1,0,0.5,-0.063194212,,,,
1_02406.mp4,1,34.12322275,175,1,1,0.846710864,1.508239858,,,,
1_02407.mp4,1,2.696629213,135,7,1,0.930435566,2.306935498,,,,
1_02408.mp4,1,32.70440252,110,1,1,0.6645718,0.555104509,,,,
1_02409.mp4,1,20,150,0,1,0.749279608,0.94321676,,,,
1_02410.mp4,1,28.32618026,123.8095238,2,1,0.753379378,0.978897038,,,,
1_02411.mp4,1,26.31578947,144.4444444,2,1,0.783532185,1.108853688,,,,
1_02412.mp4,1,27.86885246,100,0,1,0.66264876,0.547195155,,,,
1_02413.mp4,1,9.174311927,98.82352941,1,1,0.873395849,1.699319954,,,,
1_02414.mp4,1,1.534526854,105.8823529,5,1,0.611833,0.34572178,,,,
1_02415.mp4,1,18.57923497,127.7777778,0,0,0.921298571,-2.328809026,,,,
1_02416.mp4,1,11.5942029,98.61111111,1,1,0.778305476,1.080273025,,,,
1_02417.mp4,1,27.5862069,100,0,1,0.871598621,1.68117166,,,,
1_02418.mp4,1,16,100,0,0,0.722844641,-0.95280069,,,,
1_02419.mp4,1,7.94044665,113.5135135,4,1,0.67131165,0.592629457,,,,
1_02420.mp4,1,42.80442804,140,4,1,0.866367208,1.666485506,,,,
1_02421.mp4,1,58.74587459,77.41935484,13,1,0.640823797,0.469679975,,,,
1_02422.mp4,1,43.60189573,84.21052632,3,1,0.63566643,0.444905167,,,,
1_02423.mp4,1,30.651341,166.6666667,2,1,0.686767476,0.648125371,,,,
1_02424.mp4,1,54.12844037,86.95652174,7,1,0.59218449,0.289911178,,,,
1_02425.mp4,1,19.2893401,125,1,1,0.705839393,0.730951274,,,,
1_02426.mp4,1,2.857142857,110.5263158,3,1,0.684370603,0.641648482,,,,
1_02427.mp4,1,26.66666667,129.4117647,4,1,0.890427876,1.880713991,,,,
1_02428.mp4,1,22.90076336,136.3636364,0,1,0.605436264,0.325163382,,,,
1_02429.mp4,1,18.98734177,210,0,1,0.628233004,0.409262712,,,,
1_02430.mp4,1,20.08368201,221.0526316,0,1,0.825849255,1.38447548,,,,
1_02431.mp4,1,35.55555556,100,0,0,0.615010237,-0.488375436,,,,
1_02432.mp4,1,36.8627451,100,4,1,0.973886411,3.267645052,,,,
1_02433.mp4,1,47.27272727,100,6,1,0.87464042,1.709676811,,,,
1_02434.mp4,1,28.47682119,100,0,1,0.548786828,0.115006357,,,,
1_02435.mp4,1,35.71428571,175,1,1,0.663979549,0.556974676,,,,
1_02436.mp4,1,35,93.75,1,0,0.635393196,-0.5717384,,,,
1_02437.mp4,1,21.89054726,94.64285714,3,1,0.754922271,0.960255541,,,,
1_02438.mp4,1,28.80658436,95.83333333,1,1,0.696256708,0.698932046,,,,
1_02439.mp4,1,19.16167665,118.75,0,1,0.812322893,1.300324859,,,,
1_02440.mp4,1,35,92,2,1,0.879257963,1.745113066,,,,
1_02441.mp4,1,49.65517241,93.75,5,1,0.80805348,1.246434282,,,,
1_02442.mp4,1,8.695652174,98.86363636,1,1,0.946416258,2.562512889,,,,
1_02443.mp4,1,32.33532934,118.75,2,0,0.866472107,-1.778631436,,,,
1_02444.mp4,1,36.66666667,94.87179487,2,1,0.863121272,1.616992498,,,,
1_02445.mp4,1,21.51394422,116.6666667,0,1,0.701468719,0.730744283,,,,
1_02446.mp4,1,26.47058824,146.1538462,1,1,0.899257758,1.967304942,,,,
1_02447.mp4,1,17.94871795,103.2258065,3,1,0.800516748,1.230586191,,,,
1_02448.mp4,1,46.97986577,121.4285714,2,0,0.939031086,-2.624703372,,,,
1_02449.mp4,1,19.56521739,117.6470588,1,0,0.861123004,-1.745772206,,,,
1_02450.mp4,1,36.87150838,146.1538462,4,1,0.678434944,0.631315091,,,,
1_02451.mp4,1,29.19708029,94.73684211,1,1,0.68843475,0.665107013,,,,
1_02452.mp4,1,23.78854626,155,1,1,0.719923998,0.794137936,,,,
1_02453.mp4,1,31.14754098,145.4545455,2,1,0.652994475,0.507813973,,,,
1_02454.mp4,1,34.11764706,127.7777778,1,1,0.776424507,1.097234035,,,,
1_02455.mp4,1,4.115226337,88.88888889,7,1,0.953932695,2.725160709,,,,
1_02456.mp4,1,26.15384615,116.6666667,1,1,0.579634549,0.220998327,,,,
1_02457.mp4,1,1.897533207,88.88888889,7,1,0.915271553,2.110672974,,,,
1_02458.mp4,1,38.78787879,111.7647059,2,1,0.73528935,0.891121885,,,,
1_02459.mp4,1,29.37853107,117.6470588,0,1,0.680693591,0.640889824,,,,
1_02460.mp4,1,37.25490196,122.2222222,2,0,0.8091741,-1.399050933,,,,
1_02461.mp4,1,21.92513369,147.2222222,3,1,0.791553143,1.163725867,,,,
1_02462.mp4,1,39.0438247,92.30769231,3,0,0.539022294,-0.206815776,,,,
1_02463.mp4,1,20.32085561,100,0,1,0.971978408,3.215289947,,,,
1_02464.mp4,1,4.210526316,780,0,1,0.94695563,2.588325235,,,,
1_02465.mp4,1,30.95238095,162.5,0,1,0.778571267,1.082417888,,,,
1_02466.mp4,1,16.58536585,155.5555556,0,1,0.955425166,2.756976233,,,,
1_02467.mp4,1,14.41441441,86.95652174,8,1,0.795309492,1.173301292,,,,
1_02468.mp4,1,17.73399015,186.6666667,2,1,0.895732182,1.914248725,,,,
1_02469.mp4,1,21.3740458,100,0,1,0.938765295,2.460694248,,,,
1_02470.mp4,1,8.571428571,237.5,0,1,0.979287676,3.467469112,,,,
1_02471.mp4,1,6.472491909,98.37398374,2,1,0.953957289,2.698975893,,,,
1_02472.mp4,1,27.05882353,208.3333333,1,1,0.887725647,1.824330723,,,,
1_02473.mp4,1,31.09540636,108.3333333,0,1,0.722769237,0.826686578,,,,
1_02474.mp4,1,15.78947368,193.75,0,1,0.863140852,1.64107716,,,,
1_02475.mp4,1,10.03134796,100,0,1,0.924069293,2.2534775,,,,
1_02476.mp4,1,1.98019802,113.4615385,11,1,0.931787158,2.360206668,,,,
1_02477.mp4,1,29.50819672,175,2,0,0.613823941,-0.495662633,,,,
1_02478.mp4,1,0.985221675,135.2941176,4,1,0.84404217,1.506186342,,,,
1_02479.mp4,1,40.4494382,119.2307692,5,1,0.905865882,2.01871524,,,,
1_02480.mp4,1,30.76923077,140,2,1,0.901679541,1.955151199,,,,
1_02481.mp4,1,30.70866142,100,0,1,0.939200906,2.473875285,,,,
1_02482.mp4,1,8.270676692,128.8461538,7,1,0.710155607,0.769364489,,,,
1_02483.mp4,1,26.66666667,100,0,1,0.546040066,0.112475683,,,,
1_02484.mp4,1,14.48467967,97.14285714,11,1,0.950300088,2.6256753,,,,
1_02485.mp4,1,28.02547771,157.1428571,1,1,0.805772578,1.233398661,,,,
1_02486.mp4,1,14.43298969,95,1,1,0.627373454,0.397074514,,,,
1_02487.mp4,1,28.13299233,100,0,0,0.734523569,-1.007044305,,,,
1_02488.mp4,1,46.97986577,62.5,7,1,0.887860624,1.850632852,,,,
1_02489.mp4,1,38.84297521,104.1666667,1,1,0.582673682,0.248691184,,,,
1_02490.mp4,1,43.87096774,100,4,1,0.573465506,0.204870348,,,,
1_02491.mp4,1,36,105.5555556,4,1,0.912196483,2.068861543,,,,
1_02492.mp4,1,37.16814159,91.66666667,2,1,0.868064541,1.668975657,,,,
1_02493.mp4,1,13.5770235,98.5915493,1,1,0.912429727,2.10394612,,,,
1_02494.mp4,1,21.53846154,140,0,1,0.936960277,2.419328885,,,,
1_02495.mp4,1,10.05291005,97.14285714,2,1,0.930243499,2.29667546,,,,
1_02496.mp4,1,36.84210526,100,2,1,0.990543231,4.177665292,,,,
1_02497.mp4,1,1.809954751,98.82352941,1,1,0.804456964,1.247527476,,,,
1_02498.mp4,1,25.53191489,155.5555556,0,0,0.74929681,-1.077896685,,,,
1_02499.mp4,1,42.49084249,89.28571429,3,1,0.691512405,0.687264714,,,,
1_02500.mp4,1,24.5398773,146.1538462,0,1,0.616258082,0.379233857,,,,
1_02501.mp4,1,36.76470588,85.71428571,2,0,0.5,-0.061640018,,,,
1_02502.mp4,1,3.047619048,135.5555556,7,1,0.849498931,1.513316947,,,,
1_02503.mp4,1,15.97222222,114.2857143,1,1,0.619410417,0.376790673,,,,
1_02504.mp4,1,51.65562914,88.88888889,5,1,0.828097133,1.398949475,,,,
1_02505.mp4,1,7.482014388,99.27536232,1,1,0.807838216,1.245548278,,,,
1_02506.mp4,1,32.5,94.44444444,1,1,0.858560957,1.582119752,,,,
1_02507.mp4,1,31.73076923,100,0,1,0.819329691,1.337314846,,,,
1_02508.mp4,1,2.935779817,95.91836735,5,1,0.546928725,0.10004432,,,,
1_02509.mp4,1,4.955752212,99.00990099,1,0,0.51460084,-0.010847857,,,,
1_02510.mp4,1,19.14893617,100,0,1,0.530712082,0.040247698,,,,
1_02511.mp4,1,47.22222222,123.5294118,6,1,0.658291527,0.533821363,,,,
1_02512.mp4,1,31.68316832,96.77419355,3,1,0.811588217,1.279674871,,,,
1_02513.mp4,1,39.23444976,135.2941176,1,1,0.788976099,1.14941879,,,,
1_02514.mp4,1,4.601769912,126,8,0,0.703644447,-0.852678642,,,,
1_02515.mp4,1,34.92063492,112.5,0,1,0.730841486,0.846794098,,,,
1_02516.mp4,1,6.12244898,108.4745763,7,1,0.956610986,2.755716603,,,,
1_02517.mp4,1,27.84810127,108.3333333,5,0,0.851648437,-1.657800879,,,,
1_02518.mp4,1,36.98113208,160,3,1,0.758024186,1.00211858,,,,
1_02519.mp4,1,38.0952381,130,1,1,0.783178132,1.117687227,,,,
1_02520.mp4,1,19.04761905,138.4615385,2,1,0.771472337,1.071115712,,,,
1_02521.mp4,1,3.943661972,394.7368421,3,1,0.686407935,0.656418909,,,,
1_02522.mp4,1,28.91566265,100,0,0,0.579241049,-0.360522429,,,,
1_02523.mp4,1,23.92638037,106.0606061,3,1,0.559566115,0.168545567,,,,
1_02524.mp4,1,31.54929577,132.1428571,2,1,0.908252995,2.024850304,,,,
1_02525.mp4,1,37.28813559,210,2,0,0.540356901,-0.214214291,,,,
1_02526.mp4,1,34.20074349,173.6842105,2,1,0.890833886,1.878487592,,,,
1_02527.mp4,1,37.63837638,100,0,1,0.679496124,0.641701041,,,,
1_02528.mp4,1,24,371.4285714,0,1,0.56114417,0.15958903,,,,
1_02529.mp4,1,37.5,150,3,0,0.532907676,-0.186581146,,,,
1_02530.mp4,1,21.65605096,138.4615385,1,1,0.925799581,2.257994144,,,,
1_02531.mp4,1,20.57613169,125,3,1,0.785143872,1.128376088,,,,
1_02532.mp4,1,3.428571429,157.1428571,0,1,0.542274312,0.090352213,,,,
1_02533.mp4,1,44.82758621,133.3333333,4,1,0.902968473,1.987855183,,,,
1_02534.mp4,1,19.04761905,211.1111111,0,1,0.700547295,0.710931216,,,,
1_02535.mp4,1,48.64864865,121.4285714,3,1,0.81521754,1.301663256,,,,
1_02536.mp4,1,21.42857143,117.6470588,0,1,0.661291499,0.546009245,,,,
1_02537.mp4,1,2.237136465,109.7560976,10,1,0.679088689,0.619448647,,,,
1_02538.mp4,1,20.68965517,150,5,1,0.935320349,2.412859756,,,,
1_02539.mp4,1,15.75757576,100,0,1,0.884252634,1.823752031,,,,
1_02540.mp4,1,27.45098039,100,0,0,0.577388035,-0.349568223,,,,
1_02541.mp4,1,37.07317073,95.23809524,2,1,0.926700209,2.288684629,,,,
1_02542.mp4,1,34.28571429,131.5789474,2,0,0.690761232,-0.810548316,,,,
1_02543.mp4,1,3.797468354,137.037037,11,1,0.892083135,1.890391316,,,,
1_02544.mp4,1,35.58282209,119.3548387,7,1,0.908467159,2.027196048,,,,
1_02545.mp4,1,1.3136289,95.38461538,6,1,0.634019287,0.430497035,,,,
1_02546.mp4,1,4.275534442,147.3684211,1,0,0.781137198,-1.226708001,,,,
1_02547.mp4,1,5.067567568,124,11,0,0.548055852,-0.249833307,,,,
1_02548.mp4,1,36.09756098,187.5,1,1,0.80700078,1.262507725,,,,
1_02549.mp4,1,30.12048193,95.45454545,1,0,0.912651837,-2.218397279,,,,
1_02550.mp4,1,30.27027027,153.8461538,2,0,0.55199143,-0.244959645,,,,
1_02551.mp4,1,37.07317073,100,0,1,0.911871826,2.085515767,,,,
1_02552.mp4,1,42.97520661,103.7037037,0,1,0.848121654,1.503553429,,,,
1_02553.mp4,1,23.95833333,111.7647059,0,0,0.793553546,-1.308914489,,,,
1_02554.mp4,1,15.01340483,111.4285714,4,1,0.628909096,0.425926263,,,,
1_02555.mp4,1,18.30985915,100,0,0,0.633510398,-0.569632155,,,,
1_02556.mp4,1,33.57142857,119.2307692,2,1,0.861801651,1.606802125,,,,
1_02557.mp4,1,2.977667494,105.7142857,5,0,0.539535451,-0.198443669,,,,
1_02558.mp4,1,44.44444444,100,2,0,0.672091273,-0.741581014,,,,
1_02559.mp4,1,4.489795918,125,8,1,0.89737675,1.916676547,,,,
1_02560.mp4,1,17.82178218,131.5789474,0,0,0.570845063,-0.324916674,,,,
1_02561.mp4,1,44.04761905,138.4615385,1,1,0.759279345,0.992902889,,,,
1_02562.mp4,1,42.01680672,133.3333333,1,1,0.935475112,2.39639359,,,,
1_02563.mp4,1,33.02752294,130,0,1,0.837386855,1.454395335,,,,
1_02564.mp4,1,18.69158879,129.0322581,0,1,0.985494464,3.836188137,,,,
1_02565.mp4,1,24.83660131,122.5806452,5,1,0.901189112,1.969311464,,,,
1_02566.mp4,1,11.51515152,109.6774194,0,1,0.731502352,0.867317086,,,,
1_02567.mp4,1,0.751879699,100,7,1,0.876508441,1.749907392,,,,
1_02568.mp4,1,32.5,161.5384615,2,1,0.887785901,1.856006927,,,,
1_02569.mp4,1,36,170,2,0,0.820767922,-1.456828101,,,,
1_02570.mp4,1,44.44444444,144.4444444,4,1,0.834443191,1.440634864,,,,
1_02571.mp4,1,21.14285714,129.7297297,2,1,0.744246945,0.918708789,,,,
1_02572.mp4,1,19.27710843,146.6666667,0,0,0.729870618,-0.970548363,,,,
1_02573.mp4,1,3.340292276,100,4,1,0.762856441,1.000056985,,,,
1_02574.mp4,1,30.45685279,95.45454545,1,0,0.526729554,-0.163719586,,,,
1_02575.mp4,1,13.59223301,194.1176471,0,1,0.85993232,1.605359403,,,,
1_02576.mp4,1,23.21428571,100,0,1,0.746822936,0.946611011,,,,
1_02577.mp4,1,35.25423729,133.3333333,4,1,0.574520691,0.2241836,,,,
1_02578.mp4,1,20.16806723,766.6666667,1,0,0.911964806,-2.21914209,,,,
1_02579.mp4,1,37.69633508,184.6153846,2,0,0.750052873,-1.066607901,,,,
1_02580.mp4,1,45.77464789,74.07407407,10,1,0.710708648,0.762754605,,,,
1_02581.mp4,1,37.64705882,104,0,0,0.583471602,-0.372636954,,,,
1_02582.mp4,1,0.966183575,213.3333333,7,0,0.556049106,-0.26594891,,,,
1_02583.mp4,1,19.59183673,100,0,1,0.532167969,0.066855043,,,,
1_02584.mp4,1,22.04724409,113.3333333,0,1,0.736174871,0.871673523,,,,
1_02585.mp4,1,5.376344086,114.2857143,11,1,0.849538696,1.515804742,,,,
1_02586.mp4,1,23.07692308,600,0,1,0.985849135,3.865731804,,,,
1_02587.mp4,1,25.92592593,157.1428571,0,0,0.53424121,-0.18453119,,,,
1_02588.mp4,1,34.86238532,122.2222222,0,1,0.807384453,1.264780022,,,,
1_02589.mp4,1,38.41059603,100,0,1,0.558931984,0.166187754,,,,
1_02590.mp4,1,17.39130435,133.3333333,0,0,0.584066765,-0.366703631,,,,
1_02591.mp4,1,4.851752022,94.87179487,13,0,0.598612444,-0.430766046,,,,
1_02592.mp4,1,32.8358209,100,0,1,0.709174107,0.745746213,,,,
1_02593.mp4,1,10.28037383,161.1111111,2,1,0.958700367,2.813753028,,,,
1_02594.mp4,1,2.866242038,98.48484848,5,1,0.751451196,0.969343393,,,,
1_02595.mp4,1,16.04938272,128.5714286,0,1,0.610166619,0.350829171,,,,
1_02596.mp4,1,25.51724138,110,2,1,0.939928455,2.442591087,,,,
1_02597.mp4,1,36.79245283,120,1,1,0.664558563,0.573239959,,,,
1_02598.mp4,1,28.8,300,0,1,0.70004798,0.72449014,,,,
1_02599.mp4,1,5.241935484,148.0769231,1,0,0.581201314,-0.374589472,,,,
1_02600.mp4,1,28.14814815,155.5555556,1,1,0.736386893,0.881054014,,,,
1_02601.mp4,1,17.77777778,100,0,0,0.553809742,-0.26437229,,,,
1_02602.mp4,1,11.02362205,177.7777778,0,0,0.677751418,-0.742101793,,,,
1_02603.mp4,1,31.81818182,100,3,1,0.776771235,1.083323482,,,,
1_02604.mp4,1,4.744525547,121.5686275,9,1,0.694107942,0.683108434,,,,
1_02605.mp4,1,22.82608696,105.8823529,0,1,0.649102525,0.509934517,,,,
1_02606.mp4,1,34.57943925,116.6666667,1,0,0.512256954,-0.006797539,,,,
1_02607.mp4,1,35.0877193,154.5454545,3,0,0.81774051,-1.443546514,,,,
1_02608.mp4,1,21.05263158,93.33333333,1,0,0.586900984,-0.385709568,,,,
1_02609.mp4,1,21.75732218,112.5,0,0,0.870225271,-1.819833315,,,,
1_02610.mp4,1,30.76923077,190,1,1,0.910781581,2.085065127,,,,
1_02611.mp4,1,11.83431953,100,0,1,0.680079935,0.619745127,,,,
1_02612.mp4,1,9.785932722,164.516129,0,0,0.510806906,-0.097772848,,,,
1_02613.mp4,1,21.36752137,233.3333333,0,1,0.836398895,1.453737571,,,,
1_02614.mp4,1,35.66433566,96.2962963,2,1,0.928084423,2.274064445,,,,
1_02615.mp4,1,21.39917695,211.7647059,0,0,0.589309679,-0.405712214,,,,
1_02616.mp4,1,2.004008016,100,0,1,0.898620894,1.954757101,,,,
1_02617.mp4,1,36.55913978,106.8965517,0,0,0.752050516,-1.082117918,,,,
1_02618.mp4,1,16.7539267,216.6666667,1,1,0.965902186,2.984546676,,,,
1_02619.mp4,1,33.98058252,125,1,1,0.92303964,2.206762502,,,,
1_02620.mp4,1,15.25423729,150,0,1,0.681318168,0.6287952,,,,
1_02621.mp4,1,19.56521739,100,0,1,0.845838221,1.487524937,,,,
1_02622.mp4,1,30.76923077,176.4705882,3,1,0.962146308,2.93421303,,,,
1_02623.mp4,1,41.34078212,111.1111111,3,1,0.902551762,1.969426163,,,,
1_02624.mp4,1,38.83495146,257.1428571,0,1,0.843378933,1.501553719,,,,
1_02625.mp4,1,30.84577114,113.6363636,1,1,0.884747121,1.810753674,,,,
1_02626.mp4,1,3.240740741,133.3333333,4,0,0.663731029,-0.69299286,,,,
1_02627.mp4,1,32.46073298,105.4054054,3,1,0.67824315,0.615912904,,,,
1_02628.mp4,1,44.94382022,84.21052632,3,1,0.910970638,2.060882601,,,,
1_02629.mp4,1,43.61702128,140,2,0,0.914935105,-2.245158309,,,,
1_02630.mp4,1,25.33692722,92.85714286,4,1,0.747898549,0.925738734,,,,
1_02631.mp4,1,6.896551724,195.8333333,5,1,0.78165276,1.098788123,,,,
1_02632.mp4,1,32.46073298,115.7894737,3,0,0.689043377,-0.797985791,,,,
1_02633.mp4,1,30.98591549,94.44444444,1,1,0.760574951,0.999441743,,,,
1_02634.mp4,1,4.361370717,205,3,1,0.927128313,2.294523648,,,,
1_02635.mp4,1,32.25806452,106.25,0,0,0.784404565,-1.244448501,,,,
1_02636.mp4,1,10.89108911,98.79518072,1,0,0.758615861,-1.109272229,,,,
1_02637.mp4,1,26.71232877,120,3,1,0.835085955,1.428364006,,,,
1_02638.mp4,1,1.550387597,98.66666667,1,0,0.652685438,-0.662239749,,,,
1_02639.mp4,1,38.50931677,142.8571429,1,0,0.560867364,-0.278322213,,,,
1_02640.mp4,1,28.74251497,88.88888889,2,1,0.7616225,1.014370447,,,,
1_02641.mp4,1,7.294832827,97.14285714,1,1,0.717620922,0.78367754,,,,
1_02642.mp4,1,30.55555556,110.5263158,1,0,0.619098812,-0.504867261,,,,
1_02643.mp4,1,30.63829787,152.6315789,3,1,0.678249503,0.612032474,,,,
1_02644.mp4,1,61.20689655,90.90909091,9,1,0.65986108,0.55385444,,,,
1_02645.mp4,1,22.98850575,160,0,1,0.759666214,0.983946171,,,,
1_02646.mp4,1,37.90849673,88.88888889,4,1,0.935356798,2.371174183,,,,
1_02647.mp4,1,36.53846154,104.7619048,6,1,0.694191795,0.680021411,,,,
1_02648.mp4,1,28.125,125,0,1,0.800391584,1.213803257,,,,
1_02649.mp4,1,35.4978355,155,2,1,0.827125739,1.392676552,,,,
1_02650.mp4,1,21.89781022,190.9090909,1,0,0.543343989,-0.222719309,,,,
1_02651.mp4,1,30.76923077,100,0,1,0.896663091,1.904721782,,,,
1_02652.mp4,1,43.67816092,118.75,3,1,0.617511988,0.369789798,,,,
1_02653.mp4,1,15.22491349,166.6666667,0,1,0.646784859,0.482756538,,,,
1_02654.mp4,1,19.46902655,120.8333333,0,1,0.554241421,0.135221218,,,,
1_02655.mp4,1,24.65753425,166.6666667,0,0,0.562490028,-0.303750347,,,,
1_02656.mp4,1,25.0764526,112.1212121,5,1,0.775502609,1.092341196,,,,
1_02657.mp4,1,34.93975904,110.5263158,2,1,0.910254764,2.079096715,,,,
1_02658.mp4,1,35,150,2,1,0.85754808,1.587298284,,,,
1_02659.mp4,1,49.5049505,110,2,0,0.572798771,-0.332261272,,,,
1_02660.mp4,1,19.46472019,100,0,1,0.851042107,1.556088325,,,,
1_02661.mp4,1,1.691331924,97.82608696,5,0,0.822850621,-1.47554848,,,,
1_02662.mp4,1,41.57303371,123.5294118,2,0,0.846540211,-1.621442462,,,,
1_02663.mp4,1,27.94759825,96.55172414,1,1,0.748071813,0.946781356,,,,
1_02664.mp4,1,39.81042654,100,2,1,0.844900377,1.495483799,,,,
1_02665.mp4,1,30.10752688,135.2941176,2,0,0.654348239,-0.65779882,,,,
1_02666.mp4,1,1.851851852,126.3157895,6,1,0.935415719,2.395486662,,,,
1_02667.mp4,1,43.2748538,126.6666667,2,1,0.714871853,0.774089088,,,,
1_02668.mp4,1,35.65217391,104.3478261,0,1,0.823463393,1.339816033,,,,
1_02669.mp4,1,25.46583851,109.6774194,1,1,0.531083523,0.041615687,,,,
1_02670.mp4,1,42.46575342,100,3,1,0.766205404,1.028142967,,,,
1_02671.mp4,1,28.68217054,142.1052632,1,1,0.648257044,0.490980973,,,,
1_02672.mp4,1,33.76623377,104.3478261,1,1,0.686770193,0.672726606,,,,
1_02673.mp4,1,2.2172949,116.2162162,4,1,0.793592358,1.185138132,,,,
1_02674.mp4,1,23.25581395,142.8571429,0,1,0.719487443,0.802444332,,,,
1_02675.mp4,1,21.55688623,153.8461538,1,1,0.760099125,1.006644639,,,,
1_02676.mp4,1,7.731958763,193.9393939,4,1,0.702595054,0.716650833,,,,
1_02677.mp4,1,25.3164557,100,0,1,0.891113339,1.855916021,,,,
1_02678.mp4,1,37.03703704,106.25,3,1,0.81779326,1.317470216,,,,
1_02679.mp4,1,20.49180328,166.6666667,0,1,0.808703348,1.262426011,,,,
1_02680.mp4,1,37.3015873,96.66666667,1,1,0.576033544,0.223981321,,,,
1_02681.mp4,1,11.76470588,98.79518072,1,1,0.551790394,0.133825873,,,,
1_02682.mp4,1,35.34482759,92.59259259,2,1,0.680409557,0.630882658,,,,
1_02683.mp4,1,18.18181818,91.30434783,2,1,0.737054919,0.873671911,,,,
1_02684.mp4,1,2.247191011,104.4444444,5,1,0.672008817,0.5899914,,,,
1_02685.mp4,1,35.0877193,142.3076923,3,1,0.965634742,2.977161651,,,,
1_02686.mp4,1,28.9017341,100,0,1,0.900959789,1.978685599,,,,
1_02687.mp4,1,2.05655527,165.5172414,2,1,0.856607543,1.597162584,,,,
1_02688.mp4,1,28.01120448,100,0,1,0.704619101,0.725561774,,,,
1_02689.mp4,1,19.04761905,221.4285714,1,1,0.953810932,2.742206681,,,,
1_02690.mp4,1,36.64122137,100,1,1,0.798821767,1.214855291,,,,
1_02691.mp4,1,27.5862069,208.3333333,2,0,0.576608667,-0.357084171,,,,
1_02692.mp4,1,50,90,5,1,0.939856317,2.465543308,,,,
1_02693.mp4,1,25.53191489,84.21052632,3,1,0.970427989,3.118802786,,,,
1_02694.mp4,1,33.96226415,100,0,1,0.870642332,1.700968267,,,,
1_02695.mp4,1,14.52513966,100,0,0,0.76278404,-1.145048212,,,,
1_02696.mp4,1,13.86138614,93.75,1,1,0.781145849,1.106709415,,,,
1_02697.mp4,1,41.66666667,105.5555556,2,1,0.694916246,0.683156662,,,,
1_02698.mp4,1,16.54135338,150,0,1,0.743173486,0.902874953,,,,
1_02699.mp4,1,1.028277635,186.2068966,0,0,0.846936083,-1.640881113,,,,
1_02700.mp4,1,4.14507772,121.6216216,3,1,0.894893656,1.917624586,,,,
1_02701.mp4,1,35.24229075,110,3,1,0.570640637,0.196069331,,,,
1_02702.mp4,1,38.39285714,96.15384615,1,0,0.512116147,-0.108326902,,,,
1_02703.mp4,1,29.87551867,194.1176471,4,1,0.957101531,2.766566501,,,,
1_02704.mp4,1,5.78778135,210,2,1,0.910387885,2.048458808,,,,
1_02705.mp4,1,38.01652893,90.90909091,2,1,0.543651947,0.087949801,,,,
1_02706.mp4,1,12.46612466,98.46153846,1,1,0.896942914,1.943970537,,,,
1_02707.mp4,1,24.13793103,164.2857143,1,1,0.837151765,1.442219083,,,,
1_02708.mp4,1,31.90184049,100,0,1,0.970427989,3.118802786,,,,
1_02709.mp4,1,1.632653061,94.23076923,4,1,0.944411994,2.555655913,,,,
1_02710.mp4,1,32.78688525,110,2,1,0.612491332,0.365292274,,,,
1_02711.mp4,1,30.46357616,158.3333333,0,1,0.646174857,0.474922986,,,,
1_02712.mp4,1,49.68152866,128.5714286,1,1,0.699703788,0.728881918,,,,
1_02713.mp4,1,16.21621622,93.75,1,0,0.742759362,-1.046215952,,,,
1_02714.mp4,1,45.75163399,87.5,3,1,0.603822847,0.31919029,,,,
1_02715.mp4,1,11.53846154,260,0,1,0.787051947,1.15470361,,,,
1_02716.mp4,1,13.18681319,300,0,1,0.858964063,1.582490113,,,,
1_02717.mp4,1,10.42654028,98.64864865,1,1,0.855877194,1.57479093,,,,
1_02718.mp4,1,29.41176471,100,1,1,0.522716348,0.031869563,,,,
1_02719.mp4,1,27.18446602,187.5,2,1,0.849390307,1.527346486,,,,
1_02720.mp4,1,35.16483516,185.7142857,0,1,0.658213724,0.538489302,,,,
1_02721.mp4,1,32.25806452,133.3333333,1,1,0.726966096,0.828910606,,,,
1_02722.mp4,1,29.6875,140,0,0,0.538250862,-0.203980245,,,,
1_02723.mp4,1,43.06220096,84.61538462,4,1,0.777492771,1.087158125,,,,
1_02724.mp4,1,20.99447514,100,0,1,0.743880007,0.908193195,,,,
1_02725.mp4,1,40.17094017,115.7894737,3,1,0.861529501,1.634610337,,,,
1_02726.mp4,1,46.59090909,88.23529412,8,1,0.788650028,1.163522816,,,,
1_02727.mp4,1,24.73498233,93.75,2,1,0.91704049,2.146401343,,,,
1_02728.mp4,1,35.8974359,166.6666667,1,1,0.573450647,0.214369532,,,,
1_02729.mp4,1,45.39877301,88.88888889,3,1,0.541619989,0.087954655,,,,
1_02730.mp4,1,30.48780488,171.4285714,0,1,0.691196087,0.667100485,,,,
1_02731.mp4,1,26.53061224,100,0,1,0.785789811,1.120560094,,,,
1_02732.mp4,1,30.67484663,100,1,0,0.5,-0.043000793,,,,
1_02733.mp4,1,2.066115702,102,4,1,0.913835336,2.108252356,,,,
1_02734.mp4,1,25.14619883,153.3333333,4,0,0.596282542,-0.42634548,,,,
1_02735.mp4,1,26.53721683,93.93939394,2,1,0.807316151,1.264375254,,,,
1_02736.mp4,1,53.33333333,121.0526316,8,1,0.900997946,1.948165934,,,,
1_02737.mp4,1,27.45098039,161.5384615,1,0,0.779936499,-1.234376409,,,,
1_02738.mp4,1,1.818181818,900,0,1,0.670107905,0.602201443,,,,
1_02739.mp4,1,26.81564246,100,0,1,0.942987945,2.493287715,,,,
1_02740.mp4,1,30,87.09677419,4,0,0.539499375,-0.211028878,,,,
1_02741.mp4,1,24.71910112,117.9487179,3,1,0.814754505,1.309111155,,,,
1_02742.mp4,1,15.13157895,100,0,1,0.915445127,2.127247786,,,,
1_02743.mp4,1,30.40540541,103.4482759,3,0,0.892195667,-2.003205873,,,,
1_02744.mp4,1,16.25,200,0,0,0.647681533,-0.623494828,,,,
1_02745.mp4,1,42.01680672,130,2,0,0.664607086,-0.708405074,,,,
1_02746.mp4,1,2.547770701,123.0769231,1,0,0.641546964,-0.603221023,,,,
1_02747.mp4,1,32.17391304,96.15384615,1,1,0.980220026,3.529643235,,,,
1_02748.mp4,1,26.59574468,143.75,3,0,0.897619466,-2.056459738,,,,
1_02749.mp4,1,0.595238095,125.9259259,5,1,0.792583855,1.179471037,,,,
1_02750.mp4,1,41.32231405,88.88888889,2,0,0.974212562,-3.396956421,,,,
1_02751.mp4,1,41.53846154,150,1,1,0.945319031,2.542811476,,,,
1_02752.mp4,1,23.39622642,131.8181818,2,1,0.743516504,0.906454412,,,,
1_02753.mp4,1,3.218390805,134.2105263,2,1,0.69840333,0.717271424,,,,
1_02754.mp4,1,29.01234568,119.3548387,3,1,0.909817492,2.080264641,,,,
1_02755.mp4,1,27.10280374,122.7272727,1,1,0.600421265,0.303909771,,,,
1_02756.mp4,1,26.95652174,150,2,0,0.887930348,-1.951609012,,,,
1_02757.mp4,1,14.92537313,172.2222222,1,1,0.639140369,0.440077785,,,,
1_02758.mp4,1,37.60683761,121.7391304,2,1,0.992961545,4.449251034,,,,
1_02759.mp4,1,37.5,130,2,1,0.66244975,0.550728874,,,,
1_02760.mp4,1,1.515151515,158.974359,4,1,0.909477651,2.07644763,,,,
1_02761.mp4,1,10.1910828,100,0,1,0.717267561,0.807410333,,,,
1_02762.mp4,1,20.27027027,95.23809524,1,0,0.554422201,-0.259839928,,,,
1_02763.mp4,1,29.26829268,118.1818182,4,1,0.859910613,1.622171924,,,,
1_02764.mp4,1,24.80620155,145.4545455,2,1,0.550437461,0.120283011,,,,
1_02765.mp4,1,1.452784504,102.3255814,3,1,0.777349953,1.086398412,,,,
1_02766.mp4,1,29.33333333,132.1428571,1,1,0.886480209,1.843984922,,,,
1_02767.mp4,1,3.571428571,195.6521739,0,1,0.740578304,0.890434114,,,,
1_02768.mp4,1,33.12101911,125.8064516,4,1,0.683064211,0.636139375,,,,
1_02769.mp4,1,36.28691983,150,1,1,0.831841024,1.406878082,,,,
1_02770.mp4,1,11.53846154,209.0909091,2,1,0.834146599,1.422109768,,,,
1_02771.mp4,1,11.33333333,126.9230769,3,1,0.743073514,0.922462291,,,,
1_02772.mp4,1,22.35294118,95,3,1,0.709201507,0.748870095,,,,
1_02773.mp4,1,42.73504274,73.33333333,4,1,0.957387035,2.820159334,,,,
1_02774.mp4,1,5.152979066,112.9032258,9,0,0.725140559,-0.963349709,,,,
1_02775.mp4,1,20.48192771,121.4285714,0,1,0.796888348,1.182272408,,,,
1_02776.mp4,1,20.62780269,100,0,1,0.546143234,0.105214598,,,,
1_02777.mp4,1,40.61302682,100,4,0,0.726783078,-0.966276656,,,,
1_02778.mp4,1,30.46357616,136,3,1,0.766357575,1.017909874,,,,
1_02779.mp4,1,48.38709677,100,3,1,0.771237832,1.044098491,,,,
1_02780.mp4,1,40.23668639,93.75,1,1,0.806832285,1.26151089,,,,
1_02781.mp4,1,43.33333333,106.6666667,6,0,0.509843586,-0.021511737,,,,
1_02782.mp4,1,1.617250674,109.375,1,1,0.95107519,2.640772817,,,,
1_02783.mp4,1,36.55913978,133.3333333,3,1,0.916002481,2.146011189,,,,
1_02784.mp4,1,38.78787879,86.36363636,3,0,0.643215728,-0.609831618,,,,
1_02785.mp4,1,3.215434084,151.8518519,7,1,0.896162198,1.930128836,,,,
1_02786.mp4,1,30.625,103.125,4,1,0.771378187,1.070623019,,,,
1_02787.mp4,1,22.09944751,113.3333333,0,0,0.5,-0.047040115,,,,
1_02788.mp4,1,30.40935673,133.3333333,1,1,0.648396874,0.48924183,,,,
1_02789.mp4,1,33.33333333,91.66666667,2,1,0.683101761,0.636297552,,,,
1_02790.mp4,1,39.08045977,191.6666667,1,0,0.690888425,-0.805930291,,,,
1_02791.mp4,1,41.57303371,90.69767442,9,0,0.678183103,-0.751732867,,,,
1_02792.mp4,1,39.57219251,121.0526316,6,1,0.705976014,0.750699833,,,,
1_02793.mp4,1,29.26829268,131.8181818,0,1,0.869549262,1.664620183,,,,
1_02794.mp4,1,30.35019455,96.55172414,1,1,0.76480591,1.020965072,,,,
1_02795.mp4,1,30,94.11764706,3,1,0.877731993,1.73210004,,,,
1_02796.mp4,1,27.2,200,1,0,0.548458811,-0.251331744,,,,
1_02797.mp4,1,30.33175355,83.33333333,5,0,0.815487361,-1.429657776,,,,
1_02798.mp4,1,1.739130435,1100,0,1,0.605593369,0.333874328,,,,
1_02799.mp4,1,23.28042328,111.1111111,2,0,0.583228538,-0.369222439,,,,
1_02800.mp4,1,40,100,0,0,0.600802021,-0.437604275,,,,
1_02801.mp4,1,1.686340641,101.7857143,0,1,0.515922477,0.006748559,,,,
1_02802.mp4,1,47.91666667,111.7647059,3,1,0.77729969,1.075709956,,,,
1_02803.mp4,1,29.41176471,93.75,1,1,0.542955938,0.106847369,,,,
1_02804.mp4,1,1.449275362,93.10344828,4,1,0.790164589,1.165958147,,,,
1_02805.mp4,1,4.215456674,104.8780488,2,0,0.665193616,-0.699439285,,,,
1_02806.mp4,1,7.050092764,98.91304348,1,1,0.804462819,1.253541248,,,,
1_02807.mp4,1,18.09954751,100,0,1,0.888998742,1.849733234,,,,
1_02808.mp4,1,34.30079156,111.1111111,2,1,0.600498416,0.306876331,,,,
1_02809.mp4,1,29.10447761,96.55172414,2,1,0.832731059,1.412738249,,,,
1_02810.mp4,1,24.375,91.66666667,3,0,0.859083528,-1.730160108,,,,
1_02811.mp4,1,28.57142857,92.10526316,3,1,0.796610558,1.202220875,,,,
1_02812.mp4,1,29.22374429,96.2962963,1,1,0.890295639,1.843760885,,,,
1_02813.mp4,1,34.28571429,96.2962963,1,0,0.7997909,-1.344270362,,,,
1_02814.mp4,1,1.649484536,89.09090909,7,1,0.733662648,0.857669114,,,,
1_02815.mp4,1,24.73794549,96.36363636,2,1,0.789598959,1.168782541,,,,
1_02816.mp4,1,34.44976077,93.10344828,2,1,0.878326393,1.740878973,,,,
1_02817.mp4,1,22.22222222,90.19607843,5,1,0.703187848,0.722438855,,,,
1_02818.mp4,1,1.214574899,96.2962963,2,1,0.968245068,3.064416792,,,,
1_02819.mp4,1,21.57676349,96.875,1,1,0.927173278,2.254344574,,,,
1_02820.mp4,1,28.04232804,93.02325581,3,1,0.644530077,0.483240794,,,,
1_02821.mp4,1,22.37136465,96.22641509,2,1,0.710116283,0.749944361,,,,
1_02822.mp4,1,15.96244131,96.2962963,1,1,0.727093423,0.827042678,,,,
1_02823.mp4,1,40.15748031,87.5,4,1,0.889824322,1.839374141,,,,
1_02824.mp4,1,5.273833671,98.95287958,2,1,0.643168374,0.47239285,,,,
1_02825.mp4,1,38.5620915,90.47619048,4,1,0.684940555,0.658991433,,,,
1_02826.mp4,1,31.31313131,95.83333333,1,1,0.833911635,1.408285716,,,,
1_02827.mp4,1,32.96703297,96.36363636,2,1,0.784830944,1.136562335,,,,
1_02828.mp4,1,22.77580071,96.875,1,1,0.846052136,1.520324385,,,,
1_02829.mp4,1,42.55319149,83.33333333,5,1,0.653418115,0.509531022,,,,
1_02830.mp4,1,1.232665639,93.58974359,5,1,0.73459072,0.86425057,,,,
1_02831.mp4,1,41.34078212,91.30434783,2,0,0.541115354,-0.217032721,,,,
1_02832.mp4,1,24.51253482,95.45454545,2,1,0.673591791,0.61090238,,,,
1_02833.mp4,1,31.67420814,93.18181818,3,1,0.839792556,1.476775481,,,,
1_02834.mp4,1,25.10822511,127.2727273,1,1,0.9271247,2.288345803,,,,
1_02835.mp4,1,12.29773463,90,4,0,0.800874923,-1.350498699,,,,
1_02836.mp4,1,20.66420664,94.73684211,2,0,0.746709173,-1.065292442,,,,
1_02837.mp4,1,48.86877828,70.58823529,10,1,0.5402684,0.075467425,,,,
1_02838.mp4,1,11.28668172,100,0,1,0.547267122,0.122847757,,,,
1_02839.mp4,1,25.12562814,92,2,1,0.885931066,1.821479747,,,,
1_02840.mp4,1,19.37321937,92.68292683,4,1,0.819818577,1.346353819,,,,
1_02841.mp4,1,21.00840336,96.72131148,2,0,0.66848528,-0.730953137,,,,
1_02842.mp4,1,32.71604938,90.69767442,4,0,0.703953563,-0.854030864,,,,
1_02843.mp4,1,1.265822785,98.48484848,6,1,0.600297937,0.297422799,,,,
1_02844.mp4,1,1.016518424,96.25,13,1,0.866609213,1.668412242,,,,
1_02845.mp4,1,27.51091703,85.96491228,8,1,0.742591061,0.902034892,,,,
1_02846.mp4,1,30.49327354,96.2962963,1,1,0.746450136,0.920533524,,,,
1_02847.mp4,1,27.07692308,87.23404255,6,1,0.586670049,0.255585088,,,,
1_02848.mp4,1,17.55725191,94.87179487,3,1,0.66134622,0.5658501,,,,
1_02849.mp4,1,15.4340836,90.47619048,4,1,0.525707679,0.021824087,,,,
1_02850.mp4,1,23.67346939,97.22222222,1,0,0.857343729,-1.713357883,,,,
1_02851.mp4,1,24.74916388,97.43589744,1,1,0.618698065,0.374164245,,,,
1_02852.mp4,1,6.642066421,96.875,4,1,0.866797174,1.675950672,,,,
1_02853.mp4,1,5.069124424,100,0,1,0.973168306,3.210131239,,,,
1_02854.mp4,1,3.272727273,90.76923077,6,1,0.920611198,2.175802631,,,,
1_02855.mp4,1,29.80392157,96.875,1,1,0.817788551,1.304723188,,,,
1_02856.mp4,1,26.33744856,96.875,1,1,0.60023311,0.319824833,,,,
1_02857.mp4,1,21.72284644,87.87878788,4,1,0.943790587,2.544772399,,,,
1_02858.mp4,1,22.85714286,92.85714286,2,1,0.644542571,0.483032603,,,,
1_02859.mp4,1,4.175365344,94.33962264,3,1,0.691184278,0.685845257,,,,
1_02860.mp4,1,6.239168111,99.07407407,1,1,0.831843922,1.394676575,,,,
1_02861.mp4,1,19.64285714,96.15384615,1,0,0.615169379,-0.494745403,,,,
1_02862.mp4,1,11.47540984,96.66666667,1,1,0.91477927,2.119351068,,,,
1_02863.mp4,1,15.66820276,114.893617,2,1,0.864188172,1.62529209,,,,
1_02864.mp4,1,3.577817531,96.61016949,2,1,0.615878639,0.354868494,,,,
1_02865.mp4,1,15.69767442,89.13043478,5,0,0.541594816,-0.225851772,,,,
1_02866.mp4,1,7.339449541,100,0,1,0.629899212,0.429570961,,,,
1_02867.mp4,1,1.418439716,98.36065574,1,1,0.912174802,2.107106354,,,,
1_02868.mp4,1,25.86206897,92.98245614,5,0,0.505271898,-0.03260061,,,,
1_02869.mp4,1,22.34636872,91.11111111,4,1,0.780905545,1.115261918,,,,
1_02870.mp4,1,27.98353909,91.17647059,3,1,0.740308916,0.899750829,,,,
1_02871.mp4,1,30.42505593,94.54545455,3,0,0.895131326,-2.031728179,,,,
1_02872.mp4,1,29.24901186,103.8461538,1,1,0.708720692,0.753867057,,,,
1_02873.mp4,1,18.71657754,98.03921569,1,1,0.880056847,1.780493192,,,,
1_02874.mp4,1,37.56345178,92.85714286,4,1,0.811547329,1.29564327,,,,
1_02875.mp4,1,21.05263158,96.96969697,1,1,0.815575833,1.303851881,,,,
1_02876.mp4,1,31.09540636,95.12195122,2,0,0.639416407,-0.594267341,,,,
1_02877.mp4,1,49.79591837,88.88888889,3,1,0.9215216,2.220439523,,,,
1_02878.mp4,1,38.29787234,89.18918919,4,0,0.515753886,-0.014784321,,,,
1_02879.mp4,1,21.32352941,93.5483871,2,0,0.534920931,-0.194041311,,,,
1_02880.mp4,1,5.671641791,99.23664122,1,1,0.706142344,0.742393019,,,,
1_02881.mp4,1,22.71604938,107.1428571,4,1,0.59008948,0.26827614,,,,
1_02882.mp4,1,19.66101695,90,4,1,0.584570428,0.261586138,,,,
1_02883.mp4,1,34.01759531,94.73684211,2,0,0.734587517,-1.007345425,,,,
1_02884.mp4,1,18.09290954,89.09090909,6,1,0.73830743,0.881711395,,,,
1_02885.mp4,1,21.75438596,97.05882353,1,0,0.915250691,-2.256830809,,,,
1_02886.mp4,1,33.92226148,94.44444444,2,1,0.794276379,1.167491923,,,,
1_02887.mp4,1,23.31288344,97.5,1,0,0.830843524,-1.533985209,,,,
1_02888.mp4,1,6.871609403,98.93617021,1,1,0.630643911,0.43231126,,,,
1_02889.mp4,1,31.09243697,96.55172414,1,0,0.848228144,-1.633345015,,,,
1_02890.mp4,1,20.44887781,93.18181818,3,0,0.5,-0.067604293,,,,
1_02891.mp4,1,35.57692308,86.20689655,4,1,0.626683226,0.399923035,,,,
1_02892.mp4,1,37.43842365,87.09677419,4,0,0.712208358,-0.904614581,,,,
1_02893.mp4,1,27.8177458,90.74074074,5,1,0.69059787,0.683310563,,,,
1_02894.mp4,1,32.08955224,91.42857143,3,1,0.609687094,0.354903168,,,,
1_02895.mp4,1,2.431610942,97.14285714,2,1,0.816787636,1.327567397,,,,
1_02896.mp4,1,25.24916944,90.47619048,4,1,0.888342553,1.861169659,,,,
1_02897.mp4,1,41.75084175,90.32258065,3,0,0.551011124,-0.247052511,,,,
1_02898.mp4,1,17.51152074,92.59259259,2,1,0.590212131,0.266426515,,,,
1_02899.mp4,1,41.06463878,87.5,4,1,0.825321557,1.381098937,,,,
1_02900.mp4,1,26.17801047,96.15384615,1,1,0.841853321,1.484944251,,,,
1_02901.mp4,1,32.79742765,87.80487805,5,1,0.531392658,0.063983402,,,,
1_02902.mp4,1,16.54135338,93.75,2,1,0.659384829,0.533821181,,,,
1_02903.mp4,1,28.57142857,92,2,1,0.986463655,3.846772205,,,,
1_02904.mp4,1,36.36363636,88.57142857,4,1,0.617754201,0.361766755,,,,
1_02905.mp4,1,35.65891473,93.5483871,2,1,0.696738797,0.709988163,,,,
1_02906.mp4,1,18.96551724,96.66666667,1,1,0.948026217,2.582637773,,,,
1_02907.mp4,1,21.13821138,94.28571429,2,1,0.940746793,2.464530022,,,,
1_02908.mp4,1,1.060070671,115.5172414,7,1,0.868297326,1.687977142,,,,
1_02909.mp4,1,37.13355049,88.23529412,4,1,0.651991253,0.521664325,,,,
1_02910.mp4,1,19.54887218,95.34883721,2,0,0.888342794,-1.966790436,,,,
1_02911.mp4,1,1.649484536,94.73684211,3,1,0.911405284,2.098273009,,,,
1_02912.mp4,1,6.912442396,100,6,1,0.833748964,1.436013461,,,,
1_02913.mp4,1,4.181184669,96.92307692,2,1,0.667301752,0.570587121,,,,
1_02914.mp4,1,4.186046512,95.45454545,2,1,0.880795377,1.75836882,,,,
1_02915.mp4,1,7.30994152,97.18309859,4,1,0.913300704,2.08757824,,,,
1_02916.mp4,1,33.67346939,100,0,0,0.514360212,-0.019906732,,,,
1_02917.mp4,1,26.31578947,96.22641509,2,0,0.704928542,-0.8617733,,,,
1_02918.mp4,1,28.91566265,97.87234043,1,1,0.742033421,0.897399663,,,,
1_02919.mp4,1,25,96.07843137,2,1,0.778287448,1.0809183,,,,
1_02920.mp4,1,32.88409704,93.75,3,1,0.71212012,0.784104487,,,,
1_02921.mp4,1,27.11864407,97.05882353,1,1,0.874776925,1.710818127,,,,
1_02922.mp4,1,12.61261261,93.10344828,2,1,0.866637397,1.657575628,,,,
1_02923.mp4,1,39.22651934,88.37209302,5,0,0.518218286,-0.11938205,,,,
1_02924.mp4,1,28.77697842,93.5483871,2,1,0.814753059,1.286297652,,,,
1_02925.mp4,1,24.17582418,94.11764706,2,1,0.792459336,1.178772722,,,,
1_02926.mp4,1,18.97233202,94.44444444,2,1,0.645843769,0.473716404,,,,
1_02927.mp4,1,32.95019157,93.5483871,3,1,0.597833109,0.305064338,,,,
1_02928.mp4,1,28.18791946,92.10526316,3,1,0.926748447,2.27080218,,,,
1_02929.mp4,1,22.85714286,92.53731343,5,1,0.945277872,2.5329347,,,,
1_02930.mp4,1,10.95890411,97.14285714,1,1,0.911619058,2.094619217,,,,
1_02931.mp4,1,36.68639053,92.85714286,3,1,0.882786767,1.804563577,,,,
1_02932.mp4,1,21.64502165,96.66666667,1,0,0.812230802,-1.414113287,,,,
1_02933.mp4,1,0.958466454,94.44444444,4,1,0.70199642,0.714022037,,,,
1_02934.mp4,1,20.7852194,93.87755102,3,1,0.833428686,1.41734893,,,,
1_02935.mp4,1,34.63203463,87.09677419,4,1,0.829358538,1.378493154,,,,
1_02936.mp4,1,25.78397213,97.2972973,1,1,0.625807332,0.391334739,,,,
1_02937.mp4,1,34.45378151,100,0,1,0.675182645,0.623479247,,,,
1_02938.mp4,1,27.65957447,95.34883721,2,1,0.914747662,2.118977611,,,,
1_02939.mp4,1,31.70731707,93.33333333,2,0,0.662429321,-0.69297348,,,,
1_02940.mp4,1,22.68041237,93.33333333,3,1,0.941651462,2.470835137,,,,
1_02941.mp4,1,7.75862069,100,0,1,0.775200434,1.064694884,,,,
1_02942.mp4,1,21.42857143,91.17647059,3,0,0.536507299,-0.199923658,,,,
1_02943.mp4,1,31.96721311,96.66666667,1,1,0.875920767,1.720424193,,,,
1_02944.mp4,1,21.67487685,92.85714286,2,0,0.507137893,-0.025708592,,,,
1_02945.mp4,1,38.24289406,97.56097561,2,1,0.569154114,0.19055052,,,,
1_02946.mp4,1,16.97416974,95,2,1,0.709975958,0.759474785,,,,
1_02947.mp4,1,6.909788868,96.49122807,2,0,0.542046512,-0.217941273,,,,
1_02948.mp4,1,18.77934272,93.75,2,1,0.912597676,2.079455601,,,,
1_02949.mp4,1,9.016393443,98.8372093,1,1,0.898477067,1.959382298,,,,
1_02950.mp4,1,24.63054187,92,2,1,0.788969643,1.137983663,,,,
1_02951.mp4,1,6.106870229,99.18699187,1,1,0.953044005,2.726239745,,,,
1_02952.mp4,1,36.22828784,91.66666667,4,1,0.949722923,2.653656904,,,,
1_02953.mp4,1,32.8358209,100,2,1,0.969097442,3.077379098,,,,
1_02954.mp4,1,37.78801843,92.85714286,2,1,0.78661023,1.146309433,,,,
1_02955.mp4,1,17.81737194,92.72727273,4,0,0.563275551,-0.296580677,,,,
1_02956.mp4,1,19.35483871,92.85714286,4,1,0.967944688,3.087189154,,,,
1_02957.mp4,1,28.95622896,90.24390244,4,1,0.793214694,1.161544195,,,,
1_02958.mp4,1,28.21576763,100,0,1,0.525954494,0.030564437,,,,
1_02959.mp4,1,24.06639004,93.93939394,2,1,0.77985739,1.089230466,,,,
1_02960.mp4,1,3.2,123.5294118,3,1,0.628654757,0.407096643,,,,
1_02961.mp4,1,27.23004695,94.33962264,4,1,0.710116283,0.749944361,,,,
1_02962.mp4,1,38.9261745,90.19607843,6,1,0.818649786,1.333088979,,,,
1_02963.mp4,1,31.41993958,92.30769231,3,1,0.889231267,1.833877785,,,,
1_02964.mp4,1,20.73170732,100,0,1,0.914984766,2.121782125,,,,
1_02965.mp4,1,24.59893048,92.30769231,3,1,0.777285246,1.095857432,,,,
1_02966.mp4,1,15.14195584,92.85714286,3,1,0.779361436,1.085897609,,,,
1_02967.mp4,1,20.2247191,100,0,1,0.711942799,0.768290323,,,,
1_02968.mp4,1,30.81081081,95.23809524,2,1,0.957546775,2.787320927,,,,
1_02969.mp4,1,33.02325581,94.23076923,3,1,0.577312381,0.212403149,,,,
1_02970.mp4,1,12.64108352,98.33333333,1,1,0.72621368,0.842615133,,,,
1_02971.mp4,1,2.867383513,93.65079365,4,1,0.811868812,1.269003531,,,,
1_02972.mp4,1,25.11210762,92.85714286,2,1,0.843479765,1.485559392,,,,
1_02973.mp4,1,29.49308756,96.2962963,1,1,0.697921962,0.699547324,,,,
1_02974.mp4,1,33.23076923,89.47368421,4,1,0.918550687,2.17702306,,,,
1_02975.mp4,1,24.88888889,96.66666667,1,1,0.720352691,0.815584106,,,,
1_02976.mp4,1,34.05275779,90.38461538,5,1,0.646619451,0.485004288,,,,
1_02977.mp4,1,27.9245283,94.59459459,2,1,0.971310033,3.160598012,,,,
1_02978.mp4,1,25.19685039,96.55172414,1,1,0.581775207,0.235419137,,,,
1_02979.mp4,1,26.31578947,87.5,5,1,0.674570407,0.615014253,,,,
1_02980.mp4,1,22.42990654,91.42857143,3,1,0.949729801,2.614709021,,,,
1_02981.mp4,1,1.372212693,101.8518519,3,1,0.954617825,2.739642119,,,,
1_02982.mp4,1,8.73015873,98.88888889,1,1,0.865220564,1.633375889,,,,
1_02983.mp4,1,22.1402214,100,0,1,0.892031986,1.860066763,,,,
1_02984.mp4,1,11.83800623,88.63636364,5,0,0.59005199,-0.395596736,,,,
1_02985.mp4,1,14.46540881,100,0,1,0.92439611,2.239324238,,,,
1_02986.mp4,1,22.40325866,96.61016949,2,1,0.928763415,2.276057794,,,,
1_02987.mp4,1,33.20158103,96.66666667,1,1,0.934717978,2.40369645,,,,
1_02988.mp4,1,10.40892193,94.28571429,2,0,0.510157257,-0.014555137,,,,
1_02989.mp4,1,34.28571429,88.88888889,4,0,0.788408783,-1.266457849,,,,
1_02990.mp4,1,14,97.77777778,2,1,0.667154339,0.565761793,,,,
1_02991.mp4,1,0.59435364,103.030303,7,1,0.81789226,1.306143847,,,,
1_02992.mp4,1,18.56540084,100,0,0,0.507779185,-0.093794977,,,,
1_02993.mp4,1,15.82150101,85.9375,9,1,0.640108186,0.46705883,,,,
1_02994.mp4,1,0.943396226,106.8181818,2,1,0.981046879,3.59135558,,,,
1_02995.mp4,1,12.08053691,95.34883721,2,1,0.850359906,1.545119249,,,,
1_02996.mp4,1,32.12851406,97.05882353,1,0,0.929156152,-2.435761601,,,,
1_02997.mp4,1,19.84732824,94.28571429,2,1,0.841585857,1.483095414,,,,
1_02998.mp4,1,28.47222222,96.96969697,1,1,0.854126581,1.549101101,,,,
1_02999.mp4,1,28.94736842,94.28571429,2,0,0.816126428,-1.427987975,,,,
1_03000.mp4,1,5.059021922,101.754386,3,1,0.736509061,0.896915234,,,,
1_03001.mp4,1,7.033639144,99.25925926,1,1,0.866723523,1.658260651,,,,
1_03002.mp4,1,15.73033708,93.75,2,0,0.860594348,-1.72404906,,,,
1_03003.mp4,1,36.55913978,93.5483871,2,0,0.536627456,-0.198016168,,,,
1_03004.mp4,1,44.66019417,85.71428571,4,1,0.636410694,0.430122062,,,,
1_03005.mp4,1,5.691056911,92.45283019,4,1,0.772461731,1.070347781,,,,
1_03006.mp4,1,4.850746269,100,2,1,0.89348637,1.909982069,,,,
1_03007.mp4,1,15.82278481,97.22222222,1,1,0.71667895,0.779414089,,,,
1_03008.mp4,1,35.82089552,86.11111111,5,1,0.752668196,0.969427872,,,,
1_03009.mp4,1,28.93617021,90.90909091,3,1,0.96085515,2.895754746,,,,
1_03010.mp4,1,1.315789474,90.27777778,7,1,0.815381716,1.290094459,,,,
1_03011.mp4,1,24.65753425,92.30769231,2,1,0.928461045,2.312906418,,,,
1_03012.mp4,1,0.740740741,93.33333333,4,0,0.752996037,-1.081159311,,,,
1_03013.mp4,1,30.15384615,94.87179487,2,1,0.862456546,1.635753256,,,,
1_03014.mp4,1,27.08333333,89.28571429,3,1,0.813004881,1.298467049,,,,
1_03015.mp4,1,8.536585366,97.95918367,1,1,0.922514338,2.227074477,,,,
1_03016.mp4,1,28.70813397,96.15384615,1,1,0.870749272,1.701843225,,,,
1_03017.mp4,1,26.08695652,86.66666667,4,1,0.819949961,1.318860829,,,,
1_03018.mp4,1,28.23529412,94.87179487,3,1,0.611904554,0.345983566,,,,
1_03019.mp4,1,26.75585284,97.14285714,1,1,0.902020819,1.963900158,,,,
1_03020.mp4,1,1.690140845,92.59259259,6,1,0.66135228,0.559994037,,,,
1_03021.mp4,1,0.8492569,92.45283019,4,1,0.657516956,0.544229437,,,,
1_03022.mp4,1,10,120.4081633,8,1,0.769270038,1.053676161,,,,
1_03023.mp4,1,31.88405797,100,0,1,0.848773055,1.533685177,,,,
1_03024.mp4,1,27.92792793,93.93939394,2,1,0.698868614,0.70033583,,,,
1_03025.mp4,1,33.96226415,88.88888889,3,1,0.521853835,0.015428705,,,,
1_03026.mp4,1,15.44117647,97.2972973,1,0,0.895895978,-2.039272926,,,,
1_03027.mp4,1,7.843137255,100,0,1,0.657875409,0.537104488,,,,
1_03028.mp4,1,24.89959839,91.89189189,3,1,0.544881411,0.099907456,,,,
1_03029.mp4,1,27.35849057,88.88888889,3,0,0.7997909,-1.344270362,,,,
1_03030.mp4,1,20.61281337,90,5,1,0.839290305,1.444331989,,,,
1_03031.mp4,1,35.77235772,84.375,5,1,0.862136687,1.639307078,,,,
1_03032.mp4,1,21.25,100,0,1,0.770646711,1.051121042,,,,
1_03033.mp4,1,24.65753425,96.15384615,1,1,0.840407467,1.48099179,,,,
1_03034.mp4,1,27.5862069,96.42857143,1,0,0.698261344,-0.829259313,,,,
1_03035.mp4,1,25.61307902,95.45454545,2,1,0.835054944,1.415868746,,,,
1_03036.mp4,1,25.92592593,96.96969697,1,1,0.918776191,2.152979891,,,,
1_03037.mp4,1,18.93004115,100,0,0,0.621331027,-0.531956713,,,,
1_03038.mp4,1,26.29969419,100,1,1,0.977962857,3.394258221,,,,
1_03039.mp4,1,33.67697595,91.89189189,3,0,0.556176564,-0.260665046,,,,
1_03040.mp4,1,37.55458515,93.33333333,2,1,0.833203859,1.402166112,,,,
1_03041.mp4,1,31.78294574,94.28571429,2,1,0.763276794,1.022798536,,,,
1_03042.mp4,1,26.51515152,96.55172414,1,1,0.766790989,1.046787324,,,,
1_03043.mp4,1,29.41176471,91.52542373,5,0,0.508825371,-0.040243763,,,,
1_03044.mp4,1,31.15942029,92.10526316,3,1,0.526951375,0.047539864,,,,
1_03045.mp4,1,14.03508772,100,0,1,0.806750697,1.238805663,,,,
1_03046.mp4,1,2.448979592,91.22807018,6,1,0.685504272,0.642739852,,,,
1_03047.mp4,1,40.27777778,93.93939394,2,1,0.834752674,1.412344453,,,,
1_03048.mp4,1,1.872074883,105,1,0,0.712542525,-0.901251131,,,,
1_03049.mp4,1,35.43543544,85.71428571,6,0,0.746071111,-1.046968582,,,,
1_03050.mp4,1,18.63636364,93.87755102,3,1,0.915666577,2.115360787,,,,
1_03051.mp4,1,5.042016807,92.45283019,4,1,0.758222902,0.987588765,,,,
1_03052.mp4,1,25.77565632,90.74074074,5,0,0.514675893,-0.117671558,,,,
1_03053.mp4,1,36.96682464,93.75,3,1,0.774501356,1.087043228,,,,
1_03054.mp4,1,35.9375,95,3,1,0.809803936,1.25674625,,,,
1_03055.mp4,1,25.51928783,93.33333333,3,1,0.751869465,0.945173101,,,,
1_03056.mp4,1,11.5,110.5263158,6,1,0.646792313,0.485635414,,,,
1_03057.mp4,1,23.0529595,97.36842105,1,1,0.780882584,1.105292675,,,,
1_03058.mp4,1,32.08955224,91.66666667,3,1,0.639464696,0.464701085,,,,
1_03059.mp4,1,4.016064257,96.55172414,2,1,0.681900642,0.64602141,,,,
1_03060.mp4,1,0.927357032,92.95774648,7,1,0.90456896,2.00479761,,,,
1_03061.mp4,1,32.8125,92.30769231,3,0,0.747749338,-1.060947477,,,,
1_03062.mp4,1,27.89473684,92.68292683,3,1,0.567537781,0.176227267,,,,
1_03063.mp4,1,7.738095238,92.30769231,3,1,0.514187405,0.000335952,,,,
1_03064.mp4,1,31.96721311,93.33333333,2,1,0.654000603,0.521290238,,,,
1_03065.mp4,1,33.55263158,86.11111111,5,1,0.89142605,1.854350305,,,,
1_03066.mp4,1,27.73109244,93.75,2,0,0.5,-0.049481807,,,,
1_03067.mp4,1,32.8125,100,0,0,0.576173224,-0.336409928,,,,
1_03068.mp4,1,30.61889251,94.59459459,2,1,0.7626781,1.000441522,,,,
1_03069.mp4,1,37.5,86.48648649,7,1,0.547176201,0.100957982,,,,
1_03070.mp4,1,33.44262295,78.37837838,8,0,0.512640288,-0.018004116,,,,
1_03071.mp4,1,42.27642276,86,7,1,0.949274914,2.651200349,,,,
1_03072.mp4,1,32,103.125,0,1,0.67584373,0.620373998,,,,
1_03073.mp4,1,32.43243243,89.18918919,4,1,0.922559989,2.23378428,,,,
1_03074.mp4,1,23.28767123,97.22222222,1,1,0.57339973,0.204628543,,,,
1_03075.mp4,1,24.12060302,96.42857143,1,1,0.952615882,2.717433973,,,,
1_03076.mp4,1,31.57894737,97.5,1,1,0.902143175,1.9909859,,,,
1_03077.mp4,1,4.485488127,98.63013699,2,1,0.558286718,0.150222149,,,,
1_03078.mp4,1,14.81481481,96.55172414,1,1,0.881891368,1.767909668,,,,
1_03079.mp4,1,34.72222222,102.173913,1,1,0.966223203,3.023139866,,,,
1_03080.mp4,1,23.85964912,93.5483871,2,1,0.888388956,1.855534562,,,,
1_03081.mp4,1,35.8974359,95.83333333,3,1,0.768004632,1.037414839,,,,
1_03082.mp4,1,21.12676056,90.24390244,4,0,0.90372391,-2.119474269,,,,
1_03083.mp4,1,27.92792793,96.15384615,1,1,0.724118335,0.815869961,,,,
1_03084.mp4,1,26.03174603,100,0,1,0.863105826,1.61398445,,,,
1_03085.mp4,1,34.54987835,93.02325581,3,1,0.672202412,0.610962979,,,,
1_03086.mp4,1,1.597444089,105,4,1,0.709915196,0.768286617,,,,
1_03087.mp4,1,28.69565217,96.55172414,1,1,0.813740265,1.30891893,,,,
1_03088.mp4,1,19.26605505,94.28571429,3,0,0.505052529,-0.091214911,,,,
1_03089.mp4,1,28.48101266,106.4516129,1,1,0.785086814,1.116733372,,,,
1_03090.mp4,1,33.61344538,91.89189189,3,0,0.709359869,-0.87585139,,,,
1_03091.mp4,1,33.44262295,89.47368421,4,1,0.712483949,0.779831033,,,,
1_03092.mp4,1,23.16602317,100,0,1,0.791989141,1.166159161,,,,
1_03093.mp4,1,38.84057971,85.71428571,6,1,0.906347799,2.023930907,,,,
1_03094.mp4,1,3.474903475,108.4745763,5,1,0.55320849,0.12323853,,,,
1_03095.mp4,1,4.242424242,88.23529412,10,0,0.583832946,-0.378130247,,,,
1_03096.mp4,1,27.67857143,96.2962963,1,1,0.620582771,0.389363021,,,,
1_03097.mp4,1,23.97660819,93.75,3,0,0.750846981,-1.070522736,,,,
1_03098.mp4,1,28.29268293,93.10344828,2,1,0.939355628,2.441836325,,,,
1_03099.mp4,1,31.70731707,92.5,3,0,0.616853421,-0.502414266,,,,
1_03100.mp4,1,36.11738149,90.19607843,5,1,0.696815151,0.694764849,,,,
1_03101.mp4,1,17.64705882,96.2962963,1,1,0.902405492,1.993730524,,,,
1_03102.mp4,1,14.69194313,102.173913,3,1,0.930741098,2.311282486,,,,
1_03103.mp4,1,32.71028037,90.32258065,3,1,0.74996762,0.962026248,,,,
1_03104.mp4,1,22.98850575,93.75,2,1,0.699458546,0.70620334,,,,
1_03105.mp4,1,25.96153846,96.2962963,1,0,0.585214502,-0.383445421,,,,
1_03106.mp4,1,35.10204082,90.625,3,1,0.525534664,0.036490681,,,,
1_03107.mp4,1,7.089552239,85.71428571,9,1,0.789907498,1.164528851,,,,
1_03108.mp4,1,11.9047619,100,0,1,0.925838121,2.236449042,,,,
1_03109.mp4,1,23.11557789,93.93939394,2,0,0.561636427,-0.290468146,,,,
1_03110.mp4,1,19.42446043,100,4,1,0.815453308,1.290527473,,,,
1_03111.mp4,1,19.35483871,94.28571429,3,0,0.803233884,-1.364140922,,,,
1_03112.mp4,1,35.96491228,93.33333333,3,1,0.846277799,1.515903204,,,,
1_03113.mp4,1,28.28282828,92.30769231,2,1,0.609317679,0.35353397,,,,
1_03114.mp4,1,34.52380952,95.34883721,2,1,0.894214917,1.899395608,,,,
1_03115.mp4,1,27.97619048,97.22222222,1,1,0.874013249,1.700966217,,,,
1_03116.mp4,1,5.383022774,96.22641509,3,1,0.850499533,1.5204564,,,,
1_03117.mp4,1,24.69135802,100,0,0,0.566488576,-0.299565482,,,,
1_03118.mp4,1,33.56643357,96.42857143,2,1,0.656096771,0.538413513,,,,
1_03119.mp4,1,4.680468047,99.47916667,1,0,0.69875126,-0.828841532,,,,
1_03120.mp4,1,9.87654321,97.82608696,2,1,0.638232682,0.454319066,,,,
1_03121.mp4,1,35,92.85714286,2,0,0.566527977,-0.312197023,,,,
1_03122.mp4,1,15.78947368,96.77419355,1,1,0.648376478,0.512866842,,,,
1_03123.mp4,1,33.4841629,92.85714286,2,1,0.711040045,0.773334387,,,,
1_03124.mp4,1,37.90849673,85,7,1,0.89608279,1.929342129,,,,
1_03125.mp4,1,3.097345133,100,0,0,0.5,-0.075301673,,,,
1_03126.mp4,1,41.20171674,86.20689655,6,1,0.631018139,0.410417944,,,,
1_03127.mp4,1,38.31168831,97.22222222,1,0,0.51358891,-0.007675552,,,,
1_03128.mp4,1,30.57324841,91.89189189,3,1,0.937244043,2.442665889,,,,
1_03129.mp4,1,32.14285714,93.75,3,1,0.952616394,2.671478874,,,,
1_03130.mp4,1,33,95.83333333,1,1,0.794909705,1.171050668,,,,
1_03131.mp4,1,30.88803089,91.42857143,3,1,0.582393328,0.25348432,,,,
1_03132.mp4,1,1.08401084,92.10526316,6,0,0.526720255,-0.17089784,,,,
1_03133.mp4,1,8.835341365,100,0,1,0.813850345,1.281483122,,,,
1_03134.mp4,1,25.69444444,92.30769231,3,1,0.689741675,0.67072565,,,,
1_03135.mp4,1,31.52173913,93.02325581,3,1,0.542853688,0.100652712,,,,
1_03136.mp4,1,3.25203252,85.29411765,10,1,0.831738573,1.392605755,,,,
1_03137.mp4,1,35.46511628,95.55555556,2,1,0.667154339,0.565761793,,,,
1_03138.mp4,1,32.29813665,100,0,1,0.831557564,1.392802346,,,,
1_03139.mp4,1,30.22222222,96.42857143,1,1,0.756592267,0.988985503,,,,
1_03140.mp4,1,39.63963964,94.11764706,3,1,0.823808856,1.36546747,,,,
1_03141.mp4,1,23.41463415,93.10344828,2,0,0.667536757,-0.715505903,,,,
1_03142.mp4,1,2.53164557,104.4444444,4,1,0.846387877,1.49136539,,,,
1_03143.mp4,1,19.63636364,103.3333333,0,1,0.715877889,0.795178709,,,,
1_03144.mp4,1,24.13793103,95.55555556,2,1,0.762872291,1.026681001,,,,
1_03145.mp4,1,4.90797546,89.83050847,8,0,0.678183103,-0.751732867,,,,
1_03146.mp4,1,38.98916968,81.25,6,0,0.987476992,-4.057845585,,,,
1_03147.mp4,1,6.060606061,99.27007299,1,1,0.711767065,0.760243897,,,,
1_03148.mp4,1,22.52252252,97.05882353,1,1,0.86476143,1.659813084,,,,
1_03149.mp4,1,13.38289963,100,0,1,0.791847902,1.153920079,,,,
1_03150.mp4,1,35.12544803,92.5,4,0,0.734058947,-0.990016639,,,,
1_03151.mp4,1,31.8537859,95.74468085,2,1,0.944880842,2.535047501,,,,
1_03152.mp4,1,39.84375,91.42857143,3,1,0.851854724,1.562005527,,,,
1_03153.mp4,1,0.8,94.54545455,3,0,0.623370997,-0.534180252,,,,
1_03154.mp4,1,19.00826446,93.93939394,2,1,0.559327409,0.161833944,,,,
1_03155.mp4,1,20.33898305,97.05882353,1,1,0.935034445,2.374328912,,,,
1_03156.mp4,1,22.58953168,93.02325581,3,0,0.615344254,-0.501756502,,,,
1_03157.mp4,1,25.68807339,90.625,3,1,0.896473327,1.921574112,,,,
1_03158.mp4,1,28.69565217,93.33333333,3,1,0.578591225,0.223714104,,,,
1_03159.mp4,1,18.25396825,97.05882353,1,1,0.643016754,0.463405813,,,,
1_03160.mp4,1,34.56790123,96.77419355,1,1,0.83015364,1.382338879,,,,
1_03161.mp4,1,22.35649547,97.2972973,1,1,0.533911729,0.05972823,,,,
1_03162.mp4,1,24.46043165,87.80487805,5,1,0.698786358,0.71895061,,,,
1_03163.mp4,1,31.83673469,93.5483871,3,1,0.647835442,0.491734235,,,,
1_03164.mp4,1,25.97402597,91.89189189,3,1,0.650642047,0.502973241,,,,
1_03165.mp4,1,27.97619048,93.02325581,3,1,0.92228244,2.211800883,,,,
1_03166.mp4,1,2.658788774,97.05882353,2,1,0.562693229,0.166570021,,,,
1_03167.mp4,1,15.45064378,100,0,1,0.631195799,0.416333853,,,,
1_03168.mp4,1,28.20512821,96.55172414,1,1,0.78442799,1.124475313,,,,
1_03169.mp4,1,20.38216561,92.10526316,3,1,0.95030329,2.664953378,,,,
1_03170.mp4,1,35.77235772,100,0,0,0.5784737,-0.345212578,,,,
1_03171.mp4,1,3.358208955,106,2,1,0.841829712,1.490794375,,,,
1_03172.mp4,1,32.53588517,96.2962963,1,1,0.56649881,0.188503793,,,,
1_03173.mp4,1,19.04761905,96.66666667,1,0,0.917046775,-2.255379827,,,,
1_03174.mp4,1,25.64102564,97.72727273,1,1,0.872678395,1.723781143,,,,
1_03175.mp4,1,0.877192982,91.25,7,1,0.898672676,1.955281504,,,,
1_03176.mp4,1,2.5,93.87755102,6,1,0.909487189,2.058513547,,,,
1_03177.mp4,1,26.08695652,96.2962963,1,1,0.531834928,0.065621467,,,,
1_03178.mp4,1,6.692913386,98.18181818,4,1,0.791011707,1.149273734,,,,
1_03179.mp4,1,33.46938776,86.66666667,5,1,0.930062976,2.3167801,,,,
1_03180.mp4,1,1.333333333,112.5,5,1,0.570799053,0.195068379,,,,
1_03181.mp4,1,23.13432836,87.17948718,5,1,0.724746888,0.826585061,,,,
1_03182.mp4,1,2.036659878,88.67924528,10,1,0.708045293,0.750855693,,,,
1_03183.mp4,1,4.200323102,102.9411765,3,1,0.625254487,0.398312338,,,,
1_03184.mp4,1,24.58471761,96.96969697,1,1,0.805608942,1.232151806,,,,
1_03185.mp4,1,1.102941176,118,4,1,0.737407523,0.895264686,,,,
1_03186.mp4,1,28.69565217,96.42857143,1,1,0.988139259,3.987778184,,,,
1_03187.mp4,1,34.88372093,112.1212121,1,1,0.905664626,1.996884473,,,,
1_03188.mp4,1,8.461538462,100,0,1,0.894483986,1.919689851,,,,
1_03189.mp4,1,29.88505747,94.44444444,2,1,0.828663823,1.386157345,,,,
1_03190.mp4,1,36.18421053,91.42857143,3,1,0.681955926,0.652150077,,,,
1_03191.mp4,1,1.986754967,101.6666667,1,1,0.703124641,0.722162709,,,,
1_03192.mp4,1,3.539823009,108.3333333,1,1,0.784793729,1.11564534,,,,
1_03193.mp4,1,2.862985685,92.1875,5,1,0.785544206,1.146426777,,,,
1_03194.mp4,1,17.36111111,94.59459459,2,0,0.5686082,-0.31652375,,,,
1_03195.mp4,1,20.71005917,107.1428571,0,1,0.690744227,0.675044577,,,,
1_03196.mp4,1,33.33333333,83.87096774,5,1,0.899432563,1.932284917,,,,
1_03197.mp4,1,24.22145329,105.8823529,0,0,0.610349343,-0.487987983,,,,
1_03198.mp4,1,2.105263158,91.30434783,8,1,0.917036583,2.131775673,,,,
1_03199.mp4,1,34.7826087,95.55555556,3,0,0.623801289,-0.523972971,,,,
1_03200.mp4,1,29.66751918,97.77777778,1,0,0.643330441,-0.610310393,,,,
1_03201.mp4,1,28.67383513,96.77419355,1,1,0.75347658,0.973439745,,,,
1_03202.mp4,1,16.62337662,95.23809524,3,0,0.632066655,-0.569808433,,,,
1_03203.mp4,1,0.581395349,96,4,1,0.948289738,2.587533128,,,,
1_03204.mp4,1,14.81481481,87.5,6,1,0.781586336,1.109082586,,,,
1_03205.mp4,1,21.47651007,95.23809524,2,0,0.808098221,-1.379406331,,,,
1_03206.mp4,1,9.359605911,98.64864865,1,1,0.869868956,1.69465899,,,,
1_03207.mp4,1,25.8302583,87.17948718,5,1,0.94617313,2.54886131,,,,
1_03208.mp4,1,25.80645161,97.14285714,1,1,0.994231305,4.702120455,,,,
1_03209.mp4,1,33.42776204,97.5,2,0,0.517576126,-0.122790446,,,,
1_03210.mp4,1,33.67003367,97.14285714,1,1,0.887721195,1.837884548,,,,
1_03211.mp4,1,16.31205674,97.14285714,1,0,0.545792862,-0.241424466,,,,
1_03212.mp4,1,20.83333333,95,2,1,0.884560558,1.809072299,,,,
1_03213.mp4,1,41.17647059,94.59459459,2,0,0.526527829,-0.15592022,,,,
1_03214.mp4,1,3.395061728,104.6875,4,1,0.901890672,1.994435691,,,,
1_03215.mp4,1,29.73977695,96.875,1,1,0.861168592,1.601942579,,,,
1_03216.mp4,1,25.47169811,96.42857143,2,0,0.56579071,-0.302680414,,,,
1_03217.mp4,1,0,96.55172414,2,1,0.84873457,1.539429481,,,,
1_03218.mp4,1,21.78988327,96.66666667,1,1,0.66630316,0.562244723,,,,
1_03219.mp4,1,9.677419355,97.77777778,2,1,0.8398104,1.446123279,,,,
1_03220.mp4,1,2.452316076,154.7945205,1,1,0.894721257,1.915935586,,,,
1_03221.mp4,1,33.33333333,100,0,1,0.590456324,0.261043115,,,,
1_03222.mp4,1,17.6744186,93.5483871,2,1,0.758854304,1.000356292,,,,
1_03223.mp4,1,19.30184805,98.36065574,1,1,0.830669878,1.399204437,,,,
1_03224.mp4,1,11.05990783,96.875,1,1,0.627553846,0.403091577,,,,
1_03225.mp4,1,3.406326034,116.2162162,3,1,0.749452329,0.953554155,,,,
1_03226.mp4,1,12.75167785,100,0,1,0.864730492,1.629532038,,,,
1_03227.mp4,1,27.11864407,96.66666667,1,1,0.949081173,2.628110897,,,,
1_03228.mp4,1,25.2173913,93.10344828,2,1,0.582953221,0.24973134,,,,
1_03229.mp4,1,33.5,91.11111111,4,1,0.558299823,0.163837424,,,,
1_03230.mp4,1,20.657277,90.625,3,1,0.833468308,1.403898637,,,,
1_03231.mp4,1,12.26415094,100,0,1,0.941855707,2.51775521,,,,
1_03232.mp4,1,33.19838057,94.28571429,2,1,0.712455061,0.779700867,,,,
1_03233.mp4,1,27.61904762,100,0,0,0.510173734,-0.027005665,,,,
1_03234.mp4,1,17.82945736,94.11764706,2,1,0.915457114,2.145592999,,,,
1_03235.mp4,1,29.32166302,94.44444444,3,1,0.973869991,3.26705007,,,,
1_03236.mp4,1,24.65753425,97.72727273,1,1,0.666702644,0.563894831,,,,
1_03237.mp4,1,3.800475059,104.8780488,2,1,0.966423049,2.999091063,,,,
1_03238.mp4,1,28.81355932,100,0,1,0.792918604,1.159889447,,,,
1_03239.mp4,1,25.71428571,94.11764706,2,1,0.529211837,0.034723176,,,,
1_03240.mp4,1,16.66666667,96.96969697,1,1,0.755047269,0.981260093,,,,
1_03241.mp4,1,32.3024055,96.96969697,1,1,0.772879034,1.051664387,,,,
1_03242.mp4,1,19.01408451,91.89189189,3,1,0.520212329,0.016805073,,,,
1_03243.mp4,1,3.575989783,97.6744186,2,1,0.898477067,1.959382298,,,,
1_03244.mp4,1,26.47058824,91.89189189,3,1,0.876513616,1.756002823,,,,
1_03245.mp4,1,29.66101695,96.55172414,1,0,0.818180723,-1.450494984,,,,
1_03246.mp4,1,31.33640553,100,0,1,0.690300682,0.663251979,,,,
1_03247.mp4,1,34.9726776,94.87179487,2,1,0.883971768,1.786234345,,,,
1_03248.mp4,1,7.086614173,99.26470588,1,0,0.537567824,-0.196894619,,,,
1_03249.mp4,1,35.74879227,92,4,1,0.862815955,1.644582094,,,,
1_03250.mp4,1,29.31034483,86.66666667,4,1,0.783730504,1.109919467,,,,
1_03251.mp4,1,21.6,83.33333333,5,0,0.589735212,-0.396553122,,,,
1_03252.mp4,1,37.75100402,83.78378378,6,0,0.803467724,-1.357694628,,,,
1_03253.mp4,1,16.56804734,95.55555556,2,1,0.786955526,1.138289702,,,,
1_03254.mp4,1,14.34262948,100,0,1,0.941143489,2.499643034,,,,
1_03255.mp4,1,15.88447653,97.2972973,2,0,0.708608039,-0.878162399,,,,
1_03256.mp4,1,4.887218045,95,3,1,0.957941978,2.826606691,,,,
1_03257.mp4,1,42.28028504,87.75510204,6,1,0.983017322,3.688272607,,,,
1_03258.mp4,1,27.99097065,98,1,1,0.909046154,2.053590324,,,,
1_03259.mp4,1,44.32717678,88.88888889,5,1,0.650895654,0.523085228,,,,
1_03260.mp4,1,11.00917431,97.2972973,1,1,0.756114194,0.977028374,,,,
1_03261.mp4,1,28.92156863,90.19607843,5,0,0.700857859,-0.854348772,,,,
1_03262.mp4,1,40.32258065,85.29411765,6,1,0.609795457,0.332467432,,,,
1_03263.mp4,1,24.29906542,100,0,1,0.827054912,1.375780068,,,,
1_03264.mp4,1,38.27160494,90.24390244,4,1,0.930601622,2.343106657,,,,
1_03265.mp4,1,40.16393443,87.09677419,4,0,0.54233531,-0.214643577,,,,
1_03266.mp4,1,32.91139241,94.44444444,1,0,0.695521938,-0.820404092,,,,
1_03267.mp4,1,29.33333333,96.55172414,1,1,0.623012497,0.38108307,,,,
1_03268.mp4,1,36.99731903,95.74468085,2,0,0.562756828,-0.285452067,,,,
1_03269.mp4,1,40.37267081,91.42857143,3,1,0.920526964,2.189460248,,,,
1_03270.mp4,1,25.11627907,100,0,1,0.896299399,1.90115122,,,,
1_03271.mp4,1,7.652173913,99.04761905,1,1,0.589324872,0.279275379,,,,
1_03272.mp4,1,24.28115016,94.44444444,2,0,0.5,-0.064121292,,,,
1_03273.mp4,1,22.54098361,91.07142857,5,1,0.775042446,1.074171262,,,,
1_03274.mp4,1,35.38461538,93.93939394,2,0,0.511965998,-0.102055113,,,,
1_03275.mp4,1,31.92488263,96.55172414,1,1,0.836259752,1.446793242,,,,
1_03276.mp4,1,21.42857143,86.84210526,5,1,0.913726101,2.125129812,,,,
1_03277.mp4,1,17.21311475,94.11764706,2,1,0.815298225,1.289589638,,,,
1_03278.mp4,1,28.90625,93.93939394,2,1,0.867863026,1.678442351,,,,
1_03279.mp4,1,3.368421053,90.38461538,5,1,0.90473602,2.024500057,,,,
1_03280.mp4,1,27.53623188,92,4,1,0.800517745,1.202922676,,,,
1_03281.mp4,1,35.18072289,93.61702128,4,1,0.689973573,0.671723969,,,,
1_03282.mp4,1,38.1443299,85.71428571,4,0,0.906952224,-2.140563771,,,,
1_03283.mp4,1,33.57142857,100,0,1,0.973245295,3.259235353,,,,
1_03284.mp4,1,24.03846154,96.15384615,1,1,0.899780654,1.972642173,,,,
1_03285.mp4,1,13.09090909,92.59259259,2,0,0.603379527,-0.442030086,,,,
1_03286.mp4,1,18.18181818,96.96969697,1,0,0.5,-0.040437799,,,,
1_03287.mp4,1,33.82352941,93.5483871,2,1,0.872799125,1.724782651,,,,
1_03288.mp4,1,21.14537445,96.2962963,1,1,0.785627156,1.119673887,,,,
1_03289.mp4,1,22.12765957,93.93939394,2,0,0.727939634,-0.976284902,,,,
1_03290.mp4,1,24.07407407,94.11764706,3,1,0.854970214,1.584943284,,,,
1_03291.mp4,1,0.561009818,90.625,9,1,0.929951767,2.333847956,,,,
1_03292.mp4,1,29.15254237,88.37209302,5,1,0.93710119,2.434274034,,,,
1_03293.mp4,1,32.61802575,93.75,2,1,0.749736937,0.945459898,,,,
1_03294.mp4,1,23.67346939,100,0,1,0.96754029,3.043573241,,,,
1_03295.mp4,1,23.25581395,96.77419355,1,0,0.961292865,-3.023118616,,,,
1_03296.mp4,1,35.88039867,97.61904762,1,0,0.671917945,-0.733087342,,,,
1_03297.mp4,1,5.439330544,93.10344828,4,1,0.535984637,0.059673287,,,,
1_03298.mp4,1,4.444444444,97.82608696,1,1,0.879178862,1.761562919,,,,
1_03299.mp4,1,36.76012461,83.67346939,8,1,0.747799178,0.93597398,,,,
1_03300.mp4,1,9.929078014,91.17647059,3,1,0.907360741,2.046865123,,,,
1_03301.mp4,1,26.56641604,100,5,1,0.906080113,2.001326534,,,,
1_03302.mp4,1,18.75,97.36842105,1,0,0.834164812,-1.537287225,,,,
1_03303.mp4,1,3.296703297,92.85714286,4,1,0.753857623,0.975333851,,,,
1_03304.mp4,1,26.43171806,96.96969697,1,1,0.852053234,1.56345508,,,,
1_03305.mp4,1,30.05181347,92.85714286,2,0,0.580185751,-0.364137793,,,,
1_03306.mp4,1,6.976744186,99.05660377,1,0,0.757693339,-1.10378921,,,,
1_03307.mp4,1,39.14590747,91.89189189,4,1,0.70347693,0.730593102,,,,
1_03308.mp4,1,27.13178295,96.77419355,1,1,0.914154912,2.124058972,,,,
1_03309.mp4,1,7.434944238,100,0,1,0.836513802,1.448503085,,,,
1_03310.mp4,1,20,96.66666667,2,1,0.668032088,0.573588702,,,,
1_03311.mp4,1,26.98412698,91.30434783,5,1,0.942367027,2.491599281,,,,
1_03312.mp4,1,14.09214092,97.82608696,1,1,0.560794244,0.173112402,,,,
1_03313.mp4,1,19.41747573,100,0,1,0.768668028,1.030874549,,,,
1_03314.mp4,1,30.52631579,93.10344828,2,0,0.873875438,-1.849870886,,,,
1_03315.mp4,1,21.64948454,92,2,1,0.622401782,0.384325416,,,,
1_03316.mp4,1,24.51612903,100,0,1,0.818138307,1.32991801,,,,
1_03317.mp4,1,26.14840989,97.14285714,1,1,0.847411115,1.529969056,,,,
1_03318.mp4,1,35.45454545,85.18518519,4,1,0.964285495,2.983803984,,,,
1_03319.mp4,1,14.71264368,100,0,1,0.951559985,2.696034847,,,,
1_03320.mp4,1,41.75824176,88.37209302,5,0,0.8192467,-1.457110263,,,,
1_03321.mp4,1,2.474226804,98.11320755,4,1,0.773256964,1.074527071,,,,
1_03322.mp4,1,24.18879056,91.11111111,4,1,0.795548504,1.174750641,,,,
1_03323.mp4,1,9.108910891,98.93617021,1,1,0.757128514,0.982100343,,,,
1_03324.mp4,1,3.853564547,101.9230769,0,1,0.76330175,1.003585249,,,,
1_03325.mp4,1,38.65979381,91.30434783,4,1,0.58539931,0.264670479,,,,
1_03326.mp4,1,41.24513619,79.41176471,7,0,0.530209959,-0.174475889,,,,
1_03327.mp4,1,24.46808511,87.5,3,1,0.851362435,1.526645031,,,,
1_03328.mp4,1,16.30094044,97.72727273,1,1,0.764307831,1.018417565,,,,
1_03329.mp4,1,21.32352941,94.59459459,2,0,0.541721798,-0.206586853,,,,
1_03330.mp4,1,28.79177378,93.02325581,3,0,0.601728146,-0.441251575,,,,
1_03331.mp4,1,28.57142857,96.2962963,1,1,0.886482386,1.837940894,,,,
1_03332.mp4,1,8.503401361,98.96907216,1,1,0.598412806,0.30721793,,,,
1_03333.mp4,1,7.4204947,98.1981982,2,1,0.652035469,0.513301911,,,,
1_03334.mp4,1,26.92307692,92.72727273,4,1,0.833046283,1.402573882,,,,
1_03335.mp4,1,27.25366876,91.17647059,6,0,0.564469106,-0.301036642,,,,
1_03336.mp4,1,15.31100478,96.2962963,1,1,0.675362457,0.609592644,,,,
1_03337.mp4,1,21.36752137,91.66666667,4,0,0.693018143,-0.803830174,,,,
1_03338.mp4,1,30.88235294,91.89189189,3,1,0.891891329,1.863291972,,,,
1_03339.mp4,1,4.327666151,99.14529915,1,1,0.53995497,0.074311462,,,,
1_03340.mp4,1,30.70866142,93.75,2,1,0.840712416,1.48308763,,,,
1_03341.mp4,1,22.1402214,93.5483871,2,1,0.71632441,0.777811629,,,,
1_03342.mp4,1,28.95927602,96.55172414,1,1,0.685030773,0.659377381,,,,
1_03343.mp4,1,33.33333333,91.11111111,4,0,0.523021325,-0.157273285,,,,
1_03344.mp4,1,45,80.55555556,8,1,0.787499116,1.129902589,,,,
1_03345.mp4,1,7.532956685,99,1,1,0.727028108,0.829195513,,,,
1_03346.mp4,1,2.699055331,94.18604651,6,1,0.675463637,0.618772946,,,,
1_03347.mp4,1,21.09090909,96.875,1,1,0.590712842,0.268266071,,,,
1_03348.mp4,1,30.81761006,90,4,1,0.855162543,1.554257705,,,,
1_03349.mp4,1,2.35640648,91.95402299,7,1,0.783555715,1.10843003,,,,
1_03350.mp4,1,26.89804772,92.15686275,4,1,0.774049435,1.058686236,,,,
1_03351.mp4,1,11.5942029,93.33333333,4,1,0.887044635,1.843102108,,,,
1_03352.mp4,1,32.45614035,96.15384615,2,1,0.63347223,0.419390905,,,,
1_03353.mp4,1,37.03703704,100,0,1,0.818447852,1.331836243,,,,
1_03354.mp4,1,26.97368421,97.36842105,1,1,0.747969986,0.94628277,,,,
1_03355.mp4,1,33.05084746,87.87878788,4,0,0.622611367,-0.531093218,,,,
1_03356.mp4,1,5.490196078,98.18181818,4,1,0.819791348,1.317876583,,,,
1_03357.mp4,1,27.34375,91.42857143,3,1,0.818515813,1.332257728,,,,
1_03358.mp4,1,44.37299035,84.21052632,6,1,0.62688695,0.39529188,,,,
1_03359.mp4,1,38.98305085,80.85106383,9,1,0.780272025,1.111849909,,,,
1_03360.mp4,1,33.33333333,92.5,3,1,0.906737919,2.040047837,,,,
1_03361.mp4,1,27.09677419,95.23809524,2,1,0.87203097,1.688062048,,,,
1_03362.mp4,1,18.57923497,96.55172414,2,1,0.968339274,3.054540249,,,,
1_03363.mp4,1,33.14606742,97.5,1,1,0.830943493,1.411489837,,,,
1_03364.mp4,1,51.85185185,80.55555556,10,1,0.9353466,2.407115453,,,,
1_03365.mp4,1,22.55639098,100,0,0,0.826215644,-1.485858034,,,,
1_03366.mp4,1,0.840336134,93.75,5,1,0.715072413,0.772162451,,,,
1_03367.mp4,1,42.10526316,93.5483871,2,1,0.588295358,0.261617808,,,,
1_03368.mp4,1,19.74248927,90.625,3,0,0.556477286,-0.281225967,,,,
1_03369.mp4,1,38.3480826,85.36585366,6,1,0.606153012,0.341799145,,,,
1_03370.mp4,1,34.81228669,96.77419355,1,1,0.868518358,1.683717063,,,,
1_03371.mp4,1,35.05976096,91.66666667,3,1,0.909635466,2.045870059,,,,
1_03372.mp4,1,18.93491124,92,2,0,0.785475634,-1.264280078,,,,
1_03373.mp4,1,33.81642512,91.11111111,6,1,0.680352091,0.63063926,,,,
1_03374.mp4,1,23.12138728,97.2972973,1,1,0.873174492,1.710676253,,,,
1_03375.mp4,1,11.05263158,100,0,1,0.720181609,0.795311239,,,,
1_03376.mp4,1,37.15012723,91.66666667,4,1,0.678519437,0.631672628,,,,
1_03377.mp4,1,26.23906706,100,0,1,0.917513746,2.152147889,,,,
1_03378.mp4,1,17.59259259,95.65217391,2,0,0.73010834,-0.971648213,,,,
1_03379.mp4,1,34.40860215,91.11111111,4,1,0.804357667,1.225132522,,,,
1_03380.mp4,1,16.52173913,91.17647059,4,0,0.583228538,-0.369222439,,,,
1_03381.mp4,1,27.7027027,97.2972973,1,1,0.939727373,2.463441759,,,,
1_03382.mp4,1,1.176470588,121.2765957,4,1,0.860090223,1.617513537,,,,
1_03383.mp4,1,4.600811908,92.22222222,7,1,0.655909418,0.543524967,,,,
1_03384.mp4,1,33.46613546,94.11764706,2,0,0.69967138,-0.844115725,,,,
1_03385.mp4,1,39.13043478,86.48648649,5,1,0.867768562,1.683724892,,,,
1_03386.mp4,1,20.08368201,96.875,1,1,0.955721454,2.78310668,,,,
1_03387.mp4,1,1.967213115,89.74358974,8,1,0.787129855,1.139246864,,,,
1_03388.mp4,1,27.04402516,87.80487805,5,1,0.650395224,0.50665037,,,,
1_03389.mp4,1,23.33333333,93.75,2,1,0.798318793,1.190343396,,,,
1_03390.mp4,1,29.07488987,96.55172414,1,1,0.60729191,0.332030482,,,,
1_03391.mp4,1,37.22084367,91.30434783,5,1,0.95833916,2.805401654,,,,
1_03392.mp4,1,18.33333333,90,4,0,0.549049836,-0.243769773,,,,
1_03393.mp4,1,35.54006969,91.66666667,3,1,0.909635466,2.045870059,,,,
1_03394.mp4,1,26.5625,93.75,2,1,0.989044427,4.105058387,,,,
1_03395.mp4,1,36.8627451,87.87878788,4,1,0.952300916,2.704815734,,,,
1_03396.mp4,1,2.928870293,96.15384615,2,1,0.856081096,1.587193044,,,,
1_03397.mp4,1,24.26470588,94.28571429,2,1,0.780756954,1.114461009,,,,
1_03398.mp4,1,19.1011236,100,0,1,0.75627745,0.977843754,,,,
1_03399.mp4,1,39.08045977,87.80487805,6,1,0.752207329,0.973083913,,,,
1_03400.mp4,1,6.930693069,100,0,1,0.770539744,1.03947965,,,,
1_03401.mp4,1,5.904059041,105.4545455,3,1,0.686103095,0.663969313,,,,
1_03402.mp4,1,27.7992278,90.90909091,3,1,0.686463189,0.650498678,,,,
1_03403.mp4,1,26.66666667,90.47619048,4,1,0.708590996,0.768269068,,,,
1_03404.mp4,1,8.456659619,94.11764706,3,1,0.816432199,1.319390323,,,,
1_03405.mp4,1,1.183431953,100,6,1,0.808188248,1.259366988,,,,
1_03406.mp4,1,33.14285714,88.46153846,3,1,0.675869911,0.620484319,,,,
1_03407.mp4,1,37.33333333,97.36842105,1,0,0.698371672,-0.82717727,,,,
1_03408.mp4,1,34.9726776,100,0,1,0.748051896,0.937208372,,,,
1_03409.mp4,1,6.010016694,92.30769231,5,1,0.920611198,2.175802631,,,,
1_03410.mp4,1,21.80451128,93.75,2,1,0.991850513,4.357462754,,,,
1_03411.mp4,1,28.88888889,100,0,1,0.883426887,1.781407338,,,,
1_03412.mp4,1,19.62616822,100,0,0,0.697265209,-0.824951821,,,,
1_03413.mp4,1,20.14925373,94.28571429,2,1,0.892621249,1.870255013,,,,
1_03414.mp4,1,33.14606742,88.88888889,5,1,0.766058037,1.037059702,,,,
1_03415.mp4,1,34.80825959,97.22222222,1,1,0.935663412,2.41196795,,,,
1_03416.mp4,1,7.826086957,98.86363636,1,1,0.743938994,0.932584439,,,,
1_03417.mp4,1,1.703577513,96.72131148,3,1,0.919254361,2.191857014,,,,
1_03418.mp4,1,17.39130435,97.56097561,1,1,0.83629635,1.447039426,,,,
1_03419.mp4,1,16.92307692,94.28571429,2,1,0.779672633,1.114587737,,,,
1_03420.mp4,1,16.74418605,96.55172414,1,1,0.821581729,1.341036332,,,,
1_03421.mp4,1,33.74485597,94.11764706,3,0,0.831243575,-1.52972097,,,,
1_03422.mp4,1,27.47252747,93.18181818,3,1,0.880545194,1.756201631,,,,
1_03423.mp4,1,18.26484018,100,0,1,0.779140856,1.085431513,,,,
1_03424.mp4,1,45.58823529,86.11111111,6,1,0.528175942,0.052072677,,,,
1_03425.mp4,1,31.21387283,95,3,1,0.921423106,2.200807492,,,,
1_03426.mp4,1,34.45945946,106.0606061,1,1,0.819525718,1.328199371,,,,
1_03427.mp4,1,1.19047619,122.9166667,2,1,0.783358627,1.128540666,,,,
1_03428.mp4,1,2.391629297,98.46153846,6,1,0.803129567,1.23976866,,,,
1_03429.mp4,1,1.032258065,95.55555556,4,1,0.903194165,1.990229029,,,,
1_03430.mp4,1,21.42857143,97.05882353,1,1,0.88094154,1.794297896,,,,
1_03431.mp4,1,23.42342342,96.2962963,1,1,0.581271362,0.227056564,,,,
1_03432.mp4,1,25,97.14285714,1,1,0.68443878,0.641936321,,,,
1_03433.mp4,1,41.20171674,86.66666667,4,1,0.79615489,1.199629914,,,,
1_03434.mp4,1,0.59084195,94.80519481,4,1,0.649761527,0.518480744,,,,
1_03435.mp4,1,24.76780186,95,2,1,0.91462971,2.117585106,,,,
1_03436.mp4,1,34,90.90909091,4,1,0.654767238,0.532979174,,,,
1_03437.mp4,1,0.644122383,85.13513514,11,1,0.90551203,2.026748672,,,,
1_03438.mp4,1,30.14705882,100,0,1,0.759567745,0.984846468,,,,
1_03439.mp4,1,38.87468031,92.5,3,1,0.901818497,1.987597921,,,,
1_03440.mp4,1,25.96153846,100,0,1,0.944181113,2.513754776,,,,
1_03441.mp4,1,39.03903904,87.80487805,6,1,0.881173924,1.765549207,,,,
1_03442.mp4,1,26.40449438,92.30769231,3,1,0.740946671,0.892195063,,,,
1_03443.mp4,1,28.01120448,89.13043478,5,0,0.696965538,-0.821022563,,,,
1_03444.mp4,1,8.577878104,148.8888889,1,0,0.718556724,-0.918885199,,,,
1_03445.mp4,1,24.94432071,90.90909091,5,0,0.544704866,-0.223480162,,,,
1_03446.mp4,1,27.25060827,93.33333333,3,1,0.591892056,0.266353336,,,,
1_03447.mp4,1,2.662229617,96.92307692,2,1,0.855281198,1.555129516,,,,
1_03448.mp4,1,26.86567164,96.2962963,1,1,0.641495244,0.457850664,,,,
1_03449.mp4,1,26.00472813,98,1,1,0.923481458,2.205575409,,,,
1_03450.mp4,1,8.675799087,98.66666667,1,1,0.642229396,0.460531623,,,,
1_03451.mp4,1,36.18421053,91.89189189,3,1,0.582710449,0.232382726,,,,
1_03452.mp4,1,17.93103448,93.93939394,2,1,0.815077734,1.317074547,,,,
1_03453.mp4,1,28.95442359,96.15384615,2,0,0.593199266,-0.414335141,,,,
1_03454.mp4,1,25.91362126,92.5,3,1,0.63000517,0.429960913,,,,
1_03455.mp4,1,15.60283688,92.5,3,1,0.810606935,1.261500835,,,,
1_03456.mp4,1,37.03703704,91.17647059,3,1,0.863768897,1.619100807,,,,
1_03457.mp4,1,27.53036437,96.77419355,1,1,0.714566193,0.76988256,,,,
1_03458.mp4,1,6.104651163,99.18032787,1,1,0.704214131,0.723776059,,,,
1_03459.mp4,1,1.541425819,89.0625,7,1,0.853375121,1.55628553,,,,
1_03460.mp4,1,7.177033493,93.02325581,6,1,0.840117394,1.472989463,,,,
1_03461.mp4,1,31.29251701,96.875,1,1,0.94927594,2.631834705,,,,
1_03462.mp4,1,18.88412017,93.10344828,2,1,0.553416344,0.145686741,,,,
1_03463.mp4,1,25.20325203,87.5,4,1,0.955714454,2.763260282,,,,
1_03464.mp4,1,6.790123457,86.11111111,5,1,0.930130948,2.302619105,,,,
1_03465.mp4,1,21.30750605,98.03921569,1,1,0.886310516,1.811384563,,,,
1_03466.mp4,1,2.512562814,131.8181818,4,1,0.717448721,0.782897499,,,,
1_03467.mp4,1,9.367681499,98.66666667,1,1,0.726519501,0.82685996,,,,
1_03468.mp4,1,17.67068273,96.875,1,1,0.889743577,1.856696804,,,,
1_03469.mp4,1,23.85321101,93.22033898,4,1,0.934258067,2.390610088,,,,
1_03470.mp4,1,21.80685358,97.14285714,1,1,0.909594738,2.039628957,,,,
1_03471.mp4,1,9.259259259,100,0,1,0.838712205,1.440411675,,,,
1_03472.mp4,1,35.95505618,88.57142857,4,1,0.856378241,1.595444334,,,,
1_03473.mp4,1,25.88235294,91.17647059,3,1,0.54141222,0.095306041,,,,
1_03474.mp4,1,25.67567568,91.66666667,3,1,0.719549446,0.817823823,,,,
1_03475.mp4,1,18.5840708,96.66666667,2,0,0.597958762,-0.439249514,,,,
1_03476.mp4,1,21.05263158,105.5555556,0,1,0.913861451,2.094100077,,,,
1_03477.mp4,1,24.17582418,100,0,1,0.967306662,3.074609075,,,,
1_03478.mp4,1,34.43708609,94.44444444,2,1,0.773868537,1.077748154,,,,
1_03479.mp4,1,18,100,0,0,0.587273503,-0.397869178,,,,
1_03480.mp4,1,24.29906542,93.02325581,3,1,0.74929852,0.958735619,,,,
1_03481.mp4,1,29.62962963,95.55555556,2,1,0.839297336,1.44437974,,,,
1_03482.mp4,1,5.421686747,99.23076923,1,1,0.897864209,1.947121308,,,,
1_03483.mp4,1,14.51104101,95.45454545,2,1,0.973841309,3.280613539,,,,
1_03484.mp4,1,18.67321867,93.75,3,1,0.96057704,2.875202787,,,,
1_03485.mp4,1,33.83685801,92.68292683,6,1,0.762485798,0.998177645,,,,
1_03486.mp4,1,12.5984252,93.5483871,3,0,0.906736296,-2.151895191,,,,
1_03487.mp4,1,9.375,102.4691358,6,1,0.945591286,2.547664974,,,,
1_03488.mp4,1,43.67245658,86.36363636,10,1,0.785206279,1.117872558,,,,
1_03489.mp4,1,4.887983707,98.14814815,1,1,0.864649731,1.652896128,,,,
1_03490.mp4,1,27.10843373,97.22222222,1,1,0.882975841,1.777426494,,,,
1_03491.mp4,1,27.73109244,96.55172414,1,1,0.659325323,0.533577936,,,,
1_03492.mp4,1,15.45064378,92.10526316,3,1,0.689496723,0.678558108,,,,
1_03493.mp4,1,21.3740458,97.22222222,1,1,0.744235998,0.918655827,,,,
1_03494.mp4,1,29.37062937,92.30769231,3,1,0.594368852,0.284152528,,,,
1_03495.mp4,1,12.37113402,96,1,1,0.771926686,1.046693307,,,,
1_03496.mp4,1,23.91857506,95.45454545,2,0,0.644805774,-0.623027329,,,,
1_03497.mp4,1,28.20512821,83.87096774,5,0,0.638356997,-0.601763419,,,,
1_03498.mp4,1,14.33447099,91.42857143,4,1,0.796086115,1.199239228,,,,
1_03499.mp4,1,29.90654206,95,2,1,0.734933595,0.889435339,,,,
1_03500.mp4,1,12.88515406,96.36363636,3,1,0.81549847,1.290800692,,,,
1_03501.mp4,1,19.00647948,94.82758621,3,0,0.803945453,-1.350981336,,,,
1_03502.mp4,1,2.202643172,100,0,1,0.845928493,1.519450352,,,,
1_03503.mp4,1,1.690140845,93.33333333,8,1,0.741841371,0.896478874,,,,
1_03504.mp4,1,0.665557404,93.65079365,5,1,0.942805767,2.499052291,,,,
1_03505.mp4,1,3.066439523,91.04477612,6,1,0.936808993,2.429702519,,,,
1_03506.mp4,1,14.87179487,91.4893617,4,1,0.732291977,0.861722104,,,,
1_03507.mp4,1,34.66666667,89.47368421,4,1,0.928771513,2.28356634,,,,
1_03508.mp4,1,30.52208835,100,0,1,0.737237377,0.885093113,,,,
1_03509.mp4,1,22.406639,90.625,3,1,0.871219039,1.711739165,,,,
1_03510.mp4,1,34.57446809,88.23529412,6,1,0.895534654,1.930002423,,,,
1_03511.mp4,1,28.17869416,100,0,0,0.5,-0.051369721,,,,
1_03512.mp4,1,28.82882883,94.87179487,2,1,0.975487384,3.348492674,,,,
1_03513.mp4,1,2.898550725,100,0,1,0.683958452,0.654793894,,,,
1_03514.mp4,1,29.24901186,100,0,1,0.727076984,0.837371196,,,,
1_03515.mp4,1,21.39917695,97.36842105,1,0,0.707600686,-0.873663485,,,,
1_03516.mp4,1,7.988587732,98.38709677,2,1,0.808983063,1.251901558,,,,
1_03517.mp4,1,25.99277978,87.17948718,5,1,0.670502981,0.579642492,,,,
1_03518.mp4,1,28.21576763,96.875,1,1,0.948231799,2.631366307,,,,
1_03519.mp4,1,3.793103448,125.9259259,7,1,0.7905477,1.158128651,,,,
1_03520.mp4,1,29.88505747,88.88888889,4,0,0.63987023,-0.590455977,,,,
1_03521.mp4,1,30.56768559,90.90909091,3,1,0.900150582,1.944646511,,,,
1_03522.mp4,1,35.40983607,100,0,1,0.747884117,0.927454473,,,,
1_03523.mp4,1,25,96.2962963,1,1,0.528807334,0.04109944,,,,
1_03524.mp4,1,24.74747475,105,3,1,0.879755056,1.766560456,,,,
1_03525.mp4,1,4.480651731,98,6,1,0.86438499,1.62682919,,,,
1_03526.mp4,1,39.85239852,103.5714286,0,0,0.528408305,-0.167876411,,,,
1_03527.mp4,1,37.5,92.59259259,2,1,0.791098206,1.171159343,,,,
1_03528.mp4,1,11.83431953,100,0,1,0.901977398,1.989254777,,,,
1_03529.mp4,1,22.13114754,94.44444444,2,1,0.735487363,0.886133511,,,,
1_03530.mp4,1,31.69811321,94.11764706,2,1,0.962760881,2.943710419,,,,
1_03531.mp4,1,33.33333333,96.55172414,1,0,0.764935355,-1.140135332,,,,
1_03532.mp4,1,25.58922559,97.14285714,1,1,0.630608171,0.426317858,,,,
1_03533.mp4,1,3.903903904,152.6315789,8,1,0.654345002,0.513291223,,,,
1_03534.mp4,1,26.36363636,100,0,1,0.83470112,1.436349331,,,,
1_03535.mp4,1,24.42748092,94.11764706,2,1,0.902535591,1.96398615,,,,
1_03536.mp4,1,40.74074074,89.28571429,3,1,0.864709726,1.629369418,,,,
1_03537.mp4,1,23.8410596,87.17948718,5,0,0.509759087,-0.108504154,,,,
1_03538.mp4,1,36.52968037,96.2962963,1,1,0.90266099,1.965286187,,,,
1_03539.mp4,1,39.3220339,92.10526316,5,1,0.697646373,0.719859583,,,,
1_03540.mp4,1,19.64285714,98.18181818,1,1,0.774890592,1.083144906,,,,
1_03541.mp4,1,32.41106719,93.75,2,1,0.737942779,0.877882125,,,,
1_03542.mp4,1,40.89775561,86.66666667,6,0,0.512914837,-0.025218456,,,,
1_03543.mp4,1,23.78378378,100,0,1,0.642331837,0.475200671,,,,
1_03544.mp4,1,40.6779661,88.37209302,5,1,0.673026964,0.599799311,,,,
1_03545.mp4,1,35.07692308,96.96969697,2,1,0.781685791,1.098346225,,,,
1_03546.mp4,1,3.630363036,112.2807018,9,1,0.667660991,0.592001425,,,,
1_03547.mp4,1,28.05970149,90.24390244,4,0,0.889087039,-1.973737946,,,,
1_03548.mp4,1,30.56300268,93.47826087,3,1,0.808103022,1.269044968,,,,
1_03549.mp4,1,30.52631579,100,0,1,0.84086071,1.455039216,,,,
1_03550.mp4,1,36.52968037,90,3,1,0.690240562,0.662993798,,,,
1_03551.mp4,1,29.20353982,93.75,2,1,0.804953277,1.240296003,,,,
1_03552.mp4,1,14.1025641,97.05882353,1,1,0.948437217,2.599818622,,,,
1_03553.mp4,1,41.37931034,81.25,6,1,0.852918553,1.569792635,,,,
1_03554.mp4,1,16.51376147,100,0,0,0.5,-0.076488823,,,,
1_03555.mp4,1,28.29581994,97.05882353,3,1,0.934702395,2.397316413,,,,
1_03556.mp4,1,28.71046229,92,4,1,0.923481458,2.205575409,,,,
1_03557.mp4,1,0.887573964,130,3,1,0.866888191,1.646545217,,,,
1_03558.mp4,1,26.83982684,96,1,0,0.564733585,-0.29868088,,,,
1_03559.mp4,1,38.97435897,88,3,0,0.750808736,-1.085301274,,,,
1_03560.mp4,1,30.5785124,89.28571429,3,1,0.930313927,2.297666598,,,,
1_03561.mp4,1,24.63768116,93.33333333,2,1,0.779141658,1.10577937,,,,
1_03562.mp4,1,33.33333333,88.46153846,3,0,0.78981227,-1.279861834,,,,
1_03563.mp4,1,13.82113821,96.875,2,0,0.72608021,-0.967682867,,,,
1_03564.mp4,1,26.51515152,100,0,1,0.943600078,2.52848012,,,,
1_03565.mp4,1,25.708061,92.72727273,4,1,0.976499056,3.348807579,,,,
1_03566.mp4,1,27.17770035,100,0,1,0.920369956,2.199711952,,,,
1_03567.mp4,1,22.04724409,97.14285714,1,1,0.670550599,0.579840387,,,,
1_03568.mp4,1,26.21359223,96.2962963,1,1,0.785785057,1.120534185,,,,
1_03569.mp4,1,21.86234818,96.42857143,1,1,0.86698692,1.644235013,,,,
1_03570.mp4,1,4.832713755,89.23076923,7,1,0.753817358,0.965595663,,,,
1_03571.mp4,1,33.62318841,84.7826087,7,1,0.963662608,2.967228484,,,,
1_03572.mp4,1,20.72072072,100,0,0,0.522781635,-0.149131805,,,,
1_03573.mp4,1,20.83333333,95.55555556,2,1,0.921160058,2.182723088,,,,
1_03574.mp4,1,6.920415225,99.11504425,1,1,0.776169053,1.095876822,,,,
1_03575.mp4,1,31.03448276,93.5483871,2,1,0.880559319,1.784887552,,,,
1_03576.mp4,1,22.43902439,96.66666667,2,1,0.915274654,2.137311298,,,,
1_03577.mp4,1,0.956937799,97.01492537,4,1,0.799642985,1.219573785,,,,
1_03578.mp4,1,10.98039216,100,0,1,0.614715048,0.356261771,,,,
1_03579.mp4,1,11.14369501,100,0,1,0.622743272,0.403196688,,,,
1_03580.mp4,1,3.607214429,90.19607843,8,1,0.761881527,1.02163373,,,,
1_03581.mp4,1,6.871609403,98.93617021,1,1,0.614605724,0.355862129,,,,
1_03582.mp4,1,17.98941799,96.15384615,1,1,0.517862816,0.013921157,,,,
1_03583.mp4,1,0.798934754,105.3333333,4,1,0.713257332,0.783318753,,,,
1_03584.mp4,1,25.84269663,100,0,1,0.535191774,0.064691989,,,,
1_03585.mp4,1,29.01554404,97.56097561,1,1,0.957484575,2.822371823,,,,
1_03586.mp4,1,19.67213115,100,2,1,0.709812426,0.77373681,,,,
1_03587.mp4,1,40.25559105,82.5,7,1,0.627127969,0.396175059,,,,
1_03588.mp4,1,16.79389313,96.77419355,2,1,0.900647906,1.981549434,,,,
1_03589.mp4,1,20,93.93939394,2,1,0.782948127,1.126311113,,,,
1_03590.mp4,1,18.30065359,97.36842105,1,1,0.586870886,0.256330582,,,,
1_03591.mp4,1,31.38461538,94.73684211,3,1,0.774095591,1.058035906,,,,
1_03592.mp4,1,24.82758621,97.36842105,1,1,0.747969986,0.94628277,,,,
1_03593.mp4,1,18.88888889,100,0,1,0.604913114,0.314461658,,,,
1_03594.mp4,1,12.29050279,97.95918367,2,1,0.825993011,1.379398375,,,,
1_03595.mp4,1,21.35416667,93.87755102,3,1,0.929158925,2.304042588,,,,
1_03596.mp4,1,26.61290323,94.28571429,2,1,0.639389501,0.446049473,,,,
1_03597.mp4,1,1.931034483,123.4375,2,1,0.693269603,0.679510531,,,,
1_03598.mp4,1,15.23809524,96.66666667,1,1,0.963229441,2.91312447,,,,
1_03599.mp4,1,41.66666667,93.87755102,3,0,0.5748297,-0.350325581,,,,
1_03600.mp4,1,22.53521127,90.47619048,4,1,0.94291504,2.535791377,,,,
1_03601.mp4,1,24.50592885,90,5,1,0.958986501,2.820418373,,,,
1_03602.mp4,1,32.93172691,94.11764706,2,1,0.688565051,0.665666616,,,,
1_03603.mp4,1,27.2,92.59259259,2,1,0.559423923,0.15444041,,,,
1_03604.mp4,1,29.71428571,86.66666667,7,0,0.582304944,-0.359919796,,,,
1_03605.mp4,1,30.37974684,85.71428571,6,0,0.550818427,-0.240565318,,,,
1_03606.mp4,1,33.4841629,86.66666667,4,1,0.657008535,0.542146037,,,,
1_03607.mp4,1,1.446654611,91.07142857,7,0,0.505953416,-0.087066952,,,,
1_03608.mp4,1,38.46153846,93.33333333,4,1,0.710311276,0.770062706,,,,
1_03609.mp4,1,32.0754717,92.68292683,3,0,0.780299827,-1.232516555,,,,
1_03610.mp4,1,2.098950525,95.3125,3,1,0.925490692,2.253857307,,,,
1_03611.mp4,1,5.317577548,107.6923077,7,1,0.888113733,1.859044705,,,,
1_03612.mp4,1,14.04958678,93.93939394,2,0,0.74625388,-1.053643031,,,,
1_03613.mp4,1,1.154401154,92.40506329,6,1,0.854357533,1.550800016,,,,
1_03614.mp4,1,25.83732057,96.875,1,1,0.795699136,1.203014969,,,,
1_03615.mp4,1,29.22374429,100,0,1,0.722771419,0.83261585,,,,
1_03616.mp4,1,37.28813559,86.20689655,4,1,0.716439134,0.778330028,,,,
1_03617.mp4,1,17.04545455,92,3,0,0.564175873,-0.290813796,,,,
1_03618.mp4,1,28.10810811,91.66666667,2,1,0.765650847,1.025295154,,,,
1_03619.mp4,1,33.41288783,91.30434783,7,1,0.738449863,0.880290821,,,,
1_03620.mp4,1,17.94019934,94.73684211,3,1,0.684713486,0.658020308,,,,
1_03621.mp4,1,26.28205128,93.93939394,2,1,0.85711809,1.600996543,,,,
1_03622.mp4,1,19.2139738,93.93939394,2,1,0.81389826,1.293632436,,,,
1_03623.mp4,1,16.875,89.47368421,4,1,0.721073078,0.802016633,,,,
1_03624.mp4,1,2.004008016,106.122449,1,1,0.779219984,1.106199296,,,,
1_03625.mp4,1,33.88704319,94.28571429,2,1,0.95186885,2.696061408,,,,
1_03626.mp4,1,26.62889518,97.56097561,1,1,0.567537781,0.176227267,,,,
1_03627.mp4,1,4.408352668,99.37888199,1,1,0.954574075,2.722244061,,,,
1_03628.mp4,1,33.59173127,97.61904762,1,1,0.877699885,1.73182775,,,,
1_03629.mp4,1,37.68115942,86.84210526,6,1,0.863844877,1.619688427,,,,
1_03630.mp4,1,1.360544218,113.9534884,5,1,0.772477756,1.070431896,,,,
1_03631.mp4,1,31.02040816,89.65517241,3,0,0.581275228,-0.355961014,,,,
1_03632.mp4,1,40.8839779,86.66666667,6,1,0.882032209,1.769141303,,,,
1_03633.mp4,1,7.600950119,97.87234043,1,1,0.726664843,0.844710688,,,,
1_03634.mp4,1,29.79942693,93.47826087,3,0,0.569382283,-0.329701755,,,,
1_03635.mp4,1,18.63799283,94.28571429,2,1,0.846134973,1.514892556,,,,
1_03636.mp4,1,16.09907121,97.2972973,1,1,0.882824092,1.810955292,,,,
1_03637.mp4,1,27.96610169,96.55172414,1,1,0.906159167,2.021886508,,,,
1_03638.mp4,1,29.16666667,100,0,1,0.894980709,1.893053676,,,,
1_03639.mp4,1,41.43646409,88.63636364,5,1,0.757835217,0.99522465,,,,
1_03640.mp4,1,30.9352518,97.22222222,1,0,0.861088328,-1.747674049,,,,
1_03641.mp4,1,7.826086957,96.42857143,1,1,0.889540566,1.836741082,,,,
1_03642.mp4,1,34.09090909,93.93939394,2,1,0.870355701,1.671106602,,,,
1_03643.mp4,1,26.42857143,97.05882353,1,1,0.926840373,2.257072004,,,,
1_03644.mp4,1,16.82242991,100,0,1,0.520821799,0.019058632,,,,
1_03645.mp4,1,38.59649123,89.28571429,3,1,0.658185601,0.533391969,,,,
1_03646.mp4,1,24.10423453,97.5,1,0,0.738661525,-1.022150471,,,,
1_03647.mp4,1,27.20588235,94.28571429,2,1,0.710404808,0.754197222,,,,
1_03648.mp4,1,18.06020067,96.875,1,1,0.758010095,0.996104212,,,,
1_03649.mp4,1,30.39215686,100,0,1,0.912101721,2.073761118,,,,
1_03650.mp4,1,7.722007722,99.00990099,1,1,0.870169063,1.672869326,,,,
1_03651.mp4,1,24.10423453,93.33333333,2,1,0.846386249,1.493407349,,,,
1_03652.mp4,1,36.68122271,92.30769231,2,1,0.817528401,1.303906698,,,,
1_03653.mp4,1,33.97683398,100,0,1,0.671742809,0.594429858,,,,
1_03654.mp4,1,28.24427481,94.11764706,2,1,0.953344608,2.712892962,,,,
1_03655.mp4,1,28.95622896,94.11764706,2,1,0.978487845,3.416748692,,,,
1_03656.mp4,1,24.74226804,96.96969697,1,1,0.987863172,3.947612856,,,,
1_03657.mp4,1,3.338898164,89.74358974,8,1,0.94832961,2.633209973,,,,
1_03658.mp4,1,29.41176471,96.15384615,2,1,0.729648986,0.849344023,,,,
1_03659.mp4,1,17.6056338,91.42857143,3,1,0.747196434,0.948435256,,,,
1_03660.mp4,1,1.203007519,91.13924051,7,1,0.746417849,0.944634487,,,,
1_03661.mp4,1,38.58267717,87.5,4,0,0.702677194,-0.84845268,,,,
1_03662.mp4,1,20,90.32258065,3,1,0.935381498,2.413794401,,,,
1_03663.mp4,1,36.36363636,100,0,1,0.816559193,1.297964359,,,,
1_03664.mp4,1,8.064516129,100,0,1,0.597144632,0.291885717,,,,
1_03665.mp4,1,30.28391167,105.8823529,2,1,0.887211246,1.815348992,,,,
1_03666.mp4,1,34.66666667,88.57142857,4,1,0.969914704,3.133362293,,,,
1_03667.mp4,1,30.35714286,96.77419355,1,1,0.781747659,1.09929488,,,,
1_03668.mp4,1,29.05982906,97.5,3,1,0.720810636,0.823601471,,,,
1_03669.mp4,1,0.644122383,143.8596491,4,1,0.839024444,1.471526997,,,,
1_03670.mp4,1,1.433691756,96.2962963,4,1,0.937464738,2.403496469,,,,
1_03671.mp4,1,18.6440678,96.66666667,1,1,0.923026798,2.206596429,,,,
1_03672.mp4,1,27.16981132,91.66666667,3,1,0.801366979,1.229526396,,,,
1_03673.mp4,1,29.26829268,85.71428571,7,1,0.911735281,2.102052497,,,,
1_03674.mp4,1,20.25316456,95.45454545,1,0,0.816398712,-1.429664108,,,,
1_03675.mp4,1,15.18151815,96.96969697,1,1,0.864144307,1.624949776,,,,
1_03676.mp4,1,33.01886792,96.55172414,1,1,0.719070449,0.792956838,,,,
1_03677.mp4,1,23.67601246,94.73684211,2,0,0.538604366,-0.205279492,,,,
1_03678.mp4,1,25.73529412,94.11764706,2,1,0.847334546,1.523404836,,,,
1_03679.mp4,1,2.593659942,90,8,1,0.86632258,1.642062949,,,,
1_03680.mp4,1,23.75296912,84.74576271,9,1,0.959907584,2.859031561,,,,
1_03681.mp4,1,36.44444444,87.87878788,4,1,0.575423068,0.212066858,,,,
1_03682.mp4,1,28.23529412,91.66666667,3,1,0.697445173,0.694134171,,,,
1_03683.mp4,1,28.57142857,92.30769231,3,1,0.95456019,2.711588331,,,,
1_03684.mp4,1,29.25170068,97.43589744,1,1,0.787540484,1.151428856,,,,
1_03685.mp4,1,31.46067416,93.93939394,2,0,0.617518546,-0.49848011,,,,
1_03686.mp4,1,7.264957265,98.86363636,1,1,0.953706326,2.693772096,,,,
1_03687.mp4,1,7.692307692,100,0,1,0.704910227,0.726846374,,,,
1_03688.mp4,1,4.485981308,107.6923077,5,1,0.711343757,0.774699292,,,,
1_03689.mp4,1,6.115107914,88.4057971,8,1,0.555812937,0.140011002,,,,
1_03690.mp4,1,21.89054726,93.75,3,1,0.554660234,0.128603275,,,,
1_03691.mp4,1,5.498281787,106.557377,6,1,0.886873825,1.841531766,,,,
1_03692.mp4,1,30.26315789,94.87179487,2,0,0.722964469,-0.948640176,,,,
1_03693.mp4,1,10.06864989,98.7654321,1,1,0.986834579,3.9109296,,,,
1_03694.mp4,1,30.71895425,94.44444444,2,0,0.531358208,-0.168052929,,,,
1_03695.mp4,1,22.85714286,93.47826087,3,1,0.617110917,0.359401252,,,,
1_03696.mp4,1,25.57077626,93.33333333,2,1,0.932248825,2.360801672,,,,
1_03697.mp4,1,2.150537634,98,2,1,0.516330045,0.008255039,,,,
1_03698.mp4,1,32.2147651,94.44444444,2,1,0.758707226,0.999614771,,,,
1_03699.mp4,1,6.636155606,98.7654321,2,1,0.760708138,1.000115296,,,,
1_03700.mp4,1,28.57142857,90.32258065,6,1,0.962422376,2.892537644,,,,
1_03701.mp4,1,36.07843137,85.29411765,6,1,0.774127467,1.085069103,,,,
1_03702.mp4,1,10.42345277,100,0,1,0.970330958,3.115721557,,,,
1_03703.mp4,1,8.219178082,93.93939394,2,1,0.857011167,1.594163584,,,,
1_03704.mp4,1,25.75757576,94.73684211,2,0,0.869175008,-1.80935874,,,,
1_03705.mp4,1,3.087478559,101.6949153,2,1,0.71242734,0.763180782,,,,
1_03706.mp4,1,0.954653938,97.82608696,6,1,0.861622946,1.618323134,,,,
1_03707.mp4,1,0.907029478,97.87234043,1,1,0.95857392,2.827572034,,,,
1_03708.mp4,1,2.159827214,94,5,1,0.826314905,1.387461668,,,,
1_03709.mp4,1,34.42622951,96.875,1,1,0.960607269,2.89589689,,,,
1_03710.mp4,1,11.36363636,100,0,1,0.957847545,2.810842798,,,,
1_03711.mp4,1,19.29824561,97.05882353,2,1,0.756303158,0.977972186,,,,
1_03712.mp4,1,40.49586777,89.65517241,3,1,0.817835362,1.334034094,,,,
1_03713.mp4,1,4.770017036,95.3125,4,1,0.823141599,1.367234269,,,,
1_03714.mp4,1,33.02752294,93.33333333,2,0,0.658092589,-0.685507531,,,,
1_03715.mp4,1,25.78125,96.77419355,1,1,0.927062066,2.252842433,,,,
1_03716.mp4,1,16.80672269,90.32258065,3,1,0.851610502,1.543391172,,,,
1_03717.mp4,1,20,95.45454545,2,0,0.763318125,-1.138777674,,,,
1_03718.mp4,1,23.91304348,96.15384615,1,1,0.94941751,2.634549937,,,,
1_03719.mp4,1,5.09383378,93.68421053,6,1,0.698344987,0.708044764,,,,
1_03720.mp4,1,0.622083981,117.8571429,6,1,0.766154248,1.016868047,,,,
1_03721.mp4,1,38.9380531,86.66666667,4,1,0.85038627,1.519646277,,,,
1_03722.mp4,1,26.60550459,95.83333333,1,1,0.868037178,1.655700592,,,,
1_03723.mp4,1,35.17241379,97.05882353,1,1,0.930862396,2.305417253,,,,
1_03724.mp4,1,34.75935829,100,0,1,0.938904107,2.434575573,,,,
1_03725.mp4,1,11.83431953,96.66666667,1,0,0.8542534,-1.696257984,,,,
1_03726.mp4,1,35.29411765,92.10526316,3,1,0.896503689,1.9218752,,,,
1_03727.mp4,1,22.22222222,100,2,1,0.926824402,2.290375277,,,,
1_03728.mp4,1,0.862068966,95.23809524,4,1,0.904181701,2.012491327,,,,
1_03729.mp4,1,19.49152542,96.96969697,1,1,0.958260149,2.840138695,,,,
1_03730.mp4,1,1.160541586,96.49122807,2,1,0.83171632,1.406058976,,,,
1_03731.mp4,1,12.15469613,93.87755102,4,1,0.983406081,3.658157164,,,,
1_03732.mp4,1,16.91176471,89.74358974,5,1,0.720149163,0.82056921,,,,
1_03733.mp4,1,26.12826603,92.85714286,4,1,0.681778382,0.636687255,,,,
1_03734.mp4,1,33.33333333,89.58333333,5,1,0.819690709,1.329225318,,,,
1_03735.mp4,1,34.01759531,94.59459459,3,1,0.922559989,2.23378428,,,,
1_03736.mp4,1,2.603036876,81.81818182,10,0,0.65461858,-0.653259731,,,,
1_03737.mp4,1,37.82051282,90,4,1,0.815757431,1.321236552,,,,
1_03738.mp4,1,33.61823362,93.33333333,4,1,0.813930944,1.281970837,,,,
1_03739.mp4,1,32.63598326,96.875,1,1,0.813954944,1.304237395,,,,
1_03740.mp4,1,8.695652174,100,0,1,0.85882889,1.584142351,,,,
1_03741.mp4,1,32.43243243,95.45454545,1,0,0.787001083,-1.264305951,,,,
1_03742.mp4,1,32.03125,92.30769231,2,1,0.942389313,2.483170362,,,,
1_03743.mp4,1,9.885931559,86.11111111,5,1,0.625112411,0.388786744,,,,
1_03744.mp4,1,35.33834586,93.5483871,2,0,0.860012359,-1.737246644,,,,
1_03745.mp4,1,8.015267176,114.2857143,5,1,0.679870747,0.628601418,,,,
1_03746.mp4,1,24.16107383,97.36842105,1,1,0.773330892,1.065159006,,,,
1_03747.mp4,1,15.38461538,97.05882353,1,0,0.808579774,-1.382275992,,,,
1_03748.mp4,1,35.19313305,93.5483871,2,1,0.90712562,2.050380193,,,,
1_03749.mp4,1,35.8778626,100,0,1,0.847809213,1.503470056,,,,
1_03750.mp4,1,25.56701031,90.16393443,6,1,0.71440696,0.794427386,,,,
1_03751.mp4,1,15.43209877,100,0,1,0.588363977,0.275700835,,,,
1_03752.mp4,1,34.89096573,90.69767442,4,1,0.574787303,0.203056905,,,,
1_03753.mp4,1,21.73913043,91.89189189,3,1,0.760287845,0.988444686,,,,
1_03754.mp4,1,29.26829268,95.23809524,2,1,0.700350135,0.710074321,,,,
1_03755.mp4,1,30.3030303,97.22222222,1,1,0.549808272,0.132283581,,,,
1_03756.mp4,1,32.9588015,93.93939394,2,1,0.759762153,0.984428536,,,,
1_03757.mp4,1,9.109730849,98.93617021,1,1,0.857571201,1.572072958,,,,
1_03758.mp4,1,28.57142857,94.28571429,2,1,0.57270766,0.202084392,,,,
1_03759.mp4,1,34.40860215,90.38461538,5,1,0.884636698,1.792151764,,,,
1_03760.mp4,1,30.37974684,91.83673469,4,1,0.932402903,2.369197334,,,,
1_03761.mp4,1,25.19685039,96.66666667,1,1,0.938238632,2.439478368,,,,
1_03762.mp4,1,10.36585366,100,0,1,0.804044108,1.251089168,,,,
1_03763.mp4,1,25,100,1,1,0.922830199,2.218866803,,,,
1_03764.mp4,1,14.28571429,91.89189189,3,1,0.931512672,2.314680885,,,,
1_03765.mp4,1,46.79487179,69.04761905,15,0,0.5,-0.06384161,,,,
1_03766.mp4,1,32.85024155,100,0,1,0.820873683,1.352950987,,,,
1_03767.mp4,1,23.16602317,82.35294118,6,1,0.916286176,2.116444858,,,,
1_03768.mp4,1,22.76923077,90.69767442,4,1,0.930342019,2.339398394,,,,
1_03769.mp4,1,22.91666667,93.18181818,3,1,0.854099959,1.548905408,,,,
1_03770.mp4,1,2.465331279,123.2142857,4,0,0.554959494,-0.256093301,,,,
1_03771.mp4,1,29.45736434,94.59459459,2,1,0.822883077,1.336187476,,,,
1_03772.mp4,1,46.25407166,74.41860465,12,1,0.755775552,0.990839468,,,,
1_03773.mp4,1,1.540436457,97.43589744,2,1,0.840901241,1.484387006,,,,
1_03774.mp4,1,32.43243243,84.61538462,6,0,0.797806766,-1.319342868,,,,
1_03775.mp4,1,12.08459215,97.82608696,1,1,0.587953725,0.2741746,,,,
1_03776.mp4,1,34.10404624,88.0952381,6,1,0.829414707,1.377578131,,,,
1_03777.mp4,1,25.72347267,92.30769231,3,1,0.801889095,1.238530585,,,,
1_03778.mp4,1,24.48979592,85.29411765,5,1,0.867887285,1.68467838,,,,
1_03779.mp4,1,31.77570093,96.15384615,1,0,0.5129522,-0.111378693,,,,
1_03780.mp4,1,31.41762452,91.17647059,4,1,0.914076274,2.096608852,,,,
1_03781.mp4,1,24.27184466,100,0,0,0.709843504,-0.883692599,,,,
1_03782.mp4,1,25.52083333,91.83673469,4,1,0.902397941,1.967822435,,,,
1_03783.mp4,1,24.3902439,96.875,1,1,0.895497231,1.923557305,,,,
1_03784.mp4,1,31.44654088,100,0,1,0.913071154,2.084919506,,,,
1_03785.mp4,1,16.77018634,94.73684211,2,1,0.953379555,2.713617842,,,,
1_03786.mp4,1,7.243460765,108.8888889,2,1,0.668959957,0.597411453,,,,
1_03787.mp4,1,16.91331924,95.23809524,3,1,0.664672364,0.559807891,,,,
1_03788.mp4,1,30.76923077,96.55172414,1,1,0.944341351,2.55441289,,,,
1_03789.mp4,1,35.24590164,90.90909091,3,1,0.601541659,0.308019564,,,,
1_03790.mp4,1,20.86956522,96.42857143,1,1,0.850502051,1.522726033,,,,
1_03791.mp4,1,8.695652174,98.86363636,1,1,0.983080226,3.640113802,,,,
1_03792.mp4,1,28.57142857,97.14285714,1,0,0.544690037,-0.230330174,,,,
1_03793.mp4,1,26.39593909,79.31034483,6,1,0.815742819,1.315157819,,,,
1_03794.mp4,1,32,97.05882353,1,1,0.579126199,0.241324893,,,,
1_03795.mp4,1,32.82051282,89.65517241,3,1,0.985560099,3.786992883,,,,
1_03796.mp4,1,24,87.80487805,5,1,0.870555507,1.676007215,,,,
1_03797.mp4,1,22.88135593,90.32258065,3,0,0.710794811,-0.893406056,,,,
1_03798.mp4,1,22.11981567,100,0,1,0.638058232,0.445286896,,,,
1_03799.mp4,1,6.286836935,98.92473118,1,1,0.674351208,0.599700546,,,,
1_03800.mp4,1,33.73493976,96.77419355,1,1,0.648737573,0.514329456,,,,
1_03801.mp4,1,34.61538462,96.66666667,1,1,0.93086777,2.305493484,,,,
1_03802.mp4,1,26.20689655,95.23809524,2,0,0.661890187,-0.690608764,,,,
1_03803.mp4,1,38,92.5,3,1,0.709162783,0.770826993,,,,
1_03804.mp4,1,6.440677966,99.11504425,1,1,0.909972499,2.043825656,,,,
1_03805.mp4,1,25.3164557,90.32258065,3,0,0.62313444,-0.527560262,,,,
1_03806.mp4,1,26.24434389,96.2962963,1,1,0.867033107,1.647696225,,,,
1_03807.mp4,1,23.7037037,97.14285714,1,1,0.786640372,1.13656077,,,,
1_03808.mp4,1,27.79661017,88.88888889,5,0,0.924134389,-2.367907007,,,,
1_03809.mp4,1,8.154506438,92.72727273,4,1,0.83489987,1.437676696,,,,
1_03810.mp4,1,8.02919708,130.9090909,4,1,0.814308858,1.283620836,,,,
1_03811.mp4,1,2.390438247,98.14814815,3,1,0.666856814,0.588657452,,,,
1_03812.mp4,1,26.61290323,90,4,1,0.629509996,0.404898988,,,,
1_03813.mp4,1,33.76623377,93.10344828,2,1,0.961276318,2.864021434,,,,
1_03814.mp4,1,20.80924855,91.66666667,2,0,0.514780088,-0.010663007,,,,
1_03815.mp4,1,17.94019934,94.28571429,2,1,0.901783318,1.97547046,,,,
1_03816.mp4,1,16.50485437,96,1,1,0.772739504,1.062056149,,,,
1_03817.mp4,1,26.24113475,94.59459459,2,1,0.597778467,0.304861329,,,,
1_03818.mp4,1,1.5,93.47826087,6,1,0.898855791,1.957137828,,,,
1_03819.mp4,1,6.63507109,102.2727273,1,1,0.963274813,2.914294668,,,,
1_03820.mp4,1,20.72072072,94.44444444,2,1,0.836275957,1.424013686,,,,
1_03821.mp4,1,27.95031056,92.68292683,3,1,0.555457657,0.138706713,,,,
1_03822.mp4,1,29.44444444,90.69767442,5,1,0.893493294,1.903975746,,,,
1_03823.mp4,1,38.84057971,81.81818182,9,1,0.871255159,1.694847464,,,,
1_03824.mp4,1,35.60830861,90.47619048,4,1,0.633653178,0.420052128,,,,
1_03825.mp4,1,34.48275862,86.11111111,5,1,0.526498135,0.045862366,,,,
1_03826.mp4,1,29.89323843,93.75,2,1,0.831581998,1.391588082,,,,
1_03827.mp4,1,36.79245283,78.125,7,1,0.701295227,0.729979652,,,,
1_03828.mp4,1,1.492537313,97.43589744,2,0,0.523100107,-0.143226555,,,,
1_03829.mp4,1,2.823529412,90.90909091,4,1,0.742572668,0.91062564,,,,
1_03830.mp4,1,15.11111111,91.89189189,3,1,0.983825516,3.718460707,,,,
1_03831.mp4,1,3.577817531,93.44262295,5,1,0.775627183,1.087045038,,,,
1_03832.mp4,1,38.9261745,89.74358974,4,0,0.526752472,-0.163804311,,,,
1_03833.mp4,1,31.41361257,96.15384615,1,1,0.90814655,2.061620899,,,,
1_03834.mp4,1,34.7826087,88.46153846,6,0,0.510780438,-0.025407591,,,,
1_03835.mp4,1,3.438395415,91.95402299,7,1,0.782361991,1.113269847,,,,
1_03836.mp4,1,43.03797468,85.71428571,5,1,0.905382139,1.99934921,,,,
1_03837.mp4,1,38.88888889,93.75,2,1,0.564171589,0.185673894,,,,
1_03838.mp4,1,2.839756592,98.33333333,2,1,0.877541949,1.747477298,,,,
1_03839.mp4,1,15.84699454,138.4615385,0,1,0.525311075,0.020364557,,,,
1_03840.mp4,1,31.57894737,90.625,3,1,0.851568834,1.559920721,,,,
1_03841.mp4,1,33.92226148,90.90909091,3,1,0.923046649,2.233974615,,,,
1_03842.mp4,1,23.43324251,94.23076923,3,0,0.526769692,-0.156816325,,,,
1_03843.mp4,1,9.230769231,95.91836735,2,1,0.855530943,1.583087495,,,,
1_03844.mp4,1,3.009575923,131.147541,6,1,0.611595263,0.356121555,,,,
1_03845.mp4,1,24.71042471,93.5483871,2,1,0.93974408,2.46371382,,,,
1_03846.mp4,1,26.25482625,93.75,2,0,0.8654572,-1.781660474,,,,
1_03847.mp4,1,34.95145631,96.96969697,1,1,0.58956987,0.25776406,,,,
1_03848.mp4,1,29.41176471,94.44444444,2,0,0.572835236,-0.33609941,,,,
1_03849.mp4,1,27.40740741,91.66666667,3,0,0.520139704,-0.137629666,,,,
1_03850.mp4,1,24.85549133,97.05882353,1,1,0.907874016,2.026368977,,,,
1_03851.mp4,1,33.62068966,96.2962963,1,1,0.800849051,1.204826275,,,,
1_03852.mp4,1,26.02230483,91.66666667,3,1,0.593576683,0.28924563,,,,
1_03853.mp4,1,24.6031746,96.55172414,1,1,0.669569525,0.579918244,,,,
1_03854.mp4,1,1.151631478,108.1632653,4,1,0.849002094,1.535329406,,,,
1_03855.mp4,1,10.78838174,89.65517241,3,0,0.568973125,-0.30898667,,,,
1_03856.mp4,1,17.84386617,95.23809524,3,1,0.74215079,0.918006749,,,,
1_03857.mp4,1,33.48017621,92,2,1,0.790116208,1.165689072,,,,
1_03858.mp4,1,8.178438662,98.98989899,1,1,0.704689911,0.725874159,,,,
1_03859.mp4,1,3.133903134,142.1875,4,1,0.681344013,0.625085046,,,,
1_03860.mp4,1,15.29411765,94.73684211,2,1,0.898242377,1.92035761,,,,
1_03861.mp4,1,26.38522427,85.41666667,7,1,0.646214253,0.475066542,,,,
1_03862.mp4,1,35.25835866,115.1515152,3,1,0.891032539,1.880372419,,,,
1_03863.mp4,1,20.6185567,89.65517241,4,1,0.548739997,0.128316441,,,,
1_03864.mp4,1,40,90.47619048,4,1,0.883158384,1.78304802,,,,
1_03865.mp4,1,31.54574132,94.73684211,2,1,0.723074846,0.828094882,,,,
1_03866.mp4,1,2.641056423,105.0632911,6,1,0.957732888,2.80822732,,,,
1_03867.mp4,1,15.81632653,123.255814,3,0,0.518218286,-0.11938205,,,,
1_03868.mp4,1,18.56540084,93.75,3,1,0.73849152,0.882580361,,,,
1_03869.mp4,1,0.428265525,117.0731707,2,1,0.898978576,1.932744918,,,,
1_03870.mp4,1,7.008760951,86.31578947,13,1,0.873768411,1.702411057,,,,
1_03871.mp4,1,19.2139738,96.66666667,1,1,0.707529793,0.763529523,,,,
1_03872.mp4,1,26.70157068,93.47826087,3,1,0.966615832,3.048386795,,,,
1_03873.mp4,1,39.83739837,94.11764706,2,0,0.5,-0.067886991,,,,
1_03874.mp4,1,1.988071571,130,2,1,0.80707862,1.252798292,,,,
1_03875.mp4,1,20.51282051,96.2962963,1,1,0.856484326,1.596238989,,,,
1_03876.mp4,1,27.09677419,96.875,1,1,0.979852131,3.477802391,,,,
1_03877.mp4,1,22.75862069,86.84210526,5,1,0.524927755,0.018953987,,,,
1_03878.mp4,1,10.84337349,91.66666667,5,1,0.86446268,1.640401544,,,,
1_03879.mp4,1,34.95145631,89.28571429,3,0,0.605714086,-0.458431185,,,,
1_03880.mp4,1,1.639344262,88.57142857,8,1,0.824750099,1.348971404,,,,
1_03881.mp4,1,0.804828974,115.6862745,4,1,0.767554021,1.025173729,,,,
1_03882.mp4,1,13.68821293,93.93939394,2,1,0.857074657,1.568379902,,,,
1_03883.mp4,1,22.07792208,90.47619048,4,1,0.644869657,0.484482037,,,,
1_03884.mp4,1,26.47058824,96,1,1,0.769923326,1.063027603,,,,
1_03885.mp4,1,28.8973384,86.84210526,5,0,0.661513818,-0.687579237,,,,
1_03886.mp4,1,20.33898305,95.83333333,1,1,0.778004501,1.079424671,,,,
1_03887.mp4,1,1.649484536,98.07692308,3,1,0.835861003,1.419674917,,,,
1_03888.mp4,1,8.73015873,98.93617021,1,1,0.688338218,0.658456048,,,,
1_03889.mp4,1,34.53815261,87.09677419,4,1,0.845884344,1.489876238,,,,
1_03890.mp4,1,26.72064777,87.87878788,4,1,0.899741774,1.935404288,,,,
1_03891.mp4,1,17.66561514,86.04651163,6,1,0.547984559,0.125511409,,,,
1_03892.mp4,1,31.97026022,94.87179487,2,1,0.919012505,2.188851591,,,,
1_03893.mp4,1,19.13875598,96.2962963,1,0,0.912451831,-2.20163502,,,,
1_03894.mp4,1,22.98850575,96.77419355,1,0,0.973245258,-3.394159401,,,,
1_03895.mp4,1,23.27272727,93.75,2,1,0.985501205,3.800883149,,,,
1_03896.mp4,1,2.522522523,109.4339623,1,1,0.882779956,1.804502925,,,,
1_03897.mp4,1,33.41523342,93.47826087,6,1,0.60900443,0.35237284,,,,
1_03898.mp4,1,25.625,97.43589744,1,1,0.722760281,0.80709253,,,,
1_03899.mp4,1,38.78326996,93.93939394,2,1,0.950646267,2.642212618,,,,
1_03900.mp4,1,25.65597668,100,0,1,0.89031385,1.862056468,,,,
1_03901.mp4,1,3.384615385,79.01234568,17,1,0.937915336,2.447117079,,,,
1_03902.mp4,1,9.523809524,96.42857143,1,1,0.962673523,2.947683077,,,,
1_03903.mp4,1,43.8538206,86.48648649,5,0,0.680410866,-0.755414975,,,,
1_03904.mp4,1,26.31578947,100,0,0,0.858346144,-1.720945879,,,,
1_03905.mp4,1,2.461538462,94.80519481,4,0,0.508973036,-0.031386953,,,,
1_03906.mp4,1,25.51724138,90,4,1,0.95720823,2.796344964,,,,
1_03907.mp4,1,13.42756184,100,0,1,0.839906898,1.448525884,,,,
1_03908.mp4,1,39.76608187,87.23404255,6,1,0.945738265,2.54109413,,,,
1_03909.mp4,1,28.82882883,100,1,0,0.703536289,-0.849924639,,,,
1_03910.mp4,1,22.53521127,94.11764706,2,1,0.948009811,2.591815141,,,,
1_03911.mp4,1,23.52941176,97.05882353,1,1,0.753943358,0.956990464,,,,
1_03912.mp4,1,13.92111369,91.83673469,4,1,0.916143523,2.147705051,,,,
1_03913.mp4,1,35.29411765,94.44444444,2,1,0.518962396,0.012183873,,,,
1_03914.mp4,1,5.345211581,88.46153846,7,1,0.851245235,1.528090648,,,,
1_03915.mp4,1,27.81954887,88.57142857,4,1,0.545258511,0.109575226,,,,
1_03916.mp4,1,19.41176471,94.91525424,3,1,0.816102674,1.295173752,,,,
1_03917.mp4,1,0.784313725,100,4,1,0.571933356,0.199238003,,,,
1_03918.mp4,1,18.75,94,3,0,0.721647005,-0.93286719,,,,
1_03919.mp4,1,6.847360913,99.2248062,1,1,0.673050047,0.614516858,,,,
1_03920.mp4,1,31.70731707,97.14285714,1,1,0.83481885,1.414299411,,,,
1_03921.mp4,1,30.68783069,93.47826087,3,0,0.51390755,-0.114866317,,,,
1_03922.mp4,1,24.78632479,93.5483871,2,1,0.646785372,0.472773114,,,,
1_03923.mp4,1,10.15625,96.77419355,1,1,0.732330134,0.871211051,,,,
1_03924.mp4,1,1.938610662,103.3898305,6,1,0.938832389,2.425016662,,,,
1_03925.mp4,1,37.42690058,109.0909091,2,1,0.856342073,1.59517353,,,,
1_03926.mp4,1,26.14379085,102.8571429,0,1,0.867357979,1.647166227,,,,
1_03927.mp4,1,3.838771593,109.2592593,0,1,0.897906062,1.935868516,,,,
1_03928.mp4,1,25.82159624,96.07843137,2,1,0.924592915,2.227039813,,,,
1_03929.mp4,1,29.88505747,94.44444444,3,1,0.866634957,1.657556222,,,,
1_03930.mp4,1,2.013422819,109.2592593,10,1,0.929960688,2.333974508,,,,
1_03931.mp4,1,34.87179487,91.83673469,4,1,0.844806871,1.505531235,,,,
1_03932.mp4,1,2.739726027,87.5,8,1,0.779993198,1.116310254,,,,
1_03933.mp4,1,32.21884498,95,2,1,0.609526766,0.337281335,,,,
1_03934.mp4,1,1.700680272,117.8571429,5,1,0.818086552,1.319281022,,,,
1_03935.mp4,1,21.71052632,94.44444444,2,1,0.752175754,0.972927563,,,,
1_03936.mp4,1,26.66666667,95.65217391,2,1,0.90672643,2.008271798,,,,
1_03937.mp4,1,37.37024221,100,0,0,0.814367397,-1.430258143,,,,
1_03938.mp4,1,21.46892655,86.95652174,3,1,0.862896161,1.612371002,,,,
1_03939.mp4,1,15.29745042,95.23809524,2,1,0.952820144,2.715436267,,,,
1_03940.mp4,1,34.02777778,91.66666667,7,1,0.579190932,0.225918819,,,,
1_03941.mp4,1,35.61643836,86.66666667,4,1,0.893103432,1.888634405,,,,
1_03942.mp4,1,30.03412969,96.96969697,1,1,0.962259828,2.930877717,,,,
1_03943.mp4,1,4.435483871,96.55172414,2,1,0.720039202,0.794662555,,,,
1_03944.mp4,1,18.55670103,96.2962963,1,0,0.57722825,-0.346195696,,,,
1_03945.mp4,1,27.41935484,93.93939394,2,1,0.992639568,4.430073693,,,,
1_03946.mp4,1,25.64102564,96.15384615,1,1,0.843812905,1.48788011,,,,
1_03947.mp4,1,25,100,0,1,0.533236177,0.070812079,,,,
1_03948.mp4,1,14.4486692,102.9411765,0,0,0.802382276,-1.355790285,,,,
1_03949.mp4,1,36.36363636,92.5,3,1,0.713838037,0.766607369,,,,
1_03950.mp4,1,24.51612903,100,0,1,0.873417409,1.729924402,,,,
1_03951.mp4,1,21.17647059,87.5,3,0,0.883741069,-1.924709594,,,,
1_03952.mp4,1,20.92050209,93.10344828,2,1,0.870393823,1.674693385,,,,
1_03953.mp4,1,36.60714286,90.625,3,0,0.860251964,-1.735496974,,,,
1_03954.mp4,1,17.6744186,93.33333333,2,1,0.840770837,1.483489518,,,,
1_03955.mp4,1,29.07801418,94.28571429,2,1,0.742036148,0.917453905,,,,
1_03956.mp4,1,1.115241636,98.18181818,1,1,0.899074707,1.965442387,,,,
1_03957.mp4,1,31.2195122,91.66666667,2,0,0.514780088,-0.010663007,,,,
1_03958.mp4,1,1.838235294,96.66666667,2,1,0.766267247,1.044086653,,,,
1_03959.mp4,1,23.36769759,92.5,3,1,0.793936865,1.165587466,,,,
1_03960.mp4,1,25.52204176,102.0833333,0,1,0.731654336,0.848256095,,,,
1_03961.mp4,1,27.83882784,136,3,1,0.966744814,3.05832489,,,,
1_03962.mp4,1,36.95652174,100,0,1,0.938978602,2.470282874,,,,
1_03963.mp4,1,23.04347826,94.64285714,3,1,0.974118413,3.276090576,,,,
1_03964.mp4,1,25.95419847,96.66666667,1,1,0.985571143,3.787701015,,,,
1_03965.mp4,1,30.37974684,86.11111111,5,1,0.956338359,2.776947323,,,,
1_03966.mp4,1,29.13165266,84.09090909,8,1,0.873646502,1.701398732,,,,
1_03967.mp4,1,40.19607843,82.75862069,7,1,0.943836835,2.545578482,,,,
1_03968.mp4,1,34.7107438,83.87096774,6,1,0.933558191,2.380131893,,,,
1_03969.mp4,1,37.44292237,88.88888889,6,1,0.787030722,1.127759318,,,,
1_03970.mp4,1,25.3968254,95.23809524,1,1,0.841593588,1.460065324,,,,
1_03971.mp4,1,32.15686275,93.93939394,2,1,0.966932639,3.06373892,,,,
1_03972.mp4,1,18.3908046,97.22222222,1,1,0.739943529,0.898001318,,,,
1_03973.mp4,1,31.18644068,94.87179487,2,1,0.959201959,2.855933164,,,,
1_03974.mp4,1,25.3968254,123.8095238,1,1,0.957508276,2.786450688,,,,
1_03975.mp4,1,30.25830258,96.96969697,2,1,0.944602078,2.565175161,,,,
1_03976.mp4,1,3.50877193,105.7692308,2,1,0.822361045,1.345932143,,,,
1_03977.mp4,1,17.10037175,90.625,3,1,0.589049756,0.264417661,,,,
1_03978.mp4,1,23.36769759,97.05882353,1,1,0.772972964,1.063280375,,,,
1_03979.mp4,1,26.4516129,92.10526316,3,1,0.946461658,2.579295072,,,,
1_03980.mp4,1,24.26035503,93.61702128,3,1,0.810891439,1.275490492,,,,
1_03981.mp4,1,11.3785558,91.66666667,5,1,0.575840713,0.223263725,,,,
1_03982.mp4,1,28.18791946,89.47368421,4,1,0.78119985,1.122810136,,,,
1_03983.mp4,1,21.05263158,95.12195122,2,0,0.884534924,-1.920896389,,,,
1_03984.mp4,1,30.72463768,86.66666667,6,1,0.855028986,1.568487859,,,,
1_03985.mp4,1,21.05263158,100,0,1,0.817330985,1.314620662,,,,
1_03986.mp4,1,29.72292191,94.33962264,3,1,0.997345906,5.342695099,,,,
1_03987.mp4,1,26.92307692,100,0,1,0.843044212,1.482531288,,,,
1_03988.mp4,1,13.08411215,93.33333333,2,1,0.728502433,0.843997982,,,,
1_03989.mp4,1,32.69961977,96.96969697,1,1,0.986763759,3.905920748,,,,
1_03990.mp4,1,16.53543307,88.23529412,5,0,0.662015912,-0.702549953,,,,
1_03991.mp4,1,24.92211838,90.38461538,5,1,0.647272102,0.469658602,,,,
1_03992.mp4,1,22.91666667,84.61538462,4,1,0.581031427,0.234651281,,,,
1_03993.mp4,1,27.08333333,94.44444444,2,0,0.68395554,-0.776210849,,,,
1_03994.mp4,1,30.76923077,91.66666667,5,1,0.565201445,0.174495509,,,,
1_03995.mp4,1,23.19587629,90.90909091,4,1,0.651315266,0.510379546,,,,
1_03996.mp4,1,22.22222222,96.66666667,1,0,0.60355567,-0.461157944,,,,
1_03997.mp4,1,27.5862069,94.28571429,2,1,0.718465238,0.797784666,,,,
1_03998.mp4,1,8.484848485,98.82352941,1,1,0.857053872,1.583586218,,,,
1_03999.mp4,1,0.833333333,93.82716049,5,1,0.87328287,1.728803724,,,,
1_04000.mp4,1,24.63768116,88.23529412,4,1,0.651328321,0.501070387,,,,
1_04001.mp4,1,26.54867257,90.32258065,4,0,0.513178637,-0.0160392,,,,
1_04002.mp4,1,34.14634146,80.48780488,9,1,0.845300369,1.509002066,,,,
1_04003.mp4,1,18.8976378,100,0,1,0.872660047,1.723629014,,,,
1_04004.mp4,1,43.58974359,89.65517241,3,1,0.822545638,1.347094238,,,,
1_04005.mp4,1,32.13296399,93.33333333,4,1,0.908044465,2.054396892,,,,
1_04006.mp4,1,4.007285974,98.24561404,1,1,0.853511871,1.56813058,,,,
1_04007.mp4,1,1.883239171,114.5833333,5,1,0.95880527,2.805192835,,,,
1_04008.mp4,1,1.488833747,125.7142857,3,1,0.840263238,1.48000167,,,,
1_04009.mp4,1,35.43307087,90.625,3,1,0.947898457,2.61893194,,,,
1_04010.mp4,1,27.64976959,93.33333333,2,1,0.530123761,0.045869451,,,,
1_04011.mp4,1,3.50877193,91.66666667,5,1,0.770204324,1.038767781,,,,
1_04012.mp4,1,33.33333333,100,0,0,0.810893774,-1.391735308,,,,
1_04013.mp4,1,30.3030303,102.7777778,0,1,0.547625215,0.110703335,,,,
1_04014.mp4,1,22.03389831,100,0,1,0.946066043,2.556183546,,,,
1_04015.mp4,1,22.83464567,96.66666667,1,0,0.509650277,-0.093500168,,,,
1_04016.mp4,1,35.42435424,85,7,0,0.723000975,-0.939023227,,,,
1_04017.mp4,1,28.35051546,89.58333333,5,1,0.871350887,1.679158894,,,,
1_04018.mp4,1,0.642054575,94.02985075,4,1,0.761773851,1.015139865,,,,
1_04019.mp4,1,22.22222222,94.33962264,3,1,0.735085966,0.890157514,,,,
1_04020.mp4,1,26.78571429,93.33333333,2,0,0.540442255,-0.214531418,,,,
1_04021.mp4,1,35.32934132,97.22222222,1,1,0.794035251,1.16613911,,,,
1_04022.mp4,1,3.305785124,89.28571429,13,1,0.796885921,1.182207603,,,,
1_04023.mp4,1,23.71541502,97.14285714,1,0,0.975033812,-3.426647702,,,,
1_04024.mp4,1,35.54216867,97.2972973,1,0,0.712606993,-0.89044063,,,,
1_04025.mp4,1,29.49308756,92.85714286,2,1,0.781974434,1.100506483,,,,
1_04026.mp4,1,30.76923077,97.5,1,1,0.718629731,0.798533803,,,,
1_04027.mp4,1,16.4874552,103.4482759,0,1,0.857509227,1.603941529,,,,
1_04028.mp4,1,26.91131498,95.12195122,2,1,0.931214872,2.35191793,,,,
1_04029.mp4,1,21.29032258,94.28571429,2,1,0.792274248,1.177735308,,,,
1_04030.mp4,1,22.33502538,92,2,1,0.803949666,1.222534192,,,,
1_04031.mp4,1,31.67701863,132.2580645,3,0,0.567200378,-0.302262498,,,,
1_04032.mp4,1,36.79245283,96.42857143,2,1,0.917196951,2.127329859,,,,
1_04033.mp4,1,22.88135593,94.64285714,3,1,0.85938831,1.588375723,,,,
1_04034.mp4,1,20.79510703,95.12195122,2,0,0.705806117,-0.859994292,,,,
1_04035.mp4,1,22.06896552,91.66666667,3,1,0.829505687,1.378163407,,,,
1_04036.mp4,1,20.23346304,97.43589744,1,1,0.986216841,3.848038077,,,,
1_04037.mp4,1,2.593192869,83.09859155,12,1,0.987526812,3.97747021,,,,
1_04038.mp4,1,17.73049645,92.68292683,3,1,0.725225206,0.843952225,,,,
1_04039.mp4,1,30.56300268,93.18181818,3,1,0.670810802,0.590539571,,,,
1_04040.mp4,1,39.68253968,85.29411765,5,1,0.970482466,3.17206975,,,,
1_04041.mp4,1,32.3907455,92.15686275,4,0,0.765909924,-1.152070999,,,,
1_04042.mp4,1,27.08333333,96,1,1,0.724518165,0.817695831,,,,
1_04043.mp4,1,35.71428571,90.24390244,5,1,0.96929096,3.083295349,,,,
1_04044.mp4,1,28.66894198,90.90909091,3,1,0.850324292,1.521446152,,,,
1_04045.mp4,1,25.55555556,95.12195122,2,0,0.50725185,-0.091851653,,,,
1_04046.mp4,1,3.584229391,91.04477612,7,1,0.718608491,0.807607033,,,,
1_04047.mp4,1,8.094435076,100,0,1,0.697222543,0.718005305,,,,
1_04048.mp4,1,29.18149466,94.28571429,2,1,0.706069606,0.735065379,,,,
1_04049.mp4,1,29.54545455,90.24390244,5,1,0.7648439,1.030819786,,,,
1_04050.mp4,1,21.24542125,96.77419355,1,1,0.841271364,1.456040273,,,,
1_04051.mp4,1,10.98901099,100,0,1,0.889450046,1.853947601,,,,
1_04052.mp4,1,26.55826558,95.12195122,2,0,0.651398152,-0.656737282,,,,
1_04053.mp4,1,17.29323308,90.625,4,1,0.831162373,1.412925782,,,,
1_04054.mp4,1,22.88557214,96,1,1,0.734902734,0.86571035,,,,
1_04055.mp4,1,8.646616541,98.97959184,1,1,0.789050989,1.159776266,,,,
1_04056.mp4,1,31.57894737,96.42857143,1,1,0.780314896,1.102241841,,,,
1_04057.mp4,1,27.41935484,96.96969697,1,1,0.721848794,0.828369376,,,,
1_04058.mp4,1,38.67403315,83.33333333,8,1,0.781586336,1.109082586,,,,
1_04059.mp4,1,11.83098592,91.4893617,5,1,0.691617995,0.668916012,,,,
1_04060.mp4,1,23.52941176,93.33333333,3,0,0.54751179,-0.228194511,,,,
1_04061.mp4,1,27.11864407,100,0,1,0.869196943,1.695245285,,,,
1_04062.mp4,1,1.62601626,116.6666667,2,1,0.609567155,0.354458639,,,,
1_04063.mp4,1,19.9376947,97.14285714,1,1,0.628709762,0.425192318,,,,
1_04064.mp4,1,33.55263158,91.89189189,3,1,0.832216868,1.419864475,,,,
1_04065.mp4,1,19.68503937,93.93939394,3,1,0.630794481,0.418669215,,,,
1_04066.mp4,1,29.85915493,95.65217391,2,1,0.737101809,0.876030161,,,,
1_04067.mp4,1,29.80769231,96.2962963,1,1,0.656976849,0.547894714,,,,
1_04068.mp4,1,41.7302799,90.47619048,5,1,0.876540746,1.756233808,,,,
1_04069.mp4,1,8.949416342,98.96907216,1,1,0.541957477,0.089191243,,,,
1_04070.mp4,1,30.99630996,97.14285714,1,1,0.828646736,1.373892666,,,,
1_04071.mp4,1,1.652892562,125.5813953,4,0,0.513953072,-0.103612417,,,,
1_04072.mp4,1,23.57414449,94.28571429,2,1,0.647078908,0.468957203,,,,
1_04073.mp4,1,31.69014085,92.68292683,3,0,0.716267162,-0.907004143,,,,
1_04074.mp4,1,8.962264151,98.7012987,1,1,0.807425486,1.24311284,,,,
1_04075.mp4,1,26.71480144,89.18918919,4,0,0.517003559,-0.002463875,,,,
1_04076.mp4,1,4.15704388,97.82608696,1,1,0.687909761,0.662853657,,,,
1_04077.mp4,1,24.5398773,89.74358974,4,1,0.638548101,0.447078832,,,,
1_04078.mp4,1,49.25373134,72.22222222,12,0,0.620244141,-0.515956513,,,,
1_04079.mp4,1,9.978308026,98.80952381,1,1,0.561416345,0.160588832,,,,
1_04080.mp4,1,34.18181818,96.96969697,1,0,0.622264017,-0.517710612,,,,
1_04081.mp4,1,15.6424581,96,1,1,0.732114073,0.850406947,,,,
1_04082.mp4,1,26.15803815,95.55555556,2,0,0.752140491,-1.076418863,,,,
1_04083.mp4,1,28.20512821,96.15384615,1,1,0.97750474,3.375056019,,,,
1_04084.mp4,1,30.06993007,88.57142857,4,1,0.694194974,0.69890094,,,,
1_04085.mp4,1,20.08733624,100,0,0,0.701901481,-0.845069287,,,,
1_04086.mp4,1,24.63768116,94.44444444,2,1,0.838075463,1.448459829,,,,
1_04087.mp4,1,35.88235294,82.9787234,8,1,0.887267049,1.820119663,,,,
1_04088.mp4,1,33.53293413,84,4,1,0.754495535,0.959706114,,,,
1_04089.mp4,1,38.0952381,86.66666667,4,1,0.86102836,1.630746915,,,,
1_04090.mp4,1,0.683760684,90.625,10,1,0.865857797,1.635357933,,,,
1_04091.mp4,1,25.11415525,90.16393443,6,1,0.544441306,0.098912716,,,,
1_04092.mp4,1,26.35658915,92.10526316,3,1,0.89208665,1.87887663,,,,
1_04093.mp4,1,44.53781513,74.28571429,9,1,0.654847176,0.515330431,,,,
1_04094.mp4,1,31.29770992,88.0952381,5,1,0.754275655,0.967871137,,,,
1_04095.mp4,1,24.89959839,92.10526316,3,0,0.553009466,-0.268278634,,,,
1_04096.mp4,1,16.33663366,118.1818182,4,1,0.777506871,1.087233151,,,,
1_04097.mp4,1,25.80645161,93.75,3,1,0.867273045,1.679753122,,,,
1_04098.mp4,1,40.68627451,86.79245283,8,0,0.700728351,-0.843209441,,,,
1_04099.mp4,1,3.141361257,92.75362319,5,1,0.716479916,0.788763927,,,,
1_04100.mp4,1,1.893939394,91.04477612,7,1,0.558325808,0.149237677,,,,
1_04101.mp4,1,25.44169611,92.10526316,3,1,0.803122622,1.239728173,,,,
1_04102.mp4,1,20.68965517,100,0,0,0.562122343,-0.288816225,,,,
1_04103.mp4,1,34.16666667,100,0,1,0.796703401,1.192711421,,,,
1_04104.mp4,1,2.534562212,86.17021277,15,0,0.566013012,-0.310251335,,,,
1_04105.mp4,1,27.55555556,90,3,1,0.620450206,0.388873431,,,,
1_04106.mp4,1,20.76502732,92.59259259,2,0,0.559058005,-0.280868414,,,,
1_04107.mp4,1,13.37386018,100,0,0,0.557057497,-0.276542424,,,,
1_04108.mp4,1,37.22627737,93.5483871,2,1,0.840088439,1.448004955,,,,
1_04109.mp4,1,19.51219512,97.5,1,1,0.748135585,0.937617326,,,,
1_04110.mp4,1,29.53995157,89.79591837,5,0,0.541734487,-0.226369364,,,,
1_04111.mp4,1,35.01945525,85.71428571,5,1,0.993884477,4.641427147,,,,
1_04112.mp4,1,21.4559387,111.1111111,0,1,0.653966015,0.535585742,,,,
1_04113.mp4,1,36.2369338,93.93939394,2,1,0.588794335,0.261217199,,,,
1_04114.mp4,1,30.56768559,86.20689655,4,1,0.871011893,1.692855708,,,,
1_04115.mp4,1,27.30923695,93.75,2,1,0.648381731,0.489180847,,,,
1_04116.mp4,1,18.60465116,94.87179487,2,1,0.77790677,1.078909079,,,,
1_04117.mp4,1,18.77934272,93.93939394,3,1,0.676794751,0.615616711,,,,
1_04118.mp4,1,50.54347826,90,7,1,0.880490723,1.755730303,,,,
1_04119.mp4,1,3.339517625,113.2075472,3,1,0.94179884,2.497724871,,,,
1_04120.mp4,1,4.325437693,99.42857143,1,1,0.757825939,0.98559603,,,,
1_04121.mp4,1,31.12840467,100,0,1,0.595224651,0.278675776,,,,
1_04122.mp4,1,31.80428135,97.14285714,1,0,0.621860617,-0.51606998,,,,
1_04123.mp4,1,20.6185567,93.10344828,3,1,0.823348142,1.34011134,,,,
1_04124.mp4,1,6.196213425,99.04761905,1,0,0.800840489,-1.336804212,,,,
1_04125.mp4,1,28.57142857,93.87755102,5,0,0.61560815,-0.502815773,,,,
1_04126.mp4,1,43.34975369,80.85106383,9,1,0.822737368,1.36467803,,,,
1_04127.mp4,1,25.29274005,95.91836735,2,1,0.766039135,1.036962387,,,,
1_04128.mp4,1,21.49253731,93.02325581,3,1,0.870314953,1.704337533,,,,
1_04129.mp4,1,18.30065359,92.68292683,3,1,0.758401141,0.979032656,,,,
1_04130.mp4,1,25.49800797,93.10344828,2,1,0.901040102,1.985600438,,,,
1_04131.mp4,1,31.95876289,92,2,1,0.864351188,1.656585993,,,,
1_04132.mp4,1,35.39823009,81.81818182,6,1,0.77985739,1.089230466,,,,
1_04133.mp4,1,21.80451128,93.75,2,1,0.876864753,1.724767018,,,,
1_04134.mp4,1,13.41463415,94.73684211,2,1,0.704960053,0.746186387,,,,
1_04135.mp4,1,35.93220339,94.59459459,2,0,0.5,-0.078093122,,,,
1_04136.mp4,1,27.5,89.79591837,5,1,0.983224293,3.648048684,,,,
1_04137.mp4,1,19.2926045,114.2857143,0,1,0.907573991,2.017445768,,,,
1_04138.mp4,1,35.53299492,88.46153846,3,1,0.771357871,1.054829082,,,,
1_04139.mp4,1,35.13513514,96.42857143,1,1,0.957181464,2.795742513,,,,
1_04140.mp4,1,30.43478261,93.47826087,3,0,0.682141439,-0.75708031,,,,
1_04141.mp4,1,21.35231317,87.5,5,1,0.608386959,0.344233602,,,,
1_04142.mp4,1,33.70786517,94.28571429,2,1,0.936635734,2.398841582,,,,
1_04143.mp4,1,3.689064559,99.31972789,1,1,0.914221619,2.092165466,,,,
1_04144.mp4,1,29.31034483,96.66666667,1,1,0.993341178,4.522705871,,,,
1_04145.mp4,1,25,100,0,0,0.792579883,-1.289710993,,,,
1_04146.mp4,1,20.08733624,96.875,1,1,0.955904634,2.740297304,,,,
1_04147.mp4,1,18.95734597,100,0,1,0.916445903,2.151345309,,,,
1_04148.mp4,1,26.41509434,97.61904762,1,0,0.511405769,-0.114554622,,,,
1_04149.mp4,1,32.29461756,95.23809524,2,1,0.902292128,1.992543588,,,,
1_04150.mp4,1,31.97674419,91.11111111,4,1,0.977602067,3.433841682,,,,
1_04151.mp4,1,33.46938776,85.71428571,5,1,0.836514619,1.454516813,,,,
1_04152.mp4,1,14.3187067,106.8181818,1,0,0.529314889,-0.180463028,,,,
1_04153.mp4,1,14.84716157,96.2962963,1,1,0.599108382,0.301725175,,,,
1_04154.mp4,1,24.32432432,90,4,1,0.857296297,1.596308097,,,,
1_04155.mp4,1,31.57894737,95.45454545,2,1,0.645646962,0.478186759,,,,
1_04156.mp4,1,25.64102564,91.42857143,3,1,0.990934542,4.258489786,,,,
1_04157.mp4,1,38.53820598,92.10526316,3,1,0.93765749,2.414786862,,,,
1_04158.mp4,1,29.07488987,96,1,1,0.576167228,0.224478813,,,,
1_04159.mp4,1,12.90322581,96.2962963,1,0,0.733308919,-0.986516112,,,,
1_04160.mp4,1,25.74257426,93.61702128,3,1,0.748424262,0.930068159,,,,
1_04161.mp4,1,4.494382022,89.55223881,7,1,0.873253418,1.698140294,,,,
1_04162.mp4,1,22.83737024,87.5,5,1,0.583261837,0.256716471,,,,
1_04163.mp4,1,30.50847458,91.66666667,3,1,0.684508534,0.642230857,,,,
1_04164.mp4,1,16.03053435,97.43589744,1,0,0.679699702,-0.763458434,,,,
1_04165.mp4,1,21.19205298,90.47619048,4,1,0.971408788,3.150510124,,,,
1_04166.mp4,1,2.666666667,114.5454545,3,1,0.91982603,2.180666342,,,,
1_04167.mp4,1,18.01801802,96.66666667,1,1,0.936998511,2.432665323,,,,
1_04168.mp4,1,1.899592944,93.40659341,6,1,0.924344486,2.216778518,,,,
1_04169.mp4,1,28.66666667,92.30769231,3,1,0.943719864,2.505794358,,,,
1_04170.mp4,1,27.19033233,97.61904762,1,1,0.874812108,1.724345222,,,,
1_04171.mp4,1,30.03952569,96.55172414,1,1,0.879946868,1.785589118,,,,
1_04172.mp4,1,4.511278195,98.30508475,1,1,0.803865121,1.244063211,,,,
1_04173.mp4,1,37.81094527,90.19607843,5,1,0.854970214,1.584943284,,,,
1_04174.mp4,1,28.26086957,95.65217391,1,1,0.778629754,1.081998268,,,,
1_04175.mp4,1,26.58227848,91.66666667,3,1,0.734633504,0.864450671,,,,
1_04176.mp4,1,22.86995516,90.38461538,5,1,0.866086329,1.637149504,,,,
1_04177.mp4,1,41.50943396,85.10638298,9,0,0.757481192,-1.102735767,,,,
1_04178.mp4,1,25.97402597,100,0,0,0.607745993,-0.46639862,,,,
1_04179.mp4,1,42.38095238,81.81818182,12,1,0.819246946,1.314503478,,,,
1_04180.mp4,1,4.71281296,99.16666667,1,1,0.680292048,0.630384969,,,,
1_04181.mp4,1,29.72292191,95.45454545,3,1,0.907467929,2.021921046,,,,
1_04182.mp4,1,25.6,94.11764706,2,0,0.778480279,-1.212422072,,,,
1_04183.mp4,1,21.72284644,88.88888889,4,1,0.612491332,0.365292274,,,,
1_04184.mp4,1,31.57894737,94.44444444,2,1,0.570640637,0.196069331,,,,
1_04185.mp4,1,18.75,86,8,1,0.863695416,1.651444583,,,,
1_04186.mp4,1,24.06417112,100,2,0,0.737244707,-1.004955949,,,,
1_04187.mp4,1,32.57918552,96.66666667,1,0,0.763441113,-1.133768406,,,,
1_04188.mp4,1,30.99415205,97.43589744,1,1,0.619968649,0.387094743,,,,
1_04189.mp4,1,4.519774011,110.9090909,7,1,0.834189634,1.438945171,,,,
1_04190.mp4,1,36.48648649,93.75,2,1,0.935029953,2.374260943,,,,
1_04191.mp4,1,8.385744235,97.77777778,2,0,0.524065122,-0.161116706,,,,
1_04192.mp4,1,5.143721634,96.25,9,1,0.999991766,5.853445614,,,,
1_04193.mp4,1,44.2687747,83.33333333,6,1,0.646205766,0.489726156,,,,
1_04194.mp4,1,23.91304348,85.71428571,4,1,0.96915877,3.09211479,,,,
1_04195.mp4,1,35.85657371,93.93939394,2,1,0.726032008,0.824623903,,,,
1_04196.mp4,1,0.823045267,94.33962264,3,1,0.798211313,1.21733132,,,,
1_04197.mp4,1,27.84810127,95,2,1,0.731232907,0.848609332,,,,
1_04198.mp4,1,17.34693878,96.66666667,1,1,0.731670053,0.850638598,,,,
1_04199.mp4,1,32.31707317,94.73684211,4,1,0.921934012,2.185775907,,,,
1_04200.mp4,1,23.16602317,91.89189189,3,0,0.638465129,-0.5900953,,,,
1_04201.mp4,1,3.409090909,89.04109589,8,1,0.903487356,1.979229861,,,,
1_04202.mp4,1,31.37254902,90.24390244,4,1,0.761329347,1.018826975,,,,
1_04203.mp4,1,35.79766537,91.17647059,3,1,0.94289191,2.535394227,,,,
1_04204.mp4,1,29.62962963,91.80327869,5,1,0.868528392,1.656457943,,,,
1_04205.mp4,1,17.36334405,94.59459459,2,1,0.918375909,2.162694732,,,,
